relation,relation_label,frequency,count,pct_within_relation,pct_within_class,lift
P54,member of sports team,A-Day,0,0.0,0.0,0.0
P54,member of sports team,A-Few-Days,0,0.0,0.0,0.0
P54,member of sports team,A-Week,0,0.0,0.0,0.0
P54,member of sports team,A-Few-Weeks,0,0.0,0.0,0.0
P54,member of sports team,A-Month,1,0.0015255530129672007,0.06397952655150352,0.0014791617559573918
P54,member of sports team,A-Few-Months,267,0.40732265446224253,6.190586598655228,0.14312201788961157
P54,member of sports team,A-Year,28730,43.82913806254767,84.20281359906213,1.9467099607165628
P54,member of sports team,A-Few-Years,36479,55.65064836003051,45.66096306217221,1.0556494232163252
P54,member of sports team,Many-Years,73,0.11136536994660565,0.2481473927527364,0.005736993581922036
P39,position held,A-Day,0,0.0,0.0,0.0
P39,position held,A-Few-Days,0,0.0,0.0,0.0
P39,position held,A-Week,0,0.0,0.0,0.0
P39,position held,A-Few-Weeks,2,0.007027159973296792,0.17301038062283738,0.009212327097519108
P39,position held,A-Month,4,0.014054319946593584,0.2559181062060141,0.013626935540284183
P39,position held,A-Few-Months,449,1.5775974140051299,10.410387201483886,0.5543244964067595
P39,position held,A-Year,1756,6.169846456554583,5.1465416178194605,0.27403919136913174
P39,position held,A-Few-Years,23458,82.42155932679808,29.362506414990424,1.5634727380178328
P39,position held,Many-Years,2792,9.809915322722322,9.490787952953973,0.5053583647469576
P17,country,A-Day,2,0.016459550654267137,10.0,1.247197761501111
P17,country,A-Few-Days,1,0.008229775327133568,0.2008032128514056,0.02504413175705042
P17,country,A-Week,0,0.0,0.0,0.0
P17,country,A-Few-Weeks,0,0.0,0.0,0.0
P17,country,A-Month,8,0.06583820261706855,0.5118362124120281,0.06383609783754887
P17,country,A-Few-Months,49,0.4032589910295449,1.1361001623000233,0.1416941579261638
P17,country,A-Year,109,0.8970455106575591,0.3194607268464244,0.03984307034103784
P17,country,A-Few-Years,1136,9.349024771623734,1.4219373896934573,0.1773437129420413
P17,country,Many-Years,10846,89.26014319809069,36.868583860221634,4.598241526018441
P2632,place of detention,A-Day,17,0.292146416910122,85.0,22.13695652173913
P2632,place of detention,A-Few-Days,473,8.128544423440454,94.97991967871486,24.73607473371748
P2632,place of detention,A-Week,531,9.125279257604399,93.48591549295774,24.346984078383343
P2632,place of detention,A-Few-Weeks,1117,19.19573809932978,96.62629757785467,25.164848803971715
P2632,place of detention,A-Month,1276,21.928166351606805,81.6378758797185,21.261342457370162
P2632,place of detention,A-Few-Months,2049,35.21223577934353,47.507535358219336,12.372614643292774
P2632,place of detention,A-Year,309,5.310190754425159,0.9056271981242673,0.2358568224680157
P2632,place of detention,A-Few-Years,42,0.7217735006014779,0.05257162884430036,0.013691480729450398
P2632,place of detention,Many-Years,5,0.08592541673827118,0.016996396763886056,0.004426452896333804
P6,head of government,A-Day,0,0.0,0.0,0.0
P6,head of government,A-Few-Days,1,0.042643923240938165,0.2008032128514056,0.12977025372278025
P6,head of government,A-Week,1,0.042643923240938165,0.17605633802816903,0.1137774407639869
P6,head of government,A-Few-Weeks,0,0.0,0.0,0.0
P6,head of government,A-Month,1,0.042643923240938165,0.06397952655150352,0.0413471441803868
P6,head of government,A-Few-Months,18,0.767590618336887,0.41734291676327384,0.2697103070649205
P6,head of government,A-Year,45,1.9189765458422177,0.13188745603751464,0.0852330417915447
P6,head of government,A-Few-Years,1587,67.67590618336887,1.9864565470453492,1.2837591911943775
P6,head of government,Many-Years,692,29.50959488272921,2.3523013121218304,1.5201885157702644
P27,country of citizenship,A-Day,0,0.0,0.0,0.0
P27,country of citizenship,A-Few-Days,0,0.0,0.0,0.0
P27,country of citizenship,A-Week,0,0.0,0.0,0.0
P27,country of citizenship,A-Few-Weeks,0,0.0,0.0,0.0
P27,country of citizenship,A-Month,0,0.0,0.0,0.0
P27,country of citizenship,A-Few-Months,6,0.26155187445510025,0.13911430558775792,0.09190216071886641
P27,country of citizenship,A-Year,12,0.5231037489102005,0.035169988276670575,0.023234116012923255
P27,country of citizenship,A-Few-Years,752,32.781168265039234,0.9412824974027113,0.6218332111329061
P27,country of citizenship,Many-Years,1524,66.43417611159546,5.18050173363247,3.4223604892188315
P102,member of political party,A-Day,0,0.0,0.0,0.0
P102,member of political party,A-Few-Days,0,0.0,0.0,0.0
P102,member of political party,A-Week,0,0.0,0.0,0.0
P102,member of political party,A-Few-Weeks,0,0.0,0.0,0.0
P102,member of political party,A-Month,0,0.0,0.0,0.0
P102,member of political party,A-Few-Months,15,0.657030223390276,0.34778576396939487,0.2308624142455974
P102,member of political party,A-Year,70,3.0661410424879545,0.20515826494724504,0.13618536827840624
P102,member of political party,A-Few-Years,1551,67.93692509855454,1.9413951508930918,1.288710516567654
P102,member of political party,Many-Years,647,28.339903635567236,2.1993337412468557,1.459931802386059
P937,work location,A-Day,0,0.0,0.0,0.0
P937,work location,A-Few-Days,0,0.0,0.0,0.0
P937,work location,A-Week,0,0.0,0.0,0.0
P937,work location,A-Few-Weeks,0,0.0,0.0,0.0
P937,work location,A-Month,0,0.0,0.0,0.0
P937,work location,A-Few-Months,9,0.4149377593360996,0.20867145838163692,0.14579775704638973
P937,work location,A-Year,119,5.486399262332872,0.34876905041031653,0.24368327931089093
P937,work location,A-Few-Years,1454,67.03550023052097,1.8199797223717316,1.2716111894249367
P937,work location,Many-Years,587,27.06316274781005,1.995376980080223,1.3941604204712659
P488,chairperson,A-Day,0,0.0,0.0,0.0
P488,chairperson,A-Few-Days,0,0.0,0.0,0.0
P488,chairperson,A-Week,0,0.0,0.0,0.0
P488,chairperson,A-Few-Weeks,0,0.0,0.0,0.0
P488,chairperson,A-Month,0,0.0,0.0,0.0
P488,chairperson,A-Few-Months,45,2.1802325581395348,1.0433572919081846,0.7660739705271785
P488,chairperson,A-Year,163,7.897286821705427,0.47772567409144195,0.3507649841644174
P488,chairperson,A-Few-Years,1404,68.02325581395348,1.7573944499380407,1.2903481429494197
P488,chairperson,Many-Years,452,21.899224806201552,1.5364742674552994,1.128139853730854
P127,owned by,A-Day,0,0.0,0.0,0.0
P127,owned by,A-Few-Days,0,0.0,0.0,0.0
P127,owned by,A-Week,0,0.0,0.0,0.0
P127,owned by,A-Few-Weeks,0,0.0,0.0,0.0
P127,owned by,A-Month,0,0.0,0.0,0.0
P127,owned by,A-Few-Months,3,0.14903129657228018,0.06955715279387896,0.05236551333558855
P127,owned by,A-Year,18,0.8941877794336811,0.05275498241500586,0.039716141679318896
P127,owned by,A-Few-Years,440,21.85792349726776,0.5507503974164799,0.41462777186922645
P127,owned by,Many-Years,1552,77.09885742672627,5.275681555510232,3.971752174331391
P137,operator,A-Day,0,0.0,0.0,0.0
P137,operator,A-Few-Days,0,0.0,0.0,0.0
P137,operator,A-Week,0,0.0,0.0,0.0
P137,operator,A-Few-Weeks,0,0.0,0.0,0.0
P137,operator,A-Month,0,0.0,0.0,0.0
P137,operator,A-Few-Months,3,0.19317450096587252,0.06955715279387896,0.06787622559210546
P137,operator,A-Year,18,1.159047005795235,0.05275498241500586,0.051480098648080445
P137,operator,A-Few-Years,580,37.34707018673535,0.7259891602308144,0.7084448117546635
P137,operator,Many-Years,952,61.30070830650354,3.2361139438439053,3.1579095933529446
P1308,position holder,A-Day,0,0.0,0.0,0.0
P1308,position holder,A-Few-Days,0,0.0,0.0,0.0
P1308,position holder,A-Week,0,0.0,0.0,0.0
P1308,position holder,A-Few-Weeks,0,0.0,0.0,0.0
P1308,position holder,A-Month,4,0.2795248078266946,0.2559181062060141,0.2710246068567632
P1308,position holder,A-Few-Months,63,4.40251572327044,1.4607002086714584,1.5469233719324493
P1308,position holder,A-Year,149,10.412299091544375,0.43669402110199296,0.4624714801952741
P1308,position holder,A-Few-Years,959,67.01607267645004,1.2003855252781916,1.2712426638667653
P1308,position holder,Many-Years,256,17.889587700908454,0.8702155143109661,0.9215831624548146
P286,head coach,A-Day,0,0.0,0.0,0.0
P286,head coach,A-Few-Days,0,0.0,0.0,0.0
P286,head coach,A-Week,0,0.0,0.0,0.0
P286,head coach,A-Few-Weeks,0,0.0,0.0,0.0
P286,head coach,A-Month,1,0.07434944237918216,0.06397952655150352,0.07208851531822084
P286,head coach,A-Few-Months,275,20.44609665427509,6.376072339438905,7.184198028438273
P286,head coach,A-Year,455,33.82899628252788,1.3335287221570926,1.5025448123177763
P286,head coach,A-Few-Years,582,43.27137546468401,0.7284925711281621,0.8208242652547181
P286,head coach,Many-Years,32,2.379182156133829,0.10877693928887076,0.1225637086870669
P31,instance of,A-Day,0,0.0,0.0,0.0
P31,instance of,A-Few-Days,0,0.0,0.0,0.0
P31,instance of,A-Week,0,0.0,0.0,0.0
P31,instance of,A-Few-Weeks,0,0.0,0.0,0.0
P31,instance of,A-Month,1,0.07751937984496124,0.06397952655150352,0.07516205666899771
P31,instance of,A-Few-Months,10,0.7751937984496124,0.2318571759795966,0.2723818561874412
P31,instance of,A-Year,52,4.0310077519379846,0.15240328253223917,0.17904077719312594
P31,instance of,A-Few-Years,344,26.666666666666668,0.4305866743437934,0.5058458816804563
P31,instance of,Many-Years,883,68.44961240310077,3.0015636685022775,3.526185808298563
P26,spouse,A-Day,0,0.0,0.0,0.0
P26,spouse,A-Few-Days,0,0.0,0.0,0.0
P26,spouse,A-Week,0,0.0,0.0,0.0
P26,spouse,A-Few-Weeks,0,0.0,0.0,0.0
P26,spouse,A-Month,0,0.0,0.0,0.0
P26,spouse,A-Few-Months,0,0.0,0.0,0.0
P26,spouse,A-Year,1,0.08103727714748785,0.0029308323563892145,0.003599342391521202
P26,spouse,A-Few-Years,546,44.246353322528364,0.6834311749759047,0.8393188352842255
P26,spouse,Many-Years,687,55.67260940032415,2.335304915357944,2.867977747226502
P6087,coach of sports team,A-Day,0,0.0,0.0,0.0
P6087,coach of sports team,A-Few-Days,0,0.0,0.0,0.0
P6087,coach of sports team,A-Week,0,0.0,0.0,0.0
P6087,coach of sports team,A-Few-Weeks,0,0.0,0.0,0.0
P6087,coach of sports team,A-Month,0,0.0,0.0,0.0
P6087,coach of sports team,A-Few-Months,48,3.937653814602133,1.1129144447020634,1.383583637007905
P6087,coach of sports team,A-Year,294,24.118129614438065,0.861664712778429,1.071228074056051
P6087,coach of sports team,A-Few-Years,844,69.23707957342083,1.0564393986807026,1.3133734335673866
P6087,coach of sports team,Many-Years,33,2.7071369975389663,0.11217621864164798,0.13945832162826763
P281,postal code,A-Day,0,0.0,0.0,0.0
P281,postal code,A-Few-Days,0,0.0,0.0,0.0
P281,postal code,A-Week,0,0.0,0.0,0.0
P281,postal code,A-Few-Weeks,0,0.0,0.0,0.0
P281,postal code,A-Month,0,0.0,0.0,0.0
P281,postal code,A-Few-Months,0,0.0,0.0,0.0
P281,postal code,A-Year,0,0.0,0.0,0.0
P281,postal code,A-Few-Years,1,0.08620689655172414,0.001251705448673818,0.0016352776347428543
P281,postal code,Many-Years,1159,99.91379310344828,3.939764769868788,5.147064927407803
P551,residence,A-Day,0,0.0,0.0,0.0
P551,residence,A-Few-Days,0,0.0,0.0,0.0
P551,residence,A-Week,0,0.0,0.0,0.0
P551,residence,A-Few-Weeks,1,0.09025270758122744,0.08650519031141869,0.11831770826827229
P551,residence,A-Month,0,0.0,0.0,0.0
P551,residence,A-Few-Months,5,0.45126353790613716,0.1159285879897983,0.15856164010911517
P551,residence,A-Year,38,3.429602888086643,0.11137162954279016,0.15232884785488465
P551,residence,A-Few-Years,608,54.87364620938629,0.7610369127936814,1.0409102980428162
P551,residence,Many-Years,456,41.15523465703971,1.5500713848664083,2.120114333595213
P1037,director / manager,A-Day,0,0.0,0.0,0.0
P1037,director / manager,A-Few-Days,0,0.0,0.0,0.0
P1037,director / manager,A-Week,0,0.0,0.0,0.0
P1037,director / manager,A-Few-Weeks,0,0.0,0.0,0.0
P1037,director / manager,A-Month,1,0.10362694300518134,0.06397952655150352,0.10047570269741661
P1037,director / manager,A-Few-Months,11,1.1398963730569949,0.2550428935775562,0.4005283460414291
P1037,director / manager,A-Year,28,2.901554404145078,0.08206330597889801,0.12887510705890215
P1037,director / manager,A-Few-Years,529,54.818652849740936,0.6621521823484497,1.0398671168742022
P1037,director / manager,Many-Years,396,41.03626943005182,1.3461146236997756,2.11398583293088
P118,league or competition,A-Day,0,0.0,0.0,0.0
P118,league or competition,A-Few-Days,0,0.0,0.0,0.0
P118,league or competition,A-Week,0,0.0,0.0,0.0
P118,league or competition,A-Few-Weeks,0,0.0,0.0,0.0
P118,league or competition,A-Month,0,0.0,0.0,0.0
P118,league or competition,A-Few-Months,0,0.0,0.0,0.0
P118,league or competition,A-Year,190,23.929471032745592,0.5568581477139508,1.0628486361663236
P118,league or competition,A-Few-Years,518,65.23929471032746,0.6483834224130377,1.237538570735877
P118,league or competition,Many-Years,86,10.831234256926953,0.29233802433884015,0.5579716697037559
P276,location,A-Day,0,0.0,0.0,0.0
P276,location,A-Few-Days,1,0.14619883040935672,0.2008032128514056,0.44489948096479487
P276,location,A-Week,7,1.023391812865497,1.232394366197183,2.7304922370480194
P276,location,A-Few-Weeks,5,0.7309941520467835,0.43252595155709345,0.9583042453307432
P276,location,A-Month,17,2.4853801169590644,1.0876519513755598,2.4098010274139177
P276,location,A-Few-Months,159,23.24561403508772,3.686529098075585,8.167871713831298
P276,location,A-Year,21,3.070175438596491,0.0615474794841735,0.13636455955245677
P276,location,A-Few-Years,122,17.83625730994152,0.1527080647382058,0.33833989893100697
P276,location,Many-Years,352,51.461988304093566,1.1965463321775784,2.6510673538379455
P361,part of,A-Day,0,0.0,0.0,0.0
P361,part of,A-Few-Days,0,0.0,0.0,0.0
P361,part of,A-Week,0,0.0,0.0,0.0
P361,part of,A-Few-Weeks,0,0.0,0.0,0.0
P361,part of,A-Month,1,0.1610305958132045,0.06397952655150352,0.15613374090661358
P361,part of,A-Few-Months,147,23.67149758454106,3.4083004869000697,8.317515521549836
P361,part of,A-Year,39,6.280193236714976,0.11430246189917936,0.2789403412791455
P361,part of,A-Few-Years,121,19.484702093397747,0.151456359289532,0.369609611614343
P361,part of,Many-Years,313,50.40257648953301,1.0639744374192672,2.5964916919094634
P1410,number of seats in assembly,A-Day,0,0.0,0.0,0.0
P1410,number of seats in assembly,A-Few-Days,1,0.18148820326678766,0.2008032128514056,0.5522890108528488
P1410,number of seats in assembly,A-Week,7,1.2704174228675136,1.232394366197183,3.3895765701285754
P1410,number of seats in assembly,A-Few-Weeks,5,0.9074410163339384,0.43252595155709345,1.1896190631691983
P1410,number of seats in assembly,A-Month,28,5.081669691470054,1.7914267434420987,4.9271388146718635
P1410,number of seats in assembly,A-Few-Months,156,28.31215970961887,3.6169719452817066,9.948117012551847
P1410,number of seats in assembly,A-Year,115,20.87114337568058,0.33704572098475966,0.9270103063171937
P1410,number of seats in assembly,A-Few-Years,165,29.945553539019965,0.20653139903117995,0.5680438099633073
P1410,number of seats in assembly,Many-Years,74,13.430127041742287,0.2515466721055136,0.6918537843479905
P106,occupation,A-Day,0,0.0,0.0,0.0
P106,occupation,A-Few-Days,0,0.0,0.0,0.0
P106,occupation,A-Week,0,0.0,0.0,0.0
P106,occupation,A-Few-Weeks,0,0.0,0.0,0.0
P106,occupation,A-Month,0,0.0,0.0,0.0
P106,occupation,A-Few-Months,3,0.641025641025641,0.06955715279387896,0.22523884261653795
P106,occupation,A-Year,18,3.8461538461538463,0.05275498241500586,0.17083032735142933
P106,occupation,A-Few-Years,303,64.74358974358975,0.37926675094816686,1.2281354338876465
P106,occupation,Many-Years,144,30.76923076923077,0.48949622679991844,1.5850787325394708
P4791,commanded by,A-Day,0,0.0,0.0,0.0
P4791,commanded by,A-Few-Days,1,0.21551724137931033,0.2008032128514056,0.6558432003877579
P4791,commanded by,A-Week,1,0.21551724137931033,0.17605633802816903,0.5750174538610977
P4791,commanded by,A-Few-Weeks,0,0.0,0.0,0.0
P4791,commanded by,A-Month,6,1.293103448275862,0.3838771593090211,1.253780859090608
P4791,commanded by,A-Few-Months,51,10.991379310344827,1.1824715974959426,3.862069465209431
P4791,commanded by,A-Year,59,12.71551724137931,0.17291910902696364,0.5647709529247685
P4791,commanded by,A-Few-Years,325,70.04310344827587,0.40680427081899084,1.3286630782285693
P4791,commanded by,Many-Years,21,4.525862068965517,0.07138486640832144,0.2331500506375407
P138,named after,A-Day,0,0.0,0.0,0.0
P138,named after,A-Few-Days,0,0.0,0.0,0.0
P138,named after,A-Week,0,0.0,0.0,0.0
P138,named after,A-Few-Weeks,0,0.0,0.0,0.0
P138,named after,A-Month,0,0.0,0.0,0.0
P138,named after,A-Few-Months,0,0.0,0.0,0.0
P138,named after,A-Year,0,0.0,0.0,0.0
P138,named after,A-Few-Years,77,19.106699751861044,0.096381319547884,0.36243920182439643
P138,named after,Many-Years,326,80.89330024813896,1.1081650690053708,4.167223119418286
P531,diplomatic mission sent,A-Day,0,0.0,0.0,0.0
P531,diplomatic mission sent,A-Few-Days,0,0.0,0.0,0.0
P531,diplomatic mission sent,A-Week,0,0.0,0.0,0.0
P531,diplomatic mission sent,A-Few-Weeks,0,0.0,0.0,0.0
P531,diplomatic mission sent,A-Month,0,0.0,0.0,0.0
P531,diplomatic mission sent,A-Few-Months,0,0.0,0.0,0.0
P531,diplomatic mission sent,A-Year,4,0.997506234413965,0.011723329425556858,0.04430512230560761
P531,diplomatic mission sent,A-Few-Years,340,84.78802992518703,0.42557985254909814,1.608362840754568
P531,diplomatic mission sent,Many-Years,57,14.214463840399002,0.19375892310830103,0.7322589406557032
P159,headquarters location,A-Day,0,0.0,0.0,0.0
P159,headquarters location,A-Few-Days,0,0.0,0.0,0.0
P159,headquarters location,A-Week,0,0.0,0.0,0.0
P159,headquarters location,A-Few-Weeks,0,0.0,0.0,0.0
P159,headquarters location,A-Month,2,0.546448087431694,0.12795905310300704,0.5298308912732625
P159,headquarters location,A-Few-Months,13,3.551912568306011,0.3014143287734755,1.248044734498194
P159,headquarters location,A-Year,18,4.918032786885246,0.05275498241500586,0.2184387792362539
P159,headquarters location,A-Few-Years,150,40.98360655737705,0.1877558173010727,0.7774270722547996
P159,headquarters location,Many-Years,183,50.0,0.6220681215582297,2.57575294037664
P195,collection,A-Day,0,0.0,0.0,0.0
P195,collection,A-Few-Days,0,0.0,0.0,0.0
P195,collection,A-Week,0,0.0,0.0,0.0
P195,collection,A-Few-Weeks,0,0.0,0.0,0.0
P195,collection,A-Month,0,0.0,0.0,0.0
P195,collection,A-Few-Months,1,0.27548209366391185,0.023185717597959656,0.09679685798396673
P195,collection,A-Year,1,0.27548209366391185,0.0029308323563892145,0.012235781022416427
P195,collection,A-Few-Years,61,16.804407713498623,0.0763540323691029,0.31876651634822145
P195,collection,Many-Years,300,82.64462809917356,1.0197838058331634,4.257442876655603
P463,member of,A-Day,0,0.0,0.0,0.0
P463,member of,A-Few-Days,0,0.0,0.0,0.0
P463,member of,A-Week,0,0.0,0.0,0.0
P463,member of,A-Few-Weeks,0,0.0,0.0,0.0
P463,member of,A-Month,0,0.0,0.0,0.0
P463,member of,A-Few-Months,7,1.9390581717451523,0.1623000231857176,0.6813319006572284
P463,member of,A-Year,37,10.249307479224377,0.10844079718640093,0.4552320634683519
P463,member of,A-Few-Years,224,62.04986149584487,0.28038202050293526,1.1770375086193443
P463,member of,Many-Years,93,25.761772853185594,0.31613297980828065,1.327119243518158
P410,"military, police or special rank",A-Day,0,0.0,0.0,0.0
P410,"military, police or special rank",A-Few-Days,0,0.0,0.0,0.0
P410,"military, police or special rank",A-Week,0,0.0,0.0,0.0
P410,"military, police or special rank",A-Few-Weeks,1,0.2949852507374631,0.08650519031141869,0.38671392554939726
P410,"military, police or special rank",A-Month,0,0.0,0.0,0.0
P410,"military, police or special rank",A-Few-Months,34,10.029498525073747,0.7883143983306284,3.5240909181065407
P410,"military, police or special rank",A-Year,47,13.864306784660767,0.13774912075029308,0.6157954572963029
P410,"military, police or special rank",A-Few-Years,241,71.09144542772862,0.3016610131303902,1.3485493084622784
P410,"military, police or special rank",Many-Years,16,4.71976401179941,0.05438846964443538,0.24313892062552356
P3872,patronage,A-Day,0,0.0,0.0,0.0
P3872,patronage,A-Few-Days,0,0.0,0.0,0.0
P3872,patronage,A-Week,0,0.0,0.0,0.0
P3872,patronage,A-Few-Weeks,0,0.0,0.0,0.0
P3872,patronage,A-Month,0,0.0,0.0,0.0
P3872,patronage,A-Few-Months,3,0.9316770186335404,0.06955715279387896,0.32736577125633465
P3872,patronage,A-Year,319,99.06832298136646,0.9349355216881594,4.40020725171663
P3872,patronage,A-Few-Years,0,0.0,0.0,0.0
P3872,patronage,Many-Years,0,0.0,0.0,0.0
P169,chief executive officer,A-Day,0,0.0,0.0,0.0
P169,chief executive officer,A-Few-Days,0,0.0,0.0,0.0
P169,chief executive officer,A-Week,0,0.0,0.0,0.0
P169,chief executive officer,A-Few-Weeks,0,0.0,0.0,0.0
P169,chief executive officer,A-Month,0,0.0,0.0,0.0
P169,chief executive officer,A-Few-Months,1,0.3389830508474576,0.023185717597959656,0.11910935406162686
P169,chief executive officer,A-Year,10,3.389830508474576,0.029308323563892142,0.15056232241142925
P169,chief executive officer,A-Few-Years,221,74.91525423728814,0.27662690415691377,1.421083981161621
P169,chief executive officer,Many-Years,63,21.35593220338983,0.2141545992249643,1.1001521033473107
P749,parent organization or unit,A-Day,0,0.0,0.0,0.0
P749,parent organization or unit,A-Few-Days,0,0.0,0.0,0.0
P749,parent organization or unit,A-Week,0,0.0,0.0,0.0
P749,parent organization or unit,A-Few-Weeks,0,0.0,0.0,0.0
P749,parent organization or unit,A-Month,0,0.0,0.0,0.0
P749,parent organization or unit,A-Few-Months,2,0.6825938566552902,0.04637143519591931,0.23984477439030663
P749,parent organization or unit,A-Year,3,1.023890784982935,0.008792497069167644,0.04547701547239416
P749,parent organization or unit,A-Few-Years,143,48.80546075085324,0.17899387916035597,0.9258015496626099
P749,parent organization or unit,Many-Years,145,49.48805460750853,0.4928955061526956,2.549380043376197
P279,subclass of,A-Day,0,0.0,0.0,0.0
P279,subclass of,A-Few-Days,0,0.0,0.0,0.0
P279,subclass of,A-Week,0,0.0,0.0,0.0
P279,subclass of,A-Few-Weeks,0,0.0,0.0,0.0
P279,subclass of,A-Month,0,0.0,0.0,0.0
P279,subclass of,A-Few-Months,0,0.0,0.0,0.0
P279,subclass of,A-Year,37,13.909774436090224,0.10844079718640093,0.6178149432784775
P279,subclass of,A-Few-Years,189,71.05263157894737,0.23657232979935164,1.3478130400038475
P279,subclass of,Many-Years,40,15.037593984962406,0.13597117411108844,0.7746625384591399
P608,exhibition history,A-Day,0,0.0,0.0,0.0
P608,exhibition history,A-Few-Days,0,0.0,0.0,0.0
P608,exhibition history,A-Week,0,0.0,0.0,0.0
P608,exhibition history,A-Few-Weeks,0,0.0,0.0,0.0
P608,exhibition history,A-Month,0,0.0,0.0,0.0
P608,exhibition history,A-Few-Months,21,8.076923076923077,0.48690006955715276,2.8380094169683785
P608,exhibition history,A-Year,41,15.769230769230768,0.1201641266119578,0.7004043421408603
P608,exhibition history,A-Few-Years,136,52.307692307692314,0.17023194101963926,0.9922361525270489
P608,exhibition history,Many-Years,62,23.846153846153847,0.2107553198721871,1.22843601771809
P1352,ranking,A-Day,0,0.0,0.0,0.0
P1352,ranking,A-Few-Days,0,0.0,0.0,0.0
P1352,ranking,A-Week,0,0.0,0.0,0.0
P1352,ranking,A-Few-Weeks,0,0.0,0.0,0.0
P1352,ranking,A-Month,184,80.34934497816593,11.772232885476647,77.90596406529824
P1352,ranking,A-Few-Months,43,18.777292576419214,0.9969858567122653,6.597826009920247
P1352,ranking,A-Year,0,0.0,0.0,0.0
P1352,ranking,A-Few-Years,1,0.43668122270742354,0.001251705448673818,0.008283502429265115
P1352,ranking,Many-Years,1,0.43668122270742354,0.0033992793527772114,0.022495658867918253
P8047,country of registry,A-Day,0,0.0,0.0,0.0
P8047,country of registry,A-Few-Days,0,0.0,0.0,0.0
P8047,country of registry,A-Week,0,0.0,0.0,0.0
P8047,country of registry,A-Few-Weeks,0,0.0,0.0,0.0
P8047,country of registry,A-Month,0,0.0,0.0,0.0
P8047,country of registry,A-Few-Months,3,1.4354066985645932,0.06955715279387896,0.504362575811195
P8047,country of registry,A-Year,11,5.263157894736842,0.032239155920281364,0.23376781637564018
P8047,country of registry,A-Few-Years,122,58.3732057416268,0.1527080647382058,1.1072942146832954
P8047,country of registry,Many-Years,73,34.92822966507177,0.2481473927527364,1.799329805239184
P1998,UCI code of cycling team,A-Day,0,0.0,0.0,0.0
P1998,UCI code of cycling team,A-Few-Days,0,0.0,0.0,0.0
P1998,UCI code of cycling team,A-Week,0,0.0,0.0,0.0
P1998,UCI code of cycling team,A-Few-Weeks,0,0.0,0.0,0.0
P1998,UCI code of cycling team,A-Month,0,0.0,0.0,0.0
P1998,UCI code of cycling team,A-Few-Months,0,0.0,0.0,0.0
P1998,UCI code of cycling team,A-Year,78,37.5,0.22860492379835873,1.665595691676436
P1998,UCI code of cycling team,A-Few-Years,129,62.019230769230774,0.16147000287892252,1.1764564676101958
P1998,UCI code of cycling team,Many-Years,1,0.4807692307692308,0.0033992793527772114,0.024766855195929235
P36,capital,A-Day,0,0.0,0.0,0.0
P36,capital,A-Few-Days,0,0.0,0.0,0.0
P36,capital,A-Week,0,0.0,0.0,0.0
P36,capital,A-Few-Weeks,0,0.0,0.0,0.0
P36,capital,A-Month,0,0.0,0.0,0.0
P36,capital,A-Few-Months,3,1.477832512315271,0.06955715279387896,0.5192698440617722
P36,capital,A-Year,12,5.911330049261084,0.035169988276670575,0.26255695632337905
P36,capital,A-Few-Years,38,18.7192118226601,0.047564807049605085,0.3550888578298769
P36,capital,Many-Years,150,73.89162561576354,0.5098919029165817,3.8065314389802563
P1376,capital of,A-Day,0,0.0,0.0,0.0
P1376,capital of,A-Few-Days,0,0.0,0.0,0.0
P1376,capital of,A-Week,0,0.0,0.0,0.0
P1376,capital of,A-Few-Weeks,0,0.0,0.0,0.0
P1376,capital of,A-Month,0,0.0,0.0,0.0
P1376,capital of,A-Few-Months,0,0.0,0.0,0.0
P1376,capital of,A-Year,0,0.0,0.0,0.0
P1376,capital of,A-Few-Years,21,10.65989847715736,0.02628581442215018,0.2022099653925682
P1376,capital of,Many-Years,176,89.34010152284264,0.5982731660887892,4.6023605838201895
P366,has use,A-Day,0,0.0,0.0,0.0
P366,has use,A-Few-Days,0,0.0,0.0,0.0
P366,has use,A-Week,0,0.0,0.0,0.0
P366,has use,A-Few-Weeks,0,0.0,0.0,0.0
P366,has use,A-Month,0,0.0,0.0,0.0
P366,has use,A-Few-Months,19,9.895833333333332,0.4405286343612335,3.4771246328928047
P366,has use,A-Year,5,2.604166666666667,0.014654161781946071,0.11566636747753029
P366,has use,A-Few-Years,14,7.291666666666667,0.017523876281433454,0.13831723327199977
P366,has use,Many-Years,154,80.20833333333334,0.5234890203276905,4.13193700852086
P793,significant event,A-Day,0,0.0,0.0,0.0
P793,significant event,A-Few-Days,0,0.0,0.0,0.0
P793,significant event,A-Week,0,0.0,0.0,0.0
P793,significant event,A-Few-Weeks,0,0.0,0.0,0.0
P793,significant event,A-Month,0,0.0,0.0,0.0
P793,significant event,A-Few-Months,9,4.81283422459893,0.20867145838163692,1.6910980483081246
P793,significant event,A-Year,9,4.81283422459893,0.02637749120750293,0.21376629197986347
P793,significant event,A-Few-Years,26,13.903743315508022,0.03254434166551927,0.26374317360344646
P793,significant event,Many-Years,143,76.47058823529412,0.4860969474471412,3.9393868499878026
P1416,affiliation,A-Day,0,0.0,0.0,0.0
P1416,affiliation,A-Few-Days,0,0.0,0.0,0.0
P1416,affiliation,A-Week,0,0.0,0.0,0.0
P1416,affiliation,A-Few-Weeks,1,0.5555555555555556,0.08650519031141869,0.7283112264513648
P1416,affiliation,A-Month,1,0.5555555555555556,0.06397952655150352,0.5386614061278169
P1416,affiliation,A-Few-Months,16,8.88888888888889,0.3709714815673545,3.123311950949326
P1416,affiliation,A-Year,42,23.333333333333332,0.123094958968347,1.0363706525986713
P1416,affiliation,A-Few-Years,100,55.55555555555556,0.1251705448673818,1.053845586834284
P1416,affiliation,Many-Years,20,11.11111111111111,0.06798558705554422,0.57238954230592
P451,unmarried partner,A-Day,0,0.0,0.0,0.0
P451,unmarried partner,A-Few-Days,0,0.0,0.0,0.0
P451,unmarried partner,A-Week,0,0.0,0.0,0.0
P451,unmarried partner,A-Few-Weeks,0,0.0,0.0,0.0
P451,unmarried partner,A-Month,0,0.0,0.0,0.0
P451,unmarried partner,A-Few-Months,1,0.5586592178770949,0.023185717597959656,0.1962975388166476
P451,unmarried partner,A-Year,11,6.145251396648044,0.032239155920281364,0.2729467800140156
P451,unmarried partner,A-Few-Years,150,83.79888268156425,0.1877558173010727,1.589599488520987
P451,unmarried partner,Many-Years,17,9.497206703910614,0.05778774899721259,0.4892491618592501
P1268,represents,A-Day,0,0.0,0.0,0.0
P1268,represents,A-Few-Days,0,0.0,0.0,0.0
P1268,represents,A-Week,0,0.0,0.0,0.0
P1268,represents,A-Few-Weeks,0,0.0,0.0,0.0
P1268,represents,A-Month,0,0.0,0.0,0.0
P1268,represents,A-Few-Months,0,0.0,0.0,0.0
P1268,represents,A-Year,14,7.82122905027933,0.041031652989449004,0.34738681092692897
P1268,represents,A-Few-Years,164,91.62011173184358,0.20527969358250614,1.7379621074496123
P1268,represents,Many-Years,1,0.5586592178770949,0.0033992793527772114,0.02877936246230883
P466,occupant,A-Day,0,0.0,0.0,0.0
P466,occupant,A-Few-Days,0,0.0,0.0,0.0
P466,occupant,A-Week,0,0.0,0.0,0.0
P466,occupant,A-Few-Weeks,0,0.0,0.0,0.0
P466,occupant,A-Month,0,0.0,0.0,0.0
P466,occupant,A-Few-Months,1,0.5649717514124294,0.023185717597959656,0.19851559010271144
P466,occupant,A-Year,3,1.694915254237288,0.008792497069167644,0.07528116120571463
P466,occupant,A-Few-Years,43,24.293785310734464,0.05382333429297417,0.46083417186990716
P466,occupant,Many-Years,130,73.44632768361582,0.44190631586103746,3.7835918898187932
P1075,rector,A-Day,0,0.0,0.0,0.0
P1075,rector,A-Few-Days,0,0.0,0.0,0.0
P1075,rector,A-Week,0,0.0,0.0,0.0
P1075,rector,A-Few-Weeks,0,0.0,0.0,0.0
P1075,rector,A-Month,0,0.0,0.0,0.0
P1075,rector,A-Few-Months,2,1.2422360248447204,0.04637143519591931,0.4364876950084462
P1075,rector,A-Year,6,3.7267080745341614,0.017584994138335287,0.16552503768213028
P1075,rector,A-Few-Years,117,72.67080745341616,0.14644953749483672,1.3785085750763988
P1075,rector,Many-Years,36,22.36024844720497,0.12237405669997961,1.151889513708808
P2802,fleet or registration number,A-Day,0,0.0,0.0,0.0
P2802,fleet or registration number,A-Few-Days,0,0.0,0.0,0.0
P2802,fleet or registration number,A-Week,0,0.0,0.0,0.0
P2802,fleet or registration number,A-Few-Weeks,0,0.0,0.0,0.0
P2802,fleet or registration number,A-Month,0,0.0,0.0,0.0
P2802,fleet or registration number,A-Few-Months,0,0.0,0.0,0.0
P2802,fleet or registration number,A-Year,2,1.2903225806451613,0.005861664712778429,0.05731081949854403
P2802,fleet or registration number,A-Few-Years,58,37.41935483870968,0.07259891602308145,0.7098159952612855
P2802,fleet or registration number,Many-Years,95,61.29032258064516,0.3229315385138351,3.157374572074591
P371,presenter,A-Day,0,0.0,0.0,0.0
P371,presenter,A-Few-Days,0,0.0,0.0,0.0
P371,presenter,A-Week,1,0.6493506493506493,0.17605633802816903,1.732520120724346
P371,presenter,A-Few-Weeks,1,0.6493506493506493,0.08650519031141869,0.8512728620860109
P371,presenter,A-Month,0,0.0,0.0,0.0
P371,presenter,A-Few-Months,4,2.5974025974025974,0.09274287039183862,0.912656089563115
P371,presenter,A-Year,12,7.792207792207792,0.035169988276670575,0.34609780606263607
P371,presenter,A-Few-Years,104,67.53246753246754,0.13017736666207708,1.2810382717881685
P371,presenter,Many-Years,32,20.77922077922078,0.10877693928887076,1.0704427804162662
P35,head of state,A-Day,0,0.0,0.0,0.0
P35,head of state,A-Few-Days,0,0.0,0.0,0.0
P35,head of state,A-Week,0,0.0,0.0,0.0
P35,head of state,A-Few-Weeks,0,0.0,0.0,0.0
P35,head of state,A-Month,0,0.0,0.0,0.0
P35,head of state,A-Few-Months,2,1.3245033112582782,0.04637143519591931,0.4653941648765552
P35,head of state,A-Year,7,4.635761589403973,0.020515826494724502,0.20590145415867642
P35,head of state,A-Few-Years,82,54.3046357615894,0.10263984679125307,1.030116613355896
P35,head of state,Many-Years,60,39.735099337748345,0.2039567611666327,2.046955979107264
P123,publisher,A-Day,0,0.0,0.0,0.0
P123,publisher,A-Few-Days,0,0.0,0.0,0.0
P123,publisher,A-Week,0,0.0,0.0,0.0
P123,publisher,A-Few-Weeks,0,0.0,0.0,0.0
P123,publisher,A-Month,0,0.0,0.0,0.0
P123,publisher,A-Few-Months,0,0.0,0.0,0.0
P123,publisher,A-Year,3,2.127659574468085,0.008792497069167644,0.09450188321568431
P123,publisher,A-Few-Years,61,43.262411347517734,0.0763540323691029,0.820654222939038
P123,publisher,Many-Years,77,54.60992907801418,0.26174451016384526,2.813233707929096
P115,home venue,A-Day,0,0.0,0.0,0.0
P115,home venue,A-Few-Days,0,0.0,0.0,0.0
P115,home venue,A-Week,0,0.0,0.0,0.0
P115,home venue,A-Few-Weeks,0,0.0,0.0,0.0
P115,home venue,A-Month,0,0.0,0.0,0.0
P115,home venue,A-Few-Months,0,0.0,0.0,0.0
P115,home venue,A-Year,10,7.142857142857142,0.029308323563892142,0.31725632222408306
P115,home venue,A-Few-Years,48,34.285714285714285,0.06008186153634327,0.650373276446301
P115,home venue,Many-Years,82,58.57142857142858,0.27874090692773135,3.0173105872983497
P598,commander of (DEPRECATED),A-Day,0,0.0,0.0,0.0
P598,commander of (DEPRECATED),A-Few-Days,0,0.0,0.0,0.0
P598,commander of (DEPRECATED),A-Week,0,0.0,0.0,0.0
P598,commander of (DEPRECATED),A-Few-Weeks,2,1.4705882352941175,0.17301038062283738,1.927882658253613
P598,commander of (DEPRECATED),A-Month,0,0.0,0.0,0.0
P598,commander of (DEPRECATED),A-Few-Months,33,24.264705882352942,0.7651286807326687,8.525952660220128
P598,commander of (DEPRECATED),A-Year,35,25.735294117647058,0.10257913247362252,1.1430558668367699
P598,commander of (DEPRECATED),A-Few-Years,59,43.38235294117647,0.07385062147175527,0.8229294214838306
P598,commander of (DEPRECATED),Many-Years,7,5.147058823529411,0.02379495546944048,0.26515103797994827
P468,dan/kyu rank,A-Day,0,0.0,0.0,0.0
P468,dan/kyu rank,A-Few-Days,0,0.0,0.0,0.0
P468,dan/kyu rank,A-Week,0,0.0,0.0,0.0
P468,dan/kyu rank,A-Few-Weeks,0,0.0,0.0,0.0
P468,dan/kyu rank,A-Month,0,0.0,0.0,0.0
P468,dan/kyu rank,A-Few-Months,17,13.709677419354838,0.3941571991653142,4.817204924347247
P468,dan/kyu rank,A-Year,51,41.12903225806452,0.14947245017584992,1.8267823715160911
P468,dan/kyu rank,A-Few-Years,56,45.16129032258064,0.07009550512573381,0.8566744770394824
P468,dan/kyu rank,Many-Years,0,0.0,0.0,0.0
P241,military branch,A-Day,0,0.0,0.0,0.0
P241,military branch,A-Few-Days,0,0.0,0.0,0.0
P241,military branch,A-Week,0,0.0,0.0,0.0
P241,military branch,A-Few-Weeks,0,0.0,0.0,0.0
P241,military branch,A-Month,0,0.0,0.0,0.0
P241,military branch,A-Few-Months,4,3.361344537815126,0.09274287039183862,1.1810843511993252
P241,military branch,A-Year,10,8.403361344537815,0.029308323563892142,0.373242732028333
P241,military branch,A-Few-Years,73,61.34453781512605,0.09137449775318872,1.1636580681514699
P241,military branch,Many-Years,32,26.89075630252101,0.10877693928887076,1.3852788923034032
P5769,editor-in-chief,A-Day,0,0.0,0.0,0.0
P5769,editor-in-chief,A-Few-Days,0,0.0,0.0,0.0
P5769,editor-in-chief,A-Week,0,0.0,0.0,0.0
P5769,editor-in-chief,A-Few-Weeks,0,0.0,0.0,0.0
P5769,editor-in-chief,A-Month,0,0.0,0.0,0.0
P5769,editor-in-chief,A-Few-Months,0,0.0,0.0,0.0
P5769,editor-in-chief,A-Year,5,4.201680672268908,0.014654161781946071,0.1866213660141665
P5769,editor-in-chief,A-Few-Years,63,52.94117647058824,0.07885744326645054,1.0042528533361998
P5769,editor-in-chief,Many-Years,51,42.857142857142854,0.17336324699163777,2.207788234608549
P264,record label,A-Day,0,0.0,0.0,0.0
P264,record label,A-Few-Days,0,0.0,0.0,0.0
P264,record label,A-Week,0,0.0,0.0,0.0
P264,record label,A-Few-Weeks,0,0.0,0.0,0.0
P264,record label,A-Month,0,0.0,0.0,0.0
P264,record label,A-Few-Months,0,0.0,0.0,0.0
P264,record label,A-Year,4,3.7383177570093453,0.011723329425556858,0.1660406920051276
P264,record label,A-Few-Years,86,80.37383177570094,0.10764666858594835,1.524628942448104
P264,record label,Many-Years,17,15.887850467289718,0.05778774899721259,0.8184635511477174
P449,original broadcaster,A-Day,0,0.0,0.0,0.0
P449,original broadcaster,A-Few-Days,0,0.0,0.0,0.0
P449,original broadcaster,A-Week,0,0.0,0.0,0.0
P449,original broadcaster,A-Few-Weeks,0,0.0,0.0,0.0
P449,original broadcaster,A-Month,0,0.0,0.0,0.0
P449,original broadcaster,A-Few-Months,2,1.9230769230769231,0.04637143519591931,0.6757165278496139
P449,original broadcaster,A-Year,10,9.615384615384617,0.029308323563892142,0.42707581837857334
P449,original broadcaster,A-Few-Years,71,68.26923076923077,0.08887108685584108,1.2950140961290526
P449,original broadcaster,Many-Years,21,20.192307692307693,0.07138486640832144,1.0402079182290278
P3975,general secretary,A-Day,0,0.0,0.0,0.0
P3975,general secretary,A-Few-Days,0,0.0,0.0,0.0
P3975,general secretary,A-Week,0,0.0,0.0,0.0
P3975,general secretary,A-Few-Weeks,0,0.0,0.0,0.0
P3975,general secretary,A-Month,0,0.0,0.0,0.0
P3975,general secretary,A-Few-Months,0,0.0,0.0,0.0
P3975,general secretary,A-Year,6,5.9405940594059405,0.017584994138335287,0.26385674323587105
P3975,general secretary,A-Few-Years,71,70.29702970297029,0.08887108685584108,1.333479861360609
P3975,general secretary,Many-Years,24,23.762376237623762,0.08158270446665307,1.2241202092879082
P2043,length,A-Day,0,0.0,0.0,0.0
P2043,length,A-Few-Days,0,0.0,0.0,0.0
P2043,length,A-Week,0,0.0,0.0,0.0
P2043,length,A-Few-Weeks,0,0.0,0.0,0.0
P2043,length,A-Month,0,0.0,0.0,0.0
P2043,length,A-Few-Months,1,1.0204081632653061,0.023185717597959656,0.35854346375693796
P2043,length,A-Year,4,4.081632653061225,0.011723329425556858,0.18128932698519032
P2043,length,A-Few-Years,13,13.26530612244898,0.016272170832759635,0.25163251767267597
P2043,length,Many-Years,80,81.63265306122449,0.2719423482221769,4.2053109230639025
P98,editor,A-Day,0,0.0,0.0,0.0
P98,editor,A-Few-Days,0,0.0,0.0,0.0
P98,editor,A-Week,0,0.0,0.0,0.0
P98,editor,A-Few-Weeks,0,0.0,0.0,0.0
P98,editor,A-Month,0,0.0,0.0,0.0
P98,editor,A-Few-Months,0,0.0,0.0,0.0
P98,editor,A-Year,5,5.319148936170213,0.014654161781946071,0.23625470803921078
P98,editor,A-Few-Years,49,52.12765957446809,0.06133356698501709,0.9888210719019558
P98,editor,Many-Years,40,42.5531914893617,0.13597117411108844,2.1921301620226723
P166,award received,A-Day,0,0.0,0.0,0.0
P166,award received,A-Few-Days,0,0.0,0.0,0.0
P166,award received,A-Week,0,0.0,0.0,0.0
P166,award received,A-Few-Weeks,1,1.0752688172043012,0.08650519031141869,1.4096346318413513
P166,award received,A-Month,0,0.0,0.0,0.0
P166,award received,A-Few-Months,5,5.376344086021505,0.1159285879897983,1.8890999703322537
P166,award received,A-Year,17,18.27956989247312,0.049824150058616644,0.8119032762293739
P166,award received,A-Few-Years,60,64.51612903225806,0.07510232692042909,1.2238206814849748
P166,award received,Many-Years,10,10.75268817204301,0.03399279352777211,0.5539253635218581
P2295,net profit,A-Day,0,0.0,0.0,0.0
P2295,net profit,A-Few-Days,0,0.0,0.0,0.0
P2295,net profit,A-Week,0,0.0,0.0,0.0
P2295,net profit,A-Few-Weeks,0,0.0,0.0,0.0
P2295,net profit,A-Month,0,0.0,0.0,0.0
P2295,net profit,A-Few-Months,33,37.5,0.7651286807326687,13.176472293067471
P2295,net profit,A-Year,55,62.5,0.1611957796014068,2.775992819460727
P2295,net profit,A-Few-Years,0,0.0,0.0,0.0
P2295,net profit,Many-Years,0,0.0,0.0,0.0
P2139,total revenue,A-Day,0,0.0,0.0,0.0
P2139,total revenue,A-Few-Days,0,0.0,0.0,0.0
P2139,total revenue,A-Week,0,0.0,0.0,0.0
P2139,total revenue,A-Few-Weeks,0,0.0,0.0,0.0
P2139,total revenue,A-Month,0,0.0,0.0,0.0
P2139,total revenue,A-Few-Months,32,37.64705882352941,0.741942963134709,13.22814473343244
P2139,total revenue,A-Year,52,61.1764705882353,0.15240328253223917,2.7172070891662647
P2139,total revenue,A-Few-Years,1,1.1764705882352942,0.001251705448673818,0.02231673007413778
P2139,total revenue,Many-Years,0,0.0,0.0,0.0
P527,has part(s),A-Day,0,0.0,0.0,0.0
P527,has part(s),A-Few-Days,2,2.4096385542168677,0.4016064257028112,7.332801083853486
P527,has part(s),A-Week,0,0.0,0.0,0.0
P527,has part(s),A-Few-Weeks,1,1.2048192771084338,0.08650519031141869,1.5794701296535625
P527,has part(s),A-Month,0,0.0,0.0,0.0
P527,has part(s),A-Few-Months,10,12.048192771084338,0.2318571759795966,4.233404752792762
P527,has part(s),A-Year,5,6.024096385542169,0.014654161781946071,0.26756557296007005
P527,has part(s),A-Few-Years,18,21.686746987951807,0.022530698076128723,0.41138068690880486
P527,has part(s),Many-Years,47,56.62650602409639,0.15976612958052894,2.917117787896436
P5817,state of use,A-Day,0,0.0,0.0,0.0
P5817,state of use,A-Few-Days,0,0.0,0.0,0.0
P5817,state of use,A-Week,0,0.0,0.0,0.0
P5817,state of use,A-Few-Weeks,0,0.0,0.0,0.0
P5817,state of use,A-Month,18,22.5,1.1516314779270633,21.815786948176584
P5817,state of use,A-Few-Months,2,2.5,0.04637143519591931,0.8784314862044981
P5817,state of use,A-Year,6,7.5,0.017584994138335287,0.33311913833528717
P5817,state of use,A-Few-Years,17,21.25,0.021278992627454908,0.4030959369641136
P5817,state of use,Many-Years,37,46.25,0.1257733360527568,2.382571469848392
P3362,operating income,A-Day,0,0.0,0.0,0.0
P3362,operating income,A-Few-Days,0,0.0,0.0,0.0
P3362,operating income,A-Week,0,0.0,0.0,0.0
P3362,operating income,A-Few-Weeks,0,0.0,0.0,0.0
P3362,operating income,A-Month,0,0.0,0.0,0.0
P3362,operating income,A-Few-Months,32,40.50632911392405,0.741942963134709,14.232813953693134
P3362,operating income,A-Year,47,59.49367088607595,0.13774912075029308,2.6424640509297044
P3362,operating income,A-Few-Years,0,0.0,0.0,0.0
P3362,operating income,Many-Years,0,0.0,0.0,0.0
P532,port of registry,A-Day,0,0.0,0.0,0.0
P532,port of registry,A-Few-Days,0,0.0,0.0,0.0
P532,port of registry,A-Week,0,0.0,0.0,0.0
P532,port of registry,A-Few-Weeks,0,0.0,0.0,0.0
P532,port of registry,A-Month,0,0.0,0.0,0.0
P532,port of registry,A-Few-Months,0,0.0,0.0,0.0
P532,port of registry,A-Year,0,0.0,0.0,0.0
P532,port of registry,A-Few-Years,44,57.89473684210527,0.055075039741648,1.0982180325957274
P532,port of registry,Many-Years,32,42.10526315789473,0.10877693928887076,2.1690551076855917
P734,family name,A-Day,0,0.0,0.0,0.0
P734,family name,A-Few-Days,0,0.0,0.0,0.0
P734,family name,A-Week,0,0.0,0.0,0.0
P734,family name,A-Few-Weeks,0,0.0,0.0,0.0
P734,family name,A-Month,0,0.0,0.0,0.0
P734,family name,A-Few-Months,0,0.0,0.0,0.0
P734,family name,A-Year,0,0.0,0.0,0.0
P734,family name,A-Few-Years,7,9.45945945945946,0.008761938140716727,0.1794385728934051
P734,family name,Many-Years,67,90.54054054054053,0.22775171663607313,4.664201270411754
P797,authority,A-Day,0,0.0,0.0,0.0
P797,authority,A-Few-Days,0,0.0,0.0,0.0
P797,authority,A-Week,0,0.0,0.0,0.0
P797,authority,A-Few-Weeks,0,0.0,0.0,0.0
P797,authority,A-Month,0,0.0,0.0,0.0
P797,authority,A-Few-Months,0,0.0,0.0,0.0
P797,authority,A-Year,6,8.333333333333332,0.017584994138335287,0.3701323759280969
P797,authority,A-Few-Years,6,8.333333333333332,0.007510232692042909,0.15807683802514258
P797,authority,Many-Years,60,83.33333333333334,0.2039567611666327,4.2929215672944006
P1454,legal form,A-Day,0,0.0,0.0,0.0
P1454,legal form,A-Few-Days,0,0.0,0.0,0.0
P1454,legal form,A-Week,0,0.0,0.0,0.0
P1454,legal form,A-Few-Weeks,0,0.0,0.0,0.0
P1454,legal form,A-Month,0,0.0,0.0,0.0
P1454,legal form,A-Few-Months,0,0.0,0.0,0.0
P1454,legal form,A-Year,0,0.0,0.0,0.0
P1454,legal form,A-Few-Years,21,30.434782608695656,0.02628581442215018,0.5773241040918251
P1454,legal form,Many-Years,48,69.56521739130434,0.16316540893330614,3.5836562648718475
P92,main regulatory text,A-Day,0,0.0,0.0,0.0
P92,main regulatory text,A-Few-Days,0,0.0,0.0,0.0
P92,main regulatory text,A-Week,0,0.0,0.0,0.0
P92,main regulatory text,A-Few-Weeks,0,0.0,0.0,0.0
P92,main regulatory text,A-Month,0,0.0,0.0,0.0
P92,main regulatory text,A-Few-Months,0,0.0,0.0,0.0
P92,main regulatory text,A-Year,0,0.0,0.0,0.0
P92,main regulatory text,A-Few-Years,16,23.52941176470588,0.02002728717878109,0.44633460148275556
P92,main regulatory text,Many-Years,52,76.47058823529412,0.17676252634441497,3.9393868499878026
P1618,sport number,A-Day,0,0.0,0.0,0.0
P1618,sport number,A-Few-Days,0,0.0,0.0,0.0
P1618,sport number,A-Week,0,0.0,0.0,0.0
P1618,sport number,A-Few-Weeks,0,0.0,0.0,0.0
P1618,sport number,A-Month,0,0.0,0.0,0.0
P1618,sport number,A-Few-Months,8,12.121212121212121,0.18548574078367724,4.259061751294536
P1618,sport number,A-Year,26,39.39393939393939,0.07620164126611959,1.749716686205549
P1618,sport number,A-Few-Years,31,46.96969696969697,0.038802868908888365,0.8909785415962582
P1618,sport number,Many-Years,1,1.5151515151515151,0.0033992793527772114,0.07805311940535273
P5096,member of the crew of,A-Day,0,0.0,0.0,0.0
P5096,member of the crew of,A-Few-Days,0,0.0,0.0,0.0
P5096,member of the crew of,A-Week,0,0.0,0.0,0.0
P5096,member of the crew of,A-Few-Weeks,0,0.0,0.0,0.0
P5096,member of the crew of,A-Month,1,1.5151515151515151,0.06397952655150352,1.4690765621667734
P5096,member of the crew of,A-Few-Months,29,43.93939393939394,0.67238581034083,15.439098848442692
P5096,member of the crew of,A-Year,20,30.303030303030305,0.058616647127784284,1.345935912465807
P5096,member of the crew of,A-Few-Years,16,24.242424242424242,0.02002728717878109,0.45985989243677844
P5096,member of the crew of,Many-Years,0,0.0,0.0,0.0
P7779,military unit,A-Day,0,0.0,0.0,0.0
P7779,military unit,A-Few-Days,0,0.0,0.0,0.0
P7779,military unit,A-Week,0,0.0,0.0,0.0
P7779,military unit,A-Few-Weeks,0,0.0,0.0,0.0
P7779,military unit,A-Month,2,3.1746031746031744,0.12795905310300704,3.0780651778732393
P7779,military unit,A-Few-Months,6,9.523809523809524,0.13911430558775792,3.346405661731421
P7779,military unit,A-Year,6,9.523809523809524,0.017584994138335287,0.4230084296321107
P7779,military unit,A-Few-Years,44,69.84126984126983,0.055075039741648,1.3248344520202426
P7779,military unit,Many-Years,5,7.936507936507936,0.016996396763886056,0.40884967307565717
P176,manufacturer,A-Day,0,0.0,0.0,0.0
P176,manufacturer,A-Few-Days,0,0.0,0.0,0.0
P176,manufacturer,A-Week,0,0.0,0.0,0.0
P176,manufacturer,A-Few-Weeks,0,0.0,0.0,0.0
P176,manufacturer,A-Month,0,0.0,0.0,0.0
P176,manufacturer,A-Few-Months,2,3.278688524590164,0.04637143519591931,1.1520412933829483
P176,manufacturer,A-Year,5,8.19672131147541,0.014654161781946071,0.36406463206042317
P176,manufacturer,A-Few-Years,37,60.65573770491803,0.046313101600931265,1.1505920669371035
P176,manufacturer,Many-Years,17,27.86885245901639,0.05778774899721259,1.4356655733246848
P1545,series ordinal,A-Day,0,0.0,0.0,0.0
P1545,series ordinal,A-Few-Days,0,0.0,0.0,0.0
P1545,series ordinal,A-Week,0,0.0,0.0,0.0
P1545,series ordinal,A-Few-Weeks,0,0.0,0.0,0.0
P1545,series ordinal,A-Month,0,0.0,0.0,0.0
P1545,series ordinal,A-Few-Months,0,0.0,0.0,0.0
P1545,series ordinal,A-Year,17,27.86885245901639,0.049824150058616644,1.2378197490054388
P1545,series ordinal,A-Few-Years,41,67.21311475409836,0.051319923395626535,1.2749803984978714
P1545,series ordinal,Many-Years,3,4.918032786885246,0.010197838058331634,0.2533527482337679
P4100,parliamentary group,A-Day,0,0.0,0.0,0.0
P4100,parliamentary group,A-Few-Days,0,0.0,0.0,0.0
P4100,parliamentary group,A-Week,0,0.0,0.0,0.0
P4100,parliamentary group,A-Few-Weeks,3,5.172413793103448,0.25951557093425603,6.780828660064431
P4100,parliamentary group,A-Month,0,0.0,0.0,0.0
P4100,parliamentary group,A-Few-Months,8,13.793103448275861,0.18548574078367724,4.846518544576541
P4100,parliamentary group,A-Year,21,36.206896551724135,0.0615474794841735,1.608161357480697
P4100,parliamentary group,A-Few-Years,24,41.37931034482759,0.030040930768171634,0.7849332646765701
P4100,parliamentary group,Many-Years,2,3.4482758620689653,0.006798558705554423,0.17763813381907864
P197,adjacent station,A-Day,0,0.0,0.0,0.0
P197,adjacent station,A-Few-Days,0,0.0,0.0,0.0
P197,adjacent station,A-Week,0,0.0,0.0,0.0
P197,adjacent station,A-Few-Weeks,0,0.0,0.0,0.0
P197,adjacent station,A-Month,0,0.0,0.0,0.0
P197,adjacent station,A-Few-Months,1,1.8181818181818181,0.023185717597959656,0.6388592626941804
P197,adjacent station,A-Year,2,3.6363636363636362,0.005861664712778429,0.16151230949589684
P197,adjacent station,A-Few-Years,12,21.818181818181817,0.015020465384085817,0.4138739031931006
P197,adjacent station,Many-Years,40,72.72727272727273,0.13597117411108844,3.746549731456931
P291,place of publication,A-Day,0,0.0,0.0,0.0
P291,place of publication,A-Few-Days,0,0.0,0.0,0.0
P291,place of publication,A-Week,0,0.0,0.0,0.0
P291,place of publication,A-Few-Weeks,0,0.0,0.0,0.0
P291,place of publication,A-Month,0,0.0,0.0,0.0
P291,place of publication,A-Few-Months,1,1.8181818181818181,0.023185717597959656,0.6388592626941804
P291,place of publication,A-Year,5,9.090909090909092,0.014654161781946071,0.4037807737397421
P291,place of publication,A-Few-Years,26,47.27272727272727,0.03254434166551927,0.896726790251718
P291,place of publication,Many-Years,23,41.81818181818181,0.07818342511387585,2.1542660955877353
P879,pennant number,A-Day,0,0.0,0.0,0.0
P879,pennant number,A-Few-Days,0,0.0,0.0,0.0
P879,pennant number,A-Week,0,0.0,0.0,0.0
P879,pennant number,A-Few-Weeks,0,0.0,0.0,0.0
P879,pennant number,A-Month,0,0.0,0.0,0.0
P879,pennant number,A-Few-Months,0,0.0,0.0,0.0
P879,pennant number,A-Year,0,0.0,0.0,0.0
P879,pennant number,A-Few-Years,50,94.33962264150944,0.0625852724336909,1.7895491097185954
P879,pennant number,Many-Years,3,5.660377358490567,0.010197838058331634,0.2915946724954687
P618,source of energy,A-Day,0,0.0,0.0,0.0
P618,source of energy,A-Few-Days,0,0.0,0.0,0.0
P618,source of energy,A-Week,0,0.0,0.0,0.0
P618,source of energy,A-Few-Weeks,0,0.0,0.0,0.0
P618,source of energy,A-Month,0,0.0,0.0,0.0
P618,source of energy,A-Few-Months,0,0.0,0.0,0.0
P618,source of energy,A-Year,0,0.0,0.0,0.0
P618,source of energy,A-Few-Years,0,0.0,0.0,0.0
P618,source of energy,Many-Years,51,100.0,0.17336324699163777,5.15150588075328
P426,aircraft registration,A-Day,0,0.0,0.0,0.0
P426,aircraft registration,A-Few-Days,0,0.0,0.0,0.0
P426,aircraft registration,A-Week,0,0.0,0.0,0.0
P426,aircraft registration,A-Few-Weeks,0,0.0,0.0,0.0
P426,aircraft registration,A-Month,0,0.0,0.0,0.0
P426,aircraft registration,A-Few-Months,5,10.0,0.1159285879897983,3.5137259448179923
P426,aircraft registration,A-Year,5,10.0,0.014654161781946071,0.4441588511137163
P426,aircraft registration,A-Few-Years,32,64.0,0.04005457435756218,1.214030116033095
P426,aircraft registration,Many-Years,8,16.0,0.02719423482221769,0.8242409409205249
P512,academic degree,A-Day,0,0.0,0.0,0.0
P512,academic degree,A-Few-Days,0,0.0,0.0,0.0
P512,academic degree,A-Week,0,0.0,0.0,0.0
P512,academic degree,A-Few-Weeks,0,0.0,0.0,0.0
P512,academic degree,A-Month,0,0.0,0.0,0.0
P512,academic degree,A-Few-Months,0,0.0,0.0,0.0
P512,academic degree,A-Year,1,2.0408163265306123,0.0029308323563892145,0.09064466349259516
P512,academic degree,A-Few-Years,39,79.59183673469387,0.048816512498278904,1.5097951060360557
P512,academic degree,Many-Years,9,18.367346938775512,0.030593514174994903,0.946194957689378
P140,religion or worldview,A-Day,0,0.0,0.0,0.0
P140,religion or worldview,A-Few-Days,0,0.0,0.0,0.0
P140,religion or worldview,A-Week,0,0.0,0.0,0.0
P140,religion or worldview,A-Few-Weeks,0,0.0,0.0,0.0
P140,religion or worldview,A-Month,0,0.0,0.0,0.0
P140,religion or worldview,A-Few-Months,0,0.0,0.0,0.0
P140,religion or worldview,A-Year,0,0.0,0.0,0.0
P140,religion or worldview,A-Few-Years,7,14.583333333333334,0.008761938140716727,0.27663446654399954
P140,religion or worldview,Many-Years,41,85.41666666666666,0.13937045346386567,4.40024460647676
P8413,academic appointment,A-Day,0,0.0,0.0,0.0
P8413,academic appointment,A-Few-Days,0,0.0,0.0,0.0
P8413,academic appointment,A-Week,0,0.0,0.0,0.0
P8413,academic appointment,A-Few-Weeks,0,0.0,0.0,0.0
P8413,academic appointment,A-Month,0,0.0,0.0,0.0
P8413,academic appointment,A-Few-Months,0,0.0,0.0,0.0
P8413,academic appointment,A-Year,0,0.0,0.0,0.0
P8413,academic appointment,A-Few-Years,42,87.5,0.05257162884430036,1.6598067992639973
P8413,academic appointment,Many-Years,6,12.5,0.020395676116663267,0.64393823509416
P1532,country for sport,A-Day,0,0.0,0.0,0.0
P1532,country for sport,A-Few-Days,0,0.0,0.0,0.0
P1532,country for sport,A-Week,0,0.0,0.0,0.0
P1532,country for sport,A-Few-Weeks,0,0.0,0.0,0.0
P1532,country for sport,A-Month,0,0.0,0.0,0.0
P1532,country for sport,A-Few-Months,0,0.0,0.0,0.0
P1532,country for sport,A-Year,4,8.695652173913043,0.011723329425556858,0.3862250879249707
P1532,country for sport,A-Few-Years,31,67.3913043478261,0.038802868908888365,1.278360516203327
P1532,country for sport,Many-Years,11,23.91304347826087,0.037392072880549326,1.2318818410496974
P2896,publication interval,A-Day,0,0.0,0.0,0.0
P2896,publication interval,A-Few-Days,0,0.0,0.0,0.0
P2896,publication interval,A-Week,0,0.0,0.0,0.0
P2896,publication interval,A-Few-Weeks,0,0.0,0.0,0.0
P2896,publication interval,A-Month,0,0.0,0.0,0.0
P2896,publication interval,A-Few-Months,2,4.444444444444445,0.04637143519591931,1.561655975474663
P2896,publication interval,A-Year,4,8.88888888888889,0.011723329425556858,0.3948078676566367
P2896,publication interval,A-Few-Years,16,35.55555555555556,0.02002728717878109,0.6744611755739417
P2896,publication interval,Many-Years,23,51.11111111111111,0.07818342511387585,2.632991894607232
P611,religious order,A-Day,0,0.0,0.0,0.0
P611,religious order,A-Few-Days,0,0.0,0.0,0.0
P611,religious order,A-Week,0,0.0,0.0,0.0
P611,religious order,A-Few-Weeks,0,0.0,0.0,0.0
P611,religious order,A-Month,0,0.0,0.0,0.0
P611,religious order,A-Few-Months,0,0.0,0.0,0.0
P611,religious order,A-Year,0,0.0,0.0,0.0
P611,religious order,A-Few-Years,2,4.761904761904762,0.002503410897347636,0.09032962172865291
P611,religious order,Many-Years,40,95.23809523809523,0.13597117411108844,4.906196076907886
P3300,musical conductor,A-Day,0,0.0,0.0,0.0
P3300,musical conductor,A-Few-Days,0,0.0,0.0,0.0
P3300,musical conductor,A-Week,0,0.0,0.0,0.0
P3300,musical conductor,A-Few-Weeks,0,0.0,0.0,0.0
P3300,musical conductor,A-Month,0,0.0,0.0,0.0
P3300,musical conductor,A-Few-Months,0,0.0,0.0,0.0
P3300,musical conductor,A-Year,0,0.0,0.0,0.0
P3300,musical conductor,A-Few-Years,25,59.523809523809526,0.03129263621684545,1.1291202716081614
P3300,musical conductor,Many-Years,17,40.476190476190474,0.05778774899721259,2.0851333326858517
P945,allegiance,A-Day,0,0.0,0.0,0.0
P945,allegiance,A-Few-Days,0,0.0,0.0,0.0
P945,allegiance,A-Week,0,0.0,0.0,0.0
P945,allegiance,A-Few-Weeks,0,0.0,0.0,0.0
P945,allegiance,A-Month,0,0.0,0.0,0.0
P945,allegiance,A-Few-Months,0,0.0,0.0,0.0
P945,allegiance,A-Year,1,2.4390243902439024,0.0029308323563892145,0.10833142710090643
P945,allegiance,A-Few-Years,18,43.90243902439025,0.022530698076128723,0.8327950491080683
P945,allegiance,Many-Years,22,53.65853658536586,0.07478414576109865,2.7642226677212722
P1114,quantity,A-Day,0,0.0,0.0,0.0
P1114,quantity,A-Few-Days,0,0.0,0.0,0.0
P1114,quantity,A-Week,0,0.0,0.0,0.0
P1114,quantity,A-Few-Weeks,0,0.0,0.0,0.0
P1114,quantity,A-Month,0,0.0,0.0,0.0
P1114,quantity,A-Few-Months,1,2.5,0.023185717597959656,0.8784314862044981
P1114,quantity,A-Year,2,5.0,0.005861664712778429,0.22207942555685814
P1114,quantity,A-Few-Years,16,40.0,0.02002728717878109,0.7587688225206844
P1114,quantity,Many-Years,21,52.5,0.07138486640832144,2.704540587395472
P97,noble title,A-Day,0,0.0,0.0,0.0
P97,noble title,A-Few-Days,0,0.0,0.0,0.0
P97,noble title,A-Week,0,0.0,0.0,0.0
P97,noble title,A-Few-Weeks,0,0.0,0.0,0.0
P97,noble title,A-Month,0,0.0,0.0,0.0
P97,noble title,A-Few-Months,0,0.0,0.0,0.0
P97,noble title,A-Year,0,0.0,0.0,0.0
P97,noble title,A-Few-Years,9,25.0,0.011265349038064362,0.4742305140754277
P97,noble title,Many-Years,27,75.0,0.0917805425249847,3.8636294105649602
P119,place of burial,A-Day,0,0.0,0.0,0.0
P119,place of burial,A-Few-Days,0,0.0,0.0,0.0
P119,place of burial,A-Week,0,0.0,0.0,0.0
P119,place of burial,A-Few-Weeks,0,0.0,0.0,0.0
P119,place of burial,A-Month,0,0.0,0.0,0.0
P119,place of burial,A-Few-Months,0,0.0,0.0,0.0
P119,place of burial,A-Year,0,0.0,0.0,0.0
P119,place of burial,A-Few-Years,0,0.0,0.0,0.0
P119,place of burial,Many-Years,35,100.0,0.1189747773472024,5.15150588075328
P859,sponsor,A-Day,0,0.0,0.0,0.0
P859,sponsor,A-Few-Days,0,0.0,0.0,0.0
P859,sponsor,A-Week,0,0.0,0.0,0.0
P859,sponsor,A-Few-Weeks,0,0.0,0.0,0.0
P859,sponsor,A-Month,0,0.0,0.0,0.0
P859,sponsor,A-Few-Months,0,0.0,0.0,0.0
P859,sponsor,A-Year,2,5.714285714285714,0.005861664712778429,0.25380505777926643
P859,sponsor,A-Few-Years,26,74.28571428571429,0.03254434166551927,1.4091420989669856
P859,sponsor,Many-Years,7,20.0,0.02379495546944048,1.030301176150656
P1342,number of seats,A-Day,0,0.0,0.0,0.0
P1342,number of seats,A-Few-Days,0,0.0,0.0,0.0
P1342,number of seats,A-Week,0,0.0,0.0,0.0
P1342,number of seats,A-Few-Weeks,0,0.0,0.0,0.0
P1342,number of seats,A-Month,0,0.0,0.0,0.0
P1342,number of seats,A-Few-Months,0,0.0,0.0,0.0
P1342,number of seats,A-Year,0,0.0,0.0,0.0
P1342,number of seats,A-Few-Years,18,52.94117647058824,0.022530698076128723,1.0042528533362
P1342,number of seats,Many-Years,16,47.05882352941176,0.05438846964443538,2.4242380615309553
P559,terminus,A-Day,0,0.0,0.0,0.0
P559,terminus,A-Few-Days,0,0.0,0.0,0.0
P559,terminus,A-Week,0,0.0,0.0,0.0
P559,terminus,A-Few-Weeks,0,0.0,0.0,0.0
P559,terminus,A-Month,0,0.0,0.0,0.0
P559,terminus,A-Few-Months,0,0.0,0.0,0.0
P559,terminus,A-Year,3,9.090909090909092,0.008792497069167644,0.4037807737397421
P559,terminus,A-Few-Years,21,63.63636363636363,0.02628581442215018,1.2071322176465435
P559,terminus,Many-Years,9,27.27272727272727,0.030593514174994903,1.4049561492963492
P2317,call sign,A-Day,0,0.0,0.0,0.0
P2317,call sign,A-Few-Days,0,0.0,0.0,0.0
P2317,call sign,A-Week,0,0.0,0.0,0.0
P2317,call sign,A-Few-Weeks,0,0.0,0.0,0.0
P2317,call sign,A-Month,0,0.0,0.0,0.0
P2317,call sign,A-Few-Months,0,0.0,0.0,0.0
P2317,call sign,A-Year,0,0.0,0.0,0.0
P2317,call sign,A-Few-Years,16,48.484848484848484,0.02002728717878109,0.9197197848735569
P2317,call sign,Many-Years,17,51.515151515151516,0.05778774899721259,2.653806059781993
P708,diocese,A-Day,0,0.0,0.0,0.0
P708,diocese,A-Few-Days,0,0.0,0.0,0.0
P708,diocese,A-Week,0,0.0,0.0,0.0
P708,diocese,A-Few-Weeks,0,0.0,0.0,0.0
P708,diocese,A-Month,0,0.0,0.0,0.0
P708,diocese,A-Few-Months,0,0.0,0.0,0.0
P708,diocese,A-Year,0,0.0,0.0,0.0
P708,diocese,A-Few-Years,4,12.5,0.005006821794695272,0.23711525703771388
P708,diocese,Many-Years,28,87.5,0.09517982187776192,4.50756764565912
P1344,participant in,A-Day,0,0.0,0.0,0.0
P1344,participant in,A-Few-Days,0,0.0,0.0,0.0
P1344,participant in,A-Week,0,0.0,0.0,0.0
P1344,participant in,A-Few-Weeks,0,0.0,0.0,0.0
P1344,participant in,A-Month,0,0.0,0.0,0.0
P1344,participant in,A-Few-Months,10,31.25,0.2318571759795966,10.980393577556226
P1344,participant in,A-Year,6,18.75,0.017584994138335287,0.8327978458382181
P1344,participant in,A-Few-Years,14,43.75,0.017523876281433454,0.8299033996319987
P1344,participant in,Many-Years,2,6.25,0.006798558705554423,0.32196911754708
P126,maintained by,A-Day,0,0.0,0.0,0.0
P126,maintained by,A-Few-Days,0,0.0,0.0,0.0
P126,maintained by,A-Week,0,0.0,0.0,0.0
P126,maintained by,A-Few-Weeks,0,0.0,0.0,0.0
P126,maintained by,A-Month,0,0.0,0.0,0.0
P126,maintained by,A-Few-Months,0,0.0,0.0,0.0
P126,maintained by,A-Year,1,3.225806451612903,0.0029308323563892145,0.14327704874636008
P126,maintained by,A-Few-Years,9,29.03225806451613,0.011265349038064362,0.5507193066682387
P126,maintained by,Many-Years,21,67.74193548387096,0.07138486640832144,3.489729790187706
P1083,maximum capacity,A-Day,0,0.0,0.0,0.0
P1083,maximum capacity,A-Few-Days,0,0.0,0.0,0.0
P1083,maximum capacity,A-Week,0,0.0,0.0,0.0
P1083,maximum capacity,A-Few-Weeks,0,0.0,0.0,0.0
P1083,maximum capacity,A-Month,0,0.0,0.0,0.0
P1083,maximum capacity,A-Few-Months,1,3.225806451612903,0.023185717597959656,1.1334599821993523
P1083,maximum capacity,A-Year,0,0.0,0.0,0.0
P1083,maximum capacity,A-Few-Years,9,29.03225806451613,0.011265349038064362,0.5507193066682387
P1083,maximum capacity,Many-Years,21,67.74193548387096,0.07138486640832144,3.489729790187706
P582,end time,A-Day,0,0.0,0.0,0.0
P582,end time,A-Few-Days,2,6.896551724137931,0.4016064257028112,20.986982412408253
P582,end time,A-Week,17,58.620689655172406,2.992957746478873,156.40474745021857
P582,end time,A-Few-Weeks,10,34.48275862068966,0.8650519031141869,45.205524400429546
P582,end time,A-Month,0,0.0,0.0,0.0
P582,end time,A-Few-Months,0,0.0,0.0,0.0
P582,end time,A-Year,0,0.0,0.0,0.0
P582,end time,A-Few-Years,0,0.0,0.0,0.0
P582,end time,Many-Years,0,0.0,0.0,0.0
P1435,heritage designation,A-Day,0,0.0,0.0,0.0
P1435,heritage designation,A-Few-Days,0,0.0,0.0,0.0
P1435,heritage designation,A-Week,0,0.0,0.0,0.0
P1435,heritage designation,A-Few-Weeks,0,0.0,0.0,0.0
P1435,heritage designation,A-Month,0,0.0,0.0,0.0
P1435,heritage designation,A-Few-Months,0,0.0,0.0,0.0
P1435,heritage designation,A-Year,0,0.0,0.0,0.0
P1435,heritage designation,A-Few-Years,6,20.689655172413794,0.007510232692042909,0.39246663233828505
P1435,heritage designation,Many-Years,23,79.3103448275862,0.07818342511387585,4.085677077838809
P8247,nominal share capital,A-Day,0,0.0,0.0,0.0
P8247,nominal share capital,A-Few-Days,0,0.0,0.0,0.0
P8247,nominal share capital,A-Week,0,0.0,0.0,0.0
P8247,nominal share capital,A-Few-Weeks,0,0.0,0.0,0.0
P8247,nominal share capital,A-Month,2,6.896551724137931,0.12795905310300704,6.6868312484832435
P8247,nominal share capital,A-Few-Months,3,10.344827586206897,0.06955715279387896,3.634888908432406
P8247,nominal share capital,A-Year,2,6.896551724137931,0.005861664712778429,0.3063164490439423
P8247,nominal share capital,A-Few-Years,17,58.620689655172406,0.021278992627454908,1.111988791625141
P8247,nominal share capital,Many-Years,5,17.24137931034483,0.016996396763886056,0.8881906690953931
P210,party chief representative,A-Day,0,0.0,0.0,0.0
P210,party chief representative,A-Few-Days,0,0.0,0.0,0.0
P210,party chief representative,A-Week,0,0.0,0.0,0.0
P210,party chief representative,A-Few-Weeks,0,0.0,0.0,0.0
P210,party chief representative,A-Month,0,0.0,0.0,0.0
P210,party chief representative,A-Few-Months,1,3.571428571428571,0.023185717597959656,1.254902123149283
P210,party chief representative,A-Year,4,14.285714285714285,0.011723329425556858,0.6345126444481661
P210,party chief representative,A-Few-Years,20,71.42857142857143,0.02503410897347636,1.3549443259297937
P210,party chief representative,Many-Years,3,10.714285714285714,0.010197838058331634,0.5519470586521371
P511,honorific prefix,A-Day,0,0.0,0.0,0.0
P511,honorific prefix,A-Few-Days,0,0.0,0.0,0.0
P511,honorific prefix,A-Week,0,0.0,0.0,0.0
P511,honorific prefix,A-Few-Weeks,0,0.0,0.0,0.0
P511,honorific prefix,A-Month,0,0.0,0.0,0.0
P511,honorific prefix,A-Few-Months,0,0.0,0.0,0.0
P511,honorific prefix,A-Year,0,0.0,0.0,0.0
P511,honorific prefix,A-Few-Years,5,17.857142857142858,0.00625852724336909,0.33873608148244844
P511,honorific prefix,Many-Years,23,82.14285714285714,0.07818342511387585,4.231594116333052
P1001,applies to jurisdiction,A-Day,0,0.0,0.0,0.0
P1001,applies to jurisdiction,A-Few-Days,0,0.0,0.0,0.0
P1001,applies to jurisdiction,A-Week,0,0.0,0.0,0.0
P1001,applies to jurisdiction,A-Few-Weeks,0,0.0,0.0,0.0
P1001,applies to jurisdiction,A-Month,0,0.0,0.0,0.0
P1001,applies to jurisdiction,A-Few-Months,1,3.571428571428571,0.023185717597959656,1.254902123149283
P1001,applies to jurisdiction,A-Year,0,0.0,0.0,0.0
P1001,applies to jurisdiction,A-Few-Years,2,7.142857142857142,0.002503410897347636,0.13549443259297936
P1001,applies to jurisdiction,Many-Years,25,89.28571428571429,0.08498198381943028,4.599558822101143
P504,shipping port,A-Day,0,0.0,0.0,0.0
P504,shipping port,A-Few-Days,0,0.0,0.0,0.0
P504,shipping port,A-Week,0,0.0,0.0,0.0
P504,shipping port,A-Few-Weeks,0,0.0,0.0,0.0
P504,shipping port,A-Month,0,0.0,0.0,0.0
P504,shipping port,A-Few-Months,2,7.4074074074074066,0.04637143519591931,2.602759959124439
P504,shipping port,A-Year,4,14.814814814814813,0.011723329425556858,0.6580131127610612
P504,shipping port,A-Few-Years,11,40.74074074074074,0.013768759935412,0.7728200970118082
P504,shipping port,Many-Years,10,37.03703703703704,0.03399279352777211,1.9079651410197334
P505,general manager,A-Day,0,0.0,0.0,0.0
P505,general manager,A-Few-Days,0,0.0,0.0,0.0
P505,general manager,A-Week,0,0.0,0.0,0.0
P505,general manager,A-Few-Weeks,0,0.0,0.0,0.0
P505,general manager,A-Month,0,0.0,0.0,0.0
P505,general manager,A-Few-Months,0,0.0,0.0,0.0
P505,general manager,A-Year,8,29.629629629629626,0.023446658851113716,1.3160262255221225
P505,general manager,A-Few-Years,18,66.66666666666666,0.022530698076128723,1.2646147042011406
P505,general manager,Many-Years,1,3.7037037037037033,0.0033992793527772114,0.19079651410197332
P607,participated in conflict,A-Day,0,0.0,0.0,0.0
P607,participated in conflict,A-Few-Days,0,0.0,0.0,0.0
P607,participated in conflict,A-Week,0,0.0,0.0,0.0
P607,participated in conflict,A-Few-Weeks,0,0.0,0.0,0.0
P607,participated in conflict,A-Month,0,0.0,0.0,0.0
P607,participated in conflict,A-Few-Months,1,3.7037037037037033,0.023185717597959656,1.3013799795622194
P607,participated in conflict,A-Year,1,3.7037037037037033,0.0029308323563892145,0.1645032781902653
P607,participated in conflict,A-Few-Years,16,59.25925925925925,0.02002728717878109,1.1241019592899029
P607,participated in conflict,Many-Years,9,33.33333333333333,0.030593514174994903,1.71716862691776
P12363,clerked for,A-Day,0,0.0,0.0,0.0
P12363,clerked for,A-Few-Days,0,0.0,0.0,0.0
P12363,clerked for,A-Week,0,0.0,0.0,0.0
P12363,clerked for,A-Few-Weeks,0,0.0,0.0,0.0
P12363,clerked for,A-Month,0,0.0,0.0,0.0
P12363,clerked for,A-Few-Months,0,0.0,0.0,0.0
P12363,clerked for,A-Year,23,85.18518518518519,0.06740914419695195,3.783575398376102
P12363,clerked for,A-Few-Years,4,14.814814814814813,0.005006821794695272,0.2810254898224757
P12363,clerked for,Many-Years,0,0.0,0.0,0.0
P915,filming location,A-Day,1,4.0,5.0,303.094
P915,filming location,A-Few-Days,8,32.0,1.6064257028112447,97.3795983935743
P915,filming location,A-Week,2,8.0,0.35211267605633806,21.344647887323944
P915,filming location,A-Few-Weeks,1,4.0,0.08650519031141869,5.243840830449827
P915,filming location,A-Month,0,0.0,0.0,0.0
P915,filming location,A-Few-Months,0,0.0,0.0,0.0
P915,filming location,A-Year,2,8.0,0.005861664712778429,0.35532708089097303
P915,filming location,A-Few-Years,6,24.0,0.007510232692042909,0.4552612935124107
P915,filming location,Many-Years,5,20.0,0.016996396763886056,1.0303011761506562
P800,notable work,A-Day,0,0.0,0.0,0.0
P800,notable work,A-Few-Days,0,0.0,0.0,0.0
P800,notable work,A-Week,0,0.0,0.0,0.0
P800,notable work,A-Few-Weeks,0,0.0,0.0,0.0
P800,notable work,A-Month,0,0.0,0.0,0.0
P800,notable work,A-Few-Months,0,0.0,0.0,0.0
P800,notable work,A-Year,0,0.0,0.0,0.0
P800,notable work,A-Few-Years,18,75.0,0.022530698076128723,1.4226915422262834
P800,notable work,Many-Years,6,25.0,0.020395676116663267,1.28787647018832
P38,currency,A-Day,0,0.0,0.0,0.0
P38,currency,A-Few-Days,0,0.0,0.0,0.0
P38,currency,A-Week,0,0.0,0.0,0.0
P38,currency,A-Few-Weeks,0,0.0,0.0,0.0
P38,currency,A-Month,0,0.0,0.0,0.0
P38,currency,A-Few-Months,0,0.0,0.0,0.0
P38,currency,A-Year,0,0.0,0.0,0.0
P38,currency,A-Few-Years,4,17.391304347826086,0.005006821794695272,0.3298994880524715
P38,currency,Many-Years,19,82.6086956521739,0.06458630770276702,4.255591814535318
P2046,area,A-Day,0,0.0,0.0,0.0
P2046,area,A-Few-Days,0,0.0,0.0,0.0
P2046,area,A-Week,0,0.0,0.0,0.0
P2046,area,A-Few-Weeks,0,0.0,0.0,0.0
P2046,area,A-Month,0,0.0,0.0,0.0
P2046,area,A-Few-Months,0,0.0,0.0,0.0
P2046,area,A-Year,1,4.3478260869565215,0.0029308323563892145,0.19311254396248534
P2046,area,A-Few-Years,11,47.82608695652174,0.013768759935412,0.9072235921442966
P2046,area,Many-Years,11,47.82608695652174,0.037392072880549326,2.463763682099395
P2868,subject has role,A-Day,0,0.0,0.0,0.0
P2868,subject has role,A-Few-Days,0,0.0,0.0,0.0
P2868,subject has role,A-Week,0,0.0,0.0,0.0
P2868,subject has role,A-Few-Weeks,0,0.0,0.0,0.0
P2868,subject has role,A-Month,0,0.0,0.0,0.0
P2868,subject has role,A-Few-Months,0,0.0,0.0,0.0
P2868,subject has role,A-Year,0,0.0,0.0,0.0
P2868,subject has role,A-Few-Years,14,60.86956521739131,0.017523876281433454,1.1546482081836502
P2868,subject has role,Many-Years,9,39.130434782608695,0.030593514174994903,2.015806648990414
P742,pseudonym,A-Day,0,0.0,0.0,0.0
P742,pseudonym,A-Few-Days,0,0.0,0.0,0.0
P742,pseudonym,A-Week,0,0.0,0.0,0.0
P742,pseudonym,A-Few-Weeks,0,0.0,0.0,0.0
P742,pseudonym,A-Month,0,0.0,0.0,0.0
P742,pseudonym,A-Few-Months,0,0.0,0.0,0.0
P742,pseudonym,A-Year,0,0.0,0.0,0.0
P742,pseudonym,A-Few-Years,11,50.0,0.013768759935412,0.9484610281508555
P742,pseudonym,Many-Years,11,50.0,0.037392072880549326,2.57575294037664
P3983,sports league level,A-Day,0,0.0,0.0,0.0
P3983,sports league level,A-Few-Days,0,0.0,0.0,0.0
P3983,sports league level,A-Week,0,0.0,0.0,0.0
P3983,sports league level,A-Few-Weeks,0,0.0,0.0,0.0
P3983,sports league level,A-Month,0,0.0,0.0,0.0
P3983,sports league level,A-Few-Months,0,0.0,0.0,0.0
P3983,sports league level,A-Year,0,0.0,0.0,0.0
P3983,sports league level,A-Few-Years,2,9.090909090909092,0.002503410897347636,0.1724474596637919
P3983,sports league level,Many-Years,20,90.9090909090909,0.06798558705554422,4.683187164321164
P1030,light characteristic,A-Day,0,0.0,0.0,0.0
P1030,light characteristic,A-Few-Days,0,0.0,0.0,0.0
P1030,light characteristic,A-Week,0,0.0,0.0,0.0
P1030,light characteristic,A-Few-Weeks,0,0.0,0.0,0.0
P1030,light characteristic,A-Month,0,0.0,0.0,0.0
P1030,light characteristic,A-Few-Months,1,4.761904761904762,0.023185717597959656,1.6732028308657105
P1030,light characteristic,A-Year,0,0.0,0.0,0.0
P1030,light characteristic,A-Few-Years,8,38.095238095238095,0.010013643589390544,0.7226369738292233
P1030,light characteristic,Many-Years,12,57.14285714285714,0.040791352233326535,2.943717646144732
P3460,colonel-in-chief,A-Day,0,0.0,0.0,0.0
P3460,colonel-in-chief,A-Few-Days,0,0.0,0.0,0.0
P3460,colonel-in-chief,A-Week,0,0.0,0.0,0.0
P3460,colonel-in-chief,A-Few-Weeks,0,0.0,0.0,0.0
P3460,colonel-in-chief,A-Month,0,0.0,0.0,0.0
P3460,colonel-in-chief,A-Few-Months,0,0.0,0.0,0.0
P3460,colonel-in-chief,A-Year,0,0.0,0.0,0.0
P3460,colonel-in-chief,A-Few-Years,2,9.523809523809524,0.002503410897347636,0.18065924345730583
P3460,colonel-in-chief,Many-Years,19,90.47619047619048,0.06458630770276702,4.660886273062492
P7938,associated electoral district,A-Day,0,0.0,0.0,0.0
P7938,associated electoral district,A-Few-Days,0,0.0,0.0,0.0
P7938,associated electoral district,A-Week,0,0.0,0.0,0.0
P7938,associated electoral district,A-Few-Weeks,0,0.0,0.0,0.0
P7938,associated electoral district,A-Month,0,0.0,0.0,0.0
P7938,associated electoral district,A-Few-Months,0,0.0,0.0,0.0
P7938,associated electoral district,A-Year,0,0.0,0.0,0.0
P7938,associated electoral district,A-Few-Years,3,15.789473684210526,0.0037551163460214543,0.29951400888974383
P7938,associated electoral district,Many-Years,16,84.21052631578947,0.05438846964443538,4.3381102153711835
P831,parent club,A-Day,0,0.0,0.0,0.0
P831,parent club,A-Few-Days,0,0.0,0.0,0.0
P831,parent club,A-Week,0,0.0,0.0,0.0
P831,parent club,A-Few-Weeks,0,0.0,0.0,0.0
P831,parent club,A-Month,0,0.0,0.0,0.0
P831,parent club,A-Few-Months,0,0.0,0.0,0.0
P831,parent club,A-Year,0,0.0,0.0,0.0
P831,parent club,A-Few-Years,14,77.77777777777779,0.017523876281433454,1.4753838215679973
P831,parent club,Many-Years,4,22.22222222222222,0.013597117411108845,1.14477908461184
P1875,represented by,A-Day,0,0.0,0.0,0.0
P1875,represented by,A-Few-Days,0,0.0,0.0,0.0
P1875,represented by,A-Week,0,0.0,0.0,0.0
P1875,represented by,A-Few-Weeks,0,0.0,0.0,0.0
P1875,represented by,A-Month,0,0.0,0.0,0.0
P1875,represented by,A-Few-Months,0,0.0,0.0,0.0
P1875,represented by,A-Year,1,5.555555555555555,0.0029308323563892145,0.24675491728539795
P1875,represented by,A-Few-Years,13,72.22222222222221,0.016272170832759635,1.369999262884569
P1875,represented by,Many-Years,4,22.22222222222222,0.013597117411108845,1.14477908461184
P2388,position held by head of the organization,A-Day,0,0.0,0.0,0.0
P2388,position held by head of the organization,A-Few-Days,0,0.0,0.0,0.0
P2388,position held by head of the organization,A-Week,0,0.0,0.0,0.0
P2388,position held by head of the organization,A-Few-Weeks,0,0.0,0.0,0.0
P2388,position held by head of the organization,A-Month,0,0.0,0.0,0.0
P2388,position held by head of the organization,A-Few-Months,0,0.0,0.0,0.0
P2388,position held by head of the organization,A-Year,0,0.0,0.0,0.0
P2388,position held by head of the organization,A-Few-Years,6,33.33333333333333,0.007510232692042909,0.6323073521005703
P2388,position held by head of the organization,Many-Years,12,66.66666666666666,0.040791352233326535,3.43433725383552
P84,architect,A-Day,0,0.0,0.0,0.0
P84,architect,A-Few-Days,0,0.0,0.0,0.0
P84,architect,A-Week,0,0.0,0.0,0.0
P84,architect,A-Few-Weeks,0,0.0,0.0,0.0
P84,architect,A-Month,0,0.0,0.0,0.0
P84,architect,A-Few-Months,0,0.0,0.0,0.0
P84,architect,A-Year,0,0.0,0.0,0.0
P84,architect,A-Few-Years,5,29.411764705882355,0.00625852724336909,0.5579182518534445
P84,architect,Many-Years,12,70.58823529411765,0.040791352233326535,3.6363570922964334
P634,team captain,A-Day,0,0.0,0.0,0.0
P634,team captain,A-Few-Days,0,0.0,0.0,0.0
P634,team captain,A-Week,0,0.0,0.0,0.0
P634,team captain,A-Few-Weeks,0,0.0,0.0,0.0
P634,team captain,A-Month,0,0.0,0.0,0.0
P634,team captain,A-Few-Months,0,0.0,0.0,0.0
P634,team captain,A-Year,4,23.52941176470588,0.011723329425556858,1.0450796496793324
P634,team captain,A-Few-Years,13,76.47058823529412,0.016272170832759635,1.4505874548189557
P634,team captain,Many-Years,0,0.0,0.0,0.0
P1027,conferred by,A-Day,0,0.0,0.0,0.0
P1027,conferred by,A-Few-Days,0,0.0,0.0,0.0
P1027,conferred by,A-Week,0,0.0,0.0,0.0
P1027,conferred by,A-Few-Weeks,0,0.0,0.0,0.0
P1027,conferred by,A-Month,0,0.0,0.0,0.0
P1027,conferred by,A-Few-Months,0,0.0,0.0,0.0
P1027,conferred by,A-Year,0,0.0,0.0,0.0
P1027,conferred by,A-Few-Years,9,52.94117647058824,0.011265349038064362,1.0042528533362
P1027,conferred by,Many-Years,8,47.05882352941176,0.02719423482221769,2.4242380615309553
P3320,board member,A-Day,0,0.0,0.0,0.0
P3320,board member,A-Few-Days,0,0.0,0.0,0.0
P3320,board member,A-Week,0,0.0,0.0,0.0
P3320,board member,A-Few-Weeks,0,0.0,0.0,0.0
P3320,board member,A-Month,0,0.0,0.0,0.0
P3320,board member,A-Few-Months,0,0.0,0.0,0.0
P3320,board member,A-Year,0,0.0,0.0,0.0
P3320,board member,A-Few-Years,9,52.94117647058824,0.011265349038064362,1.0042528533362
P3320,board member,Many-Years,8,47.05882352941176,0.02719423482221769,2.4242380615309553
P237,coat of arms,A-Day,0,0.0,0.0,0.0
P237,coat of arms,A-Few-Days,0,0.0,0.0,0.0
P237,coat of arms,A-Week,0,0.0,0.0,0.0
P237,coat of arms,A-Few-Weeks,0,0.0,0.0,0.0
P237,coat of arms,A-Month,0,0.0,0.0,0.0
P237,coat of arms,A-Few-Months,0,0.0,0.0,0.0
P237,coat of arms,A-Year,0,0.0,0.0,0.0
P237,coat of arms,A-Few-Years,0,0.0,0.0,0.0
P237,coat of arms,Many-Years,16,100.0,0.05438846964443538,5.15150588075328
P1132,number of participants,A-Day,0,0.0,0.0,0.0
P1132,number of participants,A-Few-Days,0,0.0,0.0,0.0
P1132,number of participants,A-Week,0,0.0,0.0,0.0
P1132,number of participants,A-Few-Weeks,0,0.0,0.0,0.0
P1132,number of participants,A-Month,0,0.0,0.0,0.0
P1132,number of participants,A-Few-Months,2,12.5,0.04637143519591931,4.392157431022491
P1132,number of participants,A-Year,3,18.75,0.008792497069167644,0.8327978458382181
P1132,number of participants,A-Few-Years,7,43.75,0.008761938140716727,0.8299033996319987
P1132,number of participants,Many-Years,4,25.0,0.013597117411108845,1.28787647018832
P669,located on street,A-Day,0,0.0,0.0,0.0
P669,located on street,A-Few-Days,0,0.0,0.0,0.0
P669,located on street,A-Week,0,0.0,0.0,0.0
P669,located on street,A-Few-Weeks,0,0.0,0.0,0.0
P669,located on street,A-Month,0,0.0,0.0,0.0
P669,located on street,A-Few-Months,0,0.0,0.0,0.0
P669,located on street,A-Year,0,0.0,0.0,0.0
P669,located on street,A-Few-Years,4,26.666666666666668,0.005006821794695272,0.5058458816804563
P669,located on street,Many-Years,11,73.33333333333333,0.037392072880549326,3.7777709792190723
P1066,student of,A-Day,0,0.0,0.0,0.0
P1066,student of,A-Few-Days,0,0.0,0.0,0.0
P1066,student of,A-Week,0,0.0,0.0,0.0
P1066,student of,A-Few-Weeks,0,0.0,0.0,0.0
P1066,student of,A-Month,0,0.0,0.0,0.0
P1066,student of,A-Few-Months,0,0.0,0.0,0.0
P1066,student of,A-Year,1,6.666666666666667,0.0029308323563892145,0.2961059007424775
P1066,student of,A-Few-Years,14,93.33333333333333,0.017523876281433454,1.770460585881597
P1066,student of,Many-Years,0,0.0,0.0,0.0
P1313,office held by the head of government,A-Day,0,0.0,0.0,0.0
P1313,office held by the head of government,A-Few-Days,0,0.0,0.0,0.0
P1313,office held by the head of government,A-Week,0,0.0,0.0,0.0
P1313,office held by the head of government,A-Few-Weeks,0,0.0,0.0,0.0
P1313,office held by the head of government,A-Month,0,0.0,0.0,0.0
P1313,office held by the head of government,A-Few-Months,0,0.0,0.0,0.0
P1313,office held by the head of government,A-Year,1,6.666666666666667,0.0029308323563892145,0.2961059007424775
P1313,office held by the head of government,A-Few-Years,4,26.666666666666668,0.005006821794695272,0.5058458816804563
P1313,office held by the head of government,Many-Years,10,66.66666666666666,0.03399279352777211,3.4343372538355204
P121,item operated,A-Day,0,0.0,0.0,0.0
P121,item operated,A-Few-Days,0,0.0,0.0,0.0
P121,item operated,A-Week,0,0.0,0.0,0.0
P121,item operated,A-Few-Weeks,0,0.0,0.0,0.0
P121,item operated,A-Month,0,0.0,0.0,0.0
P121,item operated,A-Few-Months,1,7.142857142857142,0.023185717597959656,2.509804246298566
P121,item operated,A-Year,2,14.285714285714285,0.005861664712778429,0.6345126444481661
P121,item operated,A-Few-Years,4,28.57142857142857,0.005006821794695272,0.5419777303719174
P121,item operated,Many-Years,7,50.0,0.02379495546944048,2.57575294037664
P272,production company,A-Day,0,0.0,0.0,0.0
P272,production company,A-Few-Days,0,0.0,0.0,0.0
P272,production company,A-Week,0,0.0,0.0,0.0
P272,production company,A-Few-Weeks,0,0.0,0.0,0.0
P272,production company,A-Month,0,0.0,0.0,0.0
P272,production company,A-Few-Months,0,0.0,0.0,0.0
P272,production company,A-Year,0,0.0,0.0,0.0
P272,production company,A-Few-Years,9,64.28571428571429,0.011265349038064362,1.2194498933368143
P272,production company,Many-Years,5,35.714285714285715,0.016996396763886056,1.8398235288404572
P609,terminus location,A-Day,0,0.0,0.0,0.0
P609,terminus location,A-Few-Days,0,0.0,0.0,0.0
P609,terminus location,A-Week,0,0.0,0.0,0.0
P609,terminus location,A-Few-Weeks,0,0.0,0.0,0.0
P609,terminus location,A-Month,0,0.0,0.0,0.0
P609,terminus location,A-Few-Months,0,0.0,0.0,0.0
P609,terminus location,A-Year,0,0.0,0.0,0.0
P609,terminus location,A-Few-Years,4,28.57142857142857,0.005006821794695272,0.5419777303719174
P609,terminus location,Many-Years,10,71.42857142857143,0.03399279352777211,3.6796470576809144
P641,sport,A-Day,0,0.0,0.0,0.0
P641,sport,A-Few-Days,0,0.0,0.0,0.0
P641,sport,A-Week,0,0.0,0.0,0.0
P641,sport,A-Few-Weeks,0,0.0,0.0,0.0
P641,sport,A-Month,0,0.0,0.0,0.0
P641,sport,A-Few-Months,0,0.0,0.0,0.0
P641,sport,A-Year,3,21.428571428571427,0.008792497069167644,0.9517689666722492
P641,sport,A-Few-Years,6,42.857142857142854,0.007510232692042909,0.8129665955578762
P641,sport,Many-Years,5,35.714285714285715,0.016996396763886056,1.8398235288404572
P57,director,A-Day,0,0.0,0.0,0.0
P57,director,A-Few-Days,0,0.0,0.0,0.0
P57,director,A-Week,0,0.0,0.0,0.0
P57,director,A-Few-Weeks,0,0.0,0.0,0.0
P57,director,A-Month,0,0.0,0.0,0.0
P57,director,A-Few-Months,0,0.0,0.0,0.0
P57,director,A-Year,3,25.0,0.008792497069167644,1.1103971277842908
P57,director,A-Few-Years,4,33.33333333333333,0.005006821794695272,0.6323073521005703
P57,director,Many-Years,5,41.66666666666667,0.016996396763886056,2.1464607836472003
P175,performer,A-Day,0,0.0,0.0,0.0
P175,performer,A-Few-Days,0,0.0,0.0,0.0
P175,performer,A-Week,0,0.0,0.0,0.0
P175,performer,A-Few-Weeks,0,0.0,0.0,0.0
P175,performer,A-Month,1,8.333333333333332,0.06397952655150352,8.079921091917253
P175,performer,A-Few-Months,0,0.0,0.0,0.0
P175,performer,A-Year,0,0.0,0.0,0.0
P175,performer,A-Few-Years,5,41.66666666666667,0.00625852724336909,0.7903841901257129
P175,performer,Many-Years,6,50.0,0.020395676116663267,2.57575294037664
P1110,attendance,A-Day,0,0.0,0.0,0.0
P1110,attendance,A-Few-Days,1,8.333333333333332,0.2008032128514056,25.359270414993308
P1110,attendance,A-Week,0,0.0,0.0,0.0
P1110,attendance,A-Few-Weeks,0,0.0,0.0,0.0
P1110,attendance,A-Month,0,0.0,0.0,0.0
P1110,attendance,A-Few-Months,1,8.333333333333332,0.023185717597959656,2.9281049540149935
P1110,attendance,A-Year,10,83.33333333333334,0.029308323563892142,3.701323759280969
P1110,attendance,A-Few-Years,0,0.0,0.0,0.0
P1110,attendance,Many-Years,0,0.0,0.0,0.0
P1830,owner of,A-Day,0,0.0,0.0,0.0
P1830,owner of,A-Few-Days,0,0.0,0.0,0.0
P1830,owner of,A-Week,0,0.0,0.0,0.0
P1830,owner of,A-Few-Weeks,0,0.0,0.0,0.0
P1830,owner of,A-Month,0,0.0,0.0,0.0
P1830,owner of,A-Few-Months,0,0.0,0.0,0.0
P1830,owner of,A-Year,0,0.0,0.0,0.0
P1830,owner of,A-Few-Years,6,50.0,0.007510232692042909,0.9484610281508555
P1830,owner of,Many-Years,6,50.0,0.020395676116663267,2.57575294037664
P2283,uses,A-Day,0,0.0,0.0,0.0
P2283,uses,A-Few-Days,0,0.0,0.0,0.0
P2283,uses,A-Week,0,0.0,0.0,0.0
P2283,uses,A-Few-Weeks,0,0.0,0.0,0.0
P2283,uses,A-Month,0,0.0,0.0,0.0
P2283,uses,A-Few-Months,0,0.0,0.0,0.0
P2283,uses,A-Year,0,0.0,0.0,0.0
P2283,uses,A-Few-Years,3,25.0,0.0037551163460214543,0.47423051407542777
P2283,uses,Many-Years,9,75.0,0.030593514174994903,3.8636294105649602
P6872,has written for,A-Day,0,0.0,0.0,0.0
P6872,has written for,A-Few-Days,0,0.0,0.0,0.0
P6872,has written for,A-Week,0,0.0,0.0,0.0
P6872,has written for,A-Few-Weeks,0,0.0,0.0,0.0
P6872,has written for,A-Month,0,0.0,0.0,0.0
P6872,has written for,A-Few-Months,0,0.0,0.0,0.0
P6872,has written for,A-Year,2,16.666666666666664,0.005861664712778429,0.7402647518561938
P6872,has written for,A-Few-Years,8,66.66666666666666,0.010013643589390544,1.2646147042011406
P6872,has written for,Many-Years,2,16.666666666666664,0.006798558705554423,0.85858431345888
P2047,duration,A-Day,0,0.0,0.0,0.0
P2047,duration,A-Few-Days,0,0.0,0.0,0.0
P2047,duration,A-Week,0,0.0,0.0,0.0
P2047,duration,A-Few-Weeks,0,0.0,0.0,0.0
P2047,duration,A-Month,0,0.0,0.0,0.0
P2047,duration,A-Few-Months,1,9.090909090909092,0.023185717597959656,3.194296313470902
P2047,duration,A-Year,0,0.0,0.0,0.0
P2047,duration,A-Few-Years,7,63.63636363636363,0.008761938140716727,1.2071322176465433
P2047,duration,Many-Years,3,27.27272727272727,0.010197838058331634,1.4049561492963494
P178,developer,A-Day,0,0.0,0.0,0.0
P178,developer,A-Few-Days,0,0.0,0.0,0.0
P178,developer,A-Week,0,0.0,0.0,0.0
P178,developer,A-Few-Weeks,0,0.0,0.0,0.0
P178,developer,A-Month,0,0.0,0.0,0.0
P178,developer,A-Few-Months,0,0.0,0.0,0.0
P178,developer,A-Year,0,0.0,0.0,0.0
P178,developer,A-Few-Years,7,70.0,0.008761938140716727,1.3278454394111978
P178,developer,Many-Years,3,30.0,0.010197838058331634,1.545451764225984
P217,inventory number,A-Day,0,0.0,0.0,0.0
P217,inventory number,A-Few-Days,0,0.0,0.0,0.0
P217,inventory number,A-Week,0,0.0,0.0,0.0
P217,inventory number,A-Few-Weeks,0,0.0,0.0,0.0
P217,inventory number,A-Month,0,0.0,0.0,0.0
P217,inventory number,A-Few-Months,0,0.0,0.0,0.0
P217,inventory number,A-Year,0,0.0,0.0,0.0
P217,inventory number,A-Few-Years,3,30.0,0.0037551163460214543,0.5690766168905134
P217,inventory number,Many-Years,7,70.0,0.02379495546944048,3.606054116527296
P664,organizer,A-Day,0,0.0,0.0,0.0
P664,organizer,A-Few-Days,0,0.0,0.0,0.0
P664,organizer,A-Week,0,0.0,0.0,0.0
P664,organizer,A-Few-Weeks,0,0.0,0.0,0.0
P664,organizer,A-Month,0,0.0,0.0,0.0
P664,organizer,A-Few-Months,0,0.0,0.0,0.0
P664,organizer,A-Year,1,10.0,0.0029308323563892145,0.4441588511137163
P664,organizer,A-Few-Years,1,10.0,0.001251705448673818,0.1896922056301711
P664,organizer,Many-Years,8,80.0,0.02719423482221769,4.121204704602624
P1327,partner in business or sport,A-Day,0,0.0,0.0,0.0
P1327,partner in business or sport,A-Few-Days,0,0.0,0.0,0.0
P1327,partner in business or sport,A-Week,0,0.0,0.0,0.0
P1327,partner in business or sport,A-Few-Weeks,0,0.0,0.0,0.0
P1327,partner in business or sport,A-Month,0,0.0,0.0,0.0
P1327,partner in business or sport,A-Few-Months,0,0.0,0.0,0.0
P1327,partner in business or sport,A-Year,1,10.0,0.0029308323563892145,0.4441588511137163
P1327,partner in business or sport,A-Few-Years,6,60.0,0.007510232692042909,1.1381532337810267
P1327,partner in business or sport,Many-Years,3,30.0,0.010197838058331634,1.545451764225984
P2124,member count,A-Day,0,0.0,0.0,0.0
P2124,member count,A-Few-Days,0,0.0,0.0,0.0
P2124,member count,A-Week,0,0.0,0.0,0.0
P2124,member count,A-Few-Weeks,0,0.0,0.0,0.0
P2124,member count,A-Month,0,0.0,0.0,0.0
P2124,member count,A-Few-Months,0,0.0,0.0,0.0
P2124,member count,A-Year,1,10.0,0.0029308323563892145,0.4441588511137163
P2124,member count,A-Few-Years,6,60.0,0.007510232692042909,1.1381532337810267
P2124,member count,Many-Years,3,30.0,0.010197838058331634,1.545451764225984
P2838,professional name,A-Day,0,0.0,0.0,0.0
P2838,professional name,A-Few-Days,0,0.0,0.0,0.0
P2838,professional name,A-Week,0,0.0,0.0,0.0
P2838,professional name,A-Few-Weeks,0,0.0,0.0,0.0
P2838,professional name,A-Month,0,0.0,0.0,0.0
P2838,professional name,A-Few-Months,0,0.0,0.0,0.0
P2838,professional name,A-Year,0,0.0,0.0,0.0
P2838,professional name,A-Few-Years,5,50.0,0.00625852724336909,0.9484610281508555
P2838,professional name,Many-Years,5,50.0,0.016996396763886056,2.57575294037664
P3301,broadcast by,A-Day,0,0.0,0.0,0.0
P3301,broadcast by,A-Few-Days,0,0.0,0.0,0.0
P3301,broadcast by,A-Week,0,0.0,0.0,0.0
P3301,broadcast by,A-Few-Weeks,0,0.0,0.0,0.0
P3301,broadcast by,A-Month,0,0.0,0.0,0.0
P3301,broadcast by,A-Few-Months,2,20.0,0.04637143519591931,7.0274518896359845
P3301,broadcast by,A-Year,0,0.0,0.0,0.0
P3301,broadcast by,A-Few-Years,8,80.0,0.010013643589390544,1.517537645041369
P3301,broadcast by,Many-Years,0,0.0,0.0,0.0
P3342,significant person,A-Day,0,0.0,0.0,0.0
P3342,significant person,A-Few-Days,0,0.0,0.0,0.0
P3342,significant person,A-Week,0,0.0,0.0,0.0
P3342,significant person,A-Few-Weeks,0,0.0,0.0,0.0
P3342,significant person,A-Month,0,0.0,0.0,0.0
P3342,significant person,A-Few-Months,0,0.0,0.0,0.0
P3342,significant person,A-Year,1,10.0,0.0029308323563892145,0.4441588511137163
P3342,significant person,A-Few-Years,4,40.0,0.005006821794695272,0.7587688225206844
P3342,significant person,Many-Years,5,50.0,0.016996396763886056,2.57575294037664
P3438,vehicle normally used,A-Day,0,0.0,0.0,0.0
P3438,vehicle normally used,A-Few-Days,0,0.0,0.0,0.0
P3438,vehicle normally used,A-Week,0,0.0,0.0,0.0
P3438,vehicle normally used,A-Few-Weeks,0,0.0,0.0,0.0
P3438,vehicle normally used,A-Month,0,0.0,0.0,0.0
P3438,vehicle normally used,A-Few-Months,0,0.0,0.0,0.0
P3438,vehicle normally used,A-Year,1,10.0,0.0029308323563892145,0.4441588511137163
P3438,vehicle normally used,A-Few-Years,5,50.0,0.00625852724336909,0.9484610281508555
P3438,vehicle normally used,Many-Years,4,40.0,0.013597117411108845,2.060602352301312
P10308,director of publication,A-Day,0,0.0,0.0,0.0
P10308,director of publication,A-Few-Days,0,0.0,0.0,0.0
P10308,director of publication,A-Week,0,0.0,0.0,0.0
P10308,director of publication,A-Few-Weeks,0,0.0,0.0,0.0
P10308,director of publication,A-Month,0,0.0,0.0,0.0
P10308,director of publication,A-Few-Months,1,10.0,0.023185717597959656,3.5137259448179923
P10308,director of publication,A-Year,1,10.0,0.0029308323563892145,0.4441588511137163
P10308,director of publication,A-Few-Years,3,30.0,0.0037551163460214543,0.5690766168905134
P10308,director of publication,Many-Years,5,50.0,0.016996396763886056,2.57575294037664
P86,composer,A-Day,0,0.0,0.0,0.0
P86,composer,A-Few-Days,0,0.0,0.0,0.0
P86,composer,A-Week,0,0.0,0.0,0.0
P86,composer,A-Few-Weeks,0,0.0,0.0,0.0
P86,composer,A-Month,0,0.0,0.0,0.0
P86,composer,A-Few-Months,0,0.0,0.0,0.0
P86,composer,A-Year,0,0.0,0.0,0.0
P86,composer,A-Few-Years,2,22.22222222222222,0.002503410897347636,0.42153823473371355
P86,composer,Many-Years,7,77.77777777777779,0.02379495546944048,4.00672679614144
P750,distributed by,A-Day,0,0.0,0.0,0.0
P750,distributed by,A-Few-Days,0,0.0,0.0,0.0
P750,distributed by,A-Week,0,0.0,0.0,0.0
P750,distributed by,A-Few-Weeks,0,0.0,0.0,0.0
P750,distributed by,A-Month,0,0.0,0.0,0.0
P750,distributed by,A-Few-Months,0,0.0,0.0,0.0
P750,distributed by,A-Year,0,0.0,0.0,0.0
P750,distributed by,A-Few-Years,6,66.66666666666666,0.007510232692042909,1.2646147042011406
P750,distributed by,Many-Years,3,33.33333333333333,0.010197838058331634,1.71716862691776
P1029,crew members,A-Day,0,0.0,0.0,0.0
P1029,crew members,A-Few-Days,0,0.0,0.0,0.0
P1029,crew members,A-Week,0,0.0,0.0,0.0
P1029,crew members,A-Few-Weeks,1,11.11111111111111,0.08650519031141869,14.566224529027298
P1029,crew members,A-Month,0,0.0,0.0,0.0
P1029,crew members,A-Few-Months,2,22.22222222222222,0.04637143519591931,7.808279877373315
P1029,crew members,A-Year,2,22.22222222222222,0.005861664712778429,0.9870196691415918
P1029,crew members,A-Few-Years,3,33.33333333333333,0.0037551163460214543,0.6323073521005703
P1029,crew members,Many-Years,1,11.11111111111111,0.0033992793527772114,0.57238954230592
P1640,curator,A-Day,0,0.0,0.0,0.0
P1640,curator,A-Few-Days,0,0.0,0.0,0.0
P1640,curator,A-Week,0,0.0,0.0,0.0
P1640,curator,A-Few-Weeks,0,0.0,0.0,0.0
P1640,curator,A-Month,0,0.0,0.0,0.0
P1640,curator,A-Few-Months,0,0.0,0.0,0.0
P1640,curator,A-Year,0,0.0,0.0,0.0
P1640,curator,A-Few-Years,1,11.11111111111111,0.001251705448673818,0.21076911736685677
P1640,curator,Many-Years,8,88.88888888888889,0.02719423482221769,4.57911633844736
P2109,nominal power output,A-Day,0,0.0,0.0,0.0
P2109,nominal power output,A-Few-Days,0,0.0,0.0,0.0
P2109,nominal power output,A-Week,0,0.0,0.0,0.0
P2109,nominal power output,A-Few-Weeks,0,0.0,0.0,0.0
P2109,nominal power output,A-Month,0,0.0,0.0,0.0
P2109,nominal power output,A-Few-Months,1,11.11111111111111,0.023185717597959656,3.9041399386866575
P2109,nominal power output,A-Year,0,0.0,0.0,0.0
P2109,nominal power output,A-Few-Years,3,33.33333333333333,0.0037551163460214543,0.6323073521005703
P2109,nominal power output,Many-Years,5,55.55555555555556,0.016996396763886056,2.8619477115296
P2257,event interval,A-Day,0,0.0,0.0,0.0
P2257,event interval,A-Few-Days,0,0.0,0.0,0.0
P2257,event interval,A-Week,0,0.0,0.0,0.0
P2257,event interval,A-Few-Weeks,0,0.0,0.0,0.0
P2257,event interval,A-Month,0,0.0,0.0,0.0
P2257,event interval,A-Few-Months,0,0.0,0.0,0.0
P2257,event interval,A-Year,0,0.0,0.0,0.0
P2257,event interval,A-Few-Years,6,66.66666666666666,0.007510232692042909,1.2646147042011406
P2257,event interval,Many-Years,3,33.33333333333333,0.010197838058331634,1.71716862691776
P2825,via,A-Day,0,0.0,0.0,0.0
P2825,via,A-Few-Days,4,44.44444444444444,0.8032128514056224,135.24944221329764
P2825,via,A-Week,0,0.0,0.0,0.0
P2825,via,A-Few-Weeks,1,11.11111111111111,0.08650519031141869,14.566224529027298
P2825,via,A-Month,1,11.11111111111111,0.06397952655150352,10.773228122556338
P2825,via,A-Few-Months,3,33.33333333333333,0.06955715279387896,11.712419816059972
P2825,via,A-Year,0,0.0,0.0,0.0
P2825,via,A-Few-Years,0,0.0,0.0,0.0
P2825,via,Many-Years,0,0.0,0.0,0.0
P47,shares border with,A-Day,0,0.0,0.0,0.0
P47,shares border with,A-Few-Days,0,0.0,0.0,0.0
P47,shares border with,A-Week,0,0.0,0.0,0.0
P47,shares border with,A-Few-Weeks,0,0.0,0.0,0.0
P47,shares border with,A-Month,0,0.0,0.0,0.0
P47,shares border with,A-Few-Months,0,0.0,0.0,0.0
P47,shares border with,A-Year,0,0.0,0.0,0.0
P47,shares border with,A-Few-Years,2,25.0,0.002503410897347636,0.47423051407542777
P47,shares border with,Many-Years,6,75.0,0.020395676116663267,3.8636294105649602
P85,anthem,A-Day,0,0.0,0.0,0.0
P85,anthem,A-Few-Days,0,0.0,0.0,0.0
P85,anthem,A-Week,0,0.0,0.0,0.0
P85,anthem,A-Few-Weeks,0,0.0,0.0,0.0
P85,anthem,A-Month,0,0.0,0.0,0.0
P85,anthem,A-Few-Months,0,0.0,0.0,0.0
P85,anthem,A-Year,0,0.0,0.0,0.0
P85,anthem,A-Few-Years,3,37.5,0.0037551163460214543,0.7113457711131417
P85,anthem,Many-Years,5,62.5,0.016996396763886056,3.2196911754708
P612,mother house,A-Day,0,0.0,0.0,0.0
P612,mother house,A-Few-Days,0,0.0,0.0,0.0
P612,mother house,A-Week,0,0.0,0.0,0.0
P612,mother house,A-Few-Weeks,0,0.0,0.0,0.0
P612,mother house,A-Month,0,0.0,0.0,0.0
P612,mother house,A-Few-Months,0,0.0,0.0,0.0
P612,mother house,A-Year,0,0.0,0.0,0.0
P612,mother house,A-Few-Years,1,12.5,0.001251705448673818,0.23711525703771388
P612,mother house,Many-Years,7,87.5,0.02379495546944048,4.50756764565912
P1071,location of creation,A-Day,0,0.0,0.0,0.0
P1071,location of creation,A-Few-Days,0,0.0,0.0,0.0
P1071,location of creation,A-Week,0,0.0,0.0,0.0
P1071,location of creation,A-Few-Weeks,0,0.0,0.0,0.0
P1071,location of creation,A-Month,0,0.0,0.0,0.0
P1071,location of creation,A-Few-Months,0,0.0,0.0,0.0
P1071,location of creation,A-Year,0,0.0,0.0,0.0
P1071,location of creation,A-Few-Years,6,75.0,0.007510232692042909,1.4226915422262834
P1071,location of creation,Many-Years,2,25.0,0.006798558705554423,1.28787647018832
P2505,carries thoroughfare,A-Day,0,0.0,0.0,0.0
P2505,carries thoroughfare,A-Few-Days,0,0.0,0.0,0.0
P2505,carries thoroughfare,A-Week,0,0.0,0.0,0.0
P2505,carries thoroughfare,A-Few-Weeks,0,0.0,0.0,0.0
P2505,carries thoroughfare,A-Month,0,0.0,0.0,0.0
P2505,carries thoroughfare,A-Few-Months,0,0.0,0.0,0.0
P2505,carries thoroughfare,A-Year,0,0.0,0.0,0.0
P2505,carries thoroughfare,A-Few-Years,0,0.0,0.0,0.0
P2505,carries thoroughfare,Many-Years,8,100.0,0.02719423482221769,5.15150588075328
P2758,CNC film rating (France),A-Day,0,0.0,0.0,0.0
P2758,CNC film rating (France),A-Few-Days,0,0.0,0.0,0.0
P2758,CNC film rating (France),A-Week,0,0.0,0.0,0.0
P2758,CNC film rating (France),A-Few-Weeks,0,0.0,0.0,0.0
P2758,CNC film rating (France),A-Month,0,0.0,0.0,0.0
P2758,CNC film rating (France),A-Few-Months,0,0.0,0.0,0.0
P2758,CNC film rating (France),A-Year,1,12.5,0.0029308323563892145,0.5551985638921454
P2758,CNC film rating (France),A-Few-Years,5,62.5,0.00625852724336909,1.1855762851885694
P2758,CNC film rating (France),Many-Years,2,25.0,0.006798558705554423,1.28787647018832
P2813,house publication,A-Day,0,0.0,0.0,0.0
P2813,house publication,A-Few-Days,0,0.0,0.0,0.0
P2813,house publication,A-Week,0,0.0,0.0,0.0
P2813,house publication,A-Few-Weeks,0,0.0,0.0,0.0
P2813,house publication,A-Month,0,0.0,0.0,0.0
P2813,house publication,A-Few-Months,0,0.0,0.0,0.0
P2813,house publication,A-Year,0,0.0,0.0,0.0
P2813,house publication,A-Few-Years,3,37.5,0.0037551163460214543,0.7113457711131417
P2813,house publication,Many-Years,5,62.5,0.016996396763886056,3.2196911754708
P5995,kit supplier,A-Day,0,0.0,0.0,0.0
P5995,kit supplier,A-Few-Days,0,0.0,0.0,0.0
P5995,kit supplier,A-Week,0,0.0,0.0,0.0
P5995,kit supplier,A-Few-Weeks,0,0.0,0.0,0.0
P5995,kit supplier,A-Month,0,0.0,0.0,0.0
P5995,kit supplier,A-Few-Months,0,0.0,0.0,0.0
P5995,kit supplier,A-Year,0,0.0,0.0,0.0
P5995,kit supplier,A-Few-Years,8,100.0,0.010013643589390544,1.896922056301711
P5995,kit supplier,Many-Years,0,0.0,0.0,0.0
P50,author,A-Day,0,0.0,0.0,0.0
P50,author,A-Few-Days,0,0.0,0.0,0.0
P50,author,A-Week,0,0.0,0.0,0.0
P50,author,A-Few-Weeks,0,0.0,0.0,0.0
P50,author,A-Month,0,0.0,0.0,0.0
P50,author,A-Few-Months,0,0.0,0.0,0.0
P50,author,A-Year,0,0.0,0.0,0.0
P50,author,A-Few-Years,3,42.857142857142854,0.0037551163460214543,0.8129665955578762
P50,author,Many-Years,4,57.14285714285714,0.013597117411108845,2.9437176461447314
P186,made from material,A-Day,0,0.0,0.0,0.0
P186,made from material,A-Few-Days,0,0.0,0.0,0.0
P186,made from material,A-Week,0,0.0,0.0,0.0
P186,made from material,A-Few-Weeks,0,0.0,0.0,0.0
P186,made from material,A-Month,0,0.0,0.0,0.0
P186,made from material,A-Few-Months,0,0.0,0.0,0.0
P186,made from material,A-Year,0,0.0,0.0,0.0
P186,made from material,A-Few-Years,1,14.285714285714285,0.001251705448673818,0.2709888651859587
P186,made from material,Many-Years,6,85.71428571428571,0.020395676116663267,4.415576469217097
P194,legislative body,A-Day,0,0.0,0.0,0.0
P194,legislative body,A-Few-Days,0,0.0,0.0,0.0
P194,legislative body,A-Week,0,0.0,0.0,0.0
P194,legislative body,A-Few-Weeks,0,0.0,0.0,0.0
P194,legislative body,A-Month,0,0.0,0.0,0.0
P194,legislative body,A-Few-Months,0,0.0,0.0,0.0
P194,legislative body,A-Year,0,0.0,0.0,0.0
P194,legislative body,A-Few-Years,5,71.42857142857143,0.00625852724336909,1.3549443259297937
P194,legislative body,Many-Years,2,28.57142857142857,0.006798558705554423,1.4718588230723657
P495,country of origin,A-Day,0,0.0,0.0,0.0
P495,country of origin,A-Few-Days,0,0.0,0.0,0.0
P495,country of origin,A-Week,0,0.0,0.0,0.0
P495,country of origin,A-Few-Weeks,0,0.0,0.0,0.0
P495,country of origin,A-Month,0,0.0,0.0,0.0
P495,country of origin,A-Few-Months,0,0.0,0.0,0.0
P495,country of origin,A-Year,0,0.0,0.0,0.0
P495,country of origin,A-Few-Years,1,14.285714285714285,0.001251705448673818,0.2709888651859587
P495,country of origin,Many-Years,6,85.71428571428571,0.020395676116663267,4.415576469217097
P798,military designation,A-Day,0,0.0,0.0,0.0
P798,military designation,A-Few-Days,0,0.0,0.0,0.0
P798,military designation,A-Week,0,0.0,0.0,0.0
P798,military designation,A-Few-Weeks,0,0.0,0.0,0.0
P798,military designation,A-Month,0,0.0,0.0,0.0
P798,military designation,A-Few-Months,0,0.0,0.0,0.0
P798,military designation,A-Year,0,0.0,0.0,0.0
P798,military designation,A-Few-Years,2,28.57142857142857,0.002503410897347636,0.5419777303719174
P798,military designation,Many-Years,5,71.42857142857143,0.016996396763886056,3.6796470576809144
P2499,league level above,A-Day,0,0.0,0.0,0.0
P2499,league level above,A-Few-Days,0,0.0,0.0,0.0
P2499,league level above,A-Week,0,0.0,0.0,0.0
P2499,league level above,A-Few-Weeks,0,0.0,0.0,0.0
P2499,league level above,A-Month,0,0.0,0.0,0.0
P2499,league level above,A-Few-Months,0,0.0,0.0,0.0
P2499,league level above,A-Year,0,0.0,0.0,0.0
P2499,league level above,A-Few-Years,4,57.14285714285714,0.005006821794695272,1.0839554607438349
P2499,league level above,Many-Years,3,42.857142857142854,0.010197838058331634,2.2077882346085484
P4345,director of archaeological fieldwork,A-Day,0,0.0,0.0,0.0
P4345,director of archaeological fieldwork,A-Few-Days,0,0.0,0.0,0.0
P4345,director of archaeological fieldwork,A-Week,0,0.0,0.0,0.0
P4345,director of archaeological fieldwork,A-Few-Weeks,0,0.0,0.0,0.0
P4345,director of archaeological fieldwork,A-Month,0,0.0,0.0,0.0
P4345,director of archaeological fieldwork,A-Few-Months,0,0.0,0.0,0.0
P4345,director of archaeological fieldwork,A-Year,0,0.0,0.0,0.0
P4345,director of archaeological fieldwork,A-Few-Years,4,57.14285714285714,0.005006821794695272,1.0839554607438349
P4345,director of archaeological fieldwork,Many-Years,3,42.857142857142854,0.010197838058331634,2.2077882346085484
P12452,appeals to,A-Day,0,0.0,0.0,0.0
P12452,appeals to,A-Few-Days,0,0.0,0.0,0.0
P12452,appeals to,A-Week,0,0.0,0.0,0.0
P12452,appeals to,A-Few-Weeks,0,0.0,0.0,0.0
P12452,appeals to,A-Month,0,0.0,0.0,0.0
P12452,appeals to,A-Few-Months,0,0.0,0.0,0.0
P12452,appeals to,A-Year,0,0.0,0.0,0.0
P12452,appeals to,A-Few-Years,0,0.0,0.0,0.0
P12452,appeals to,Many-Years,7,100.0,0.02379495546944048,5.15150588075328
P122,basic form of government,A-Day,0,0.0,0.0,0.0
P122,basic form of government,A-Few-Days,0,0.0,0.0,0.0
P122,basic form of government,A-Week,0,0.0,0.0,0.0
P122,basic form of government,A-Few-Weeks,0,0.0,0.0,0.0
P122,basic form of government,A-Month,0,0.0,0.0,0.0
P122,basic form of government,A-Few-Months,0,0.0,0.0,0.0
P122,basic form of government,A-Year,0,0.0,0.0,0.0
P122,basic form of government,A-Few-Years,2,33.33333333333333,0.002503410897347636,0.6323073521005703
P122,basic form of government,Many-Years,4,66.66666666666666,0.013597117411108845,3.43433725383552
P156,followed by,A-Day,0,0.0,0.0,0.0
P156,followed by,A-Few-Days,0,0.0,0.0,0.0
P156,followed by,A-Week,0,0.0,0.0,0.0
P156,followed by,A-Few-Weeks,0,0.0,0.0,0.0
P156,followed by,A-Month,0,0.0,0.0,0.0
P156,followed by,A-Few-Months,0,0.0,0.0,0.0
P156,followed by,A-Year,0,0.0,0.0,0.0
P156,followed by,A-Few-Years,2,33.33333333333333,0.002503410897347636,0.6323073521005703
P156,followed by,Many-Years,4,66.66666666666666,0.013597117411108845,3.43433725383552
P161,cast member,A-Day,0,0.0,0.0,0.0
P161,cast member,A-Few-Days,0,0.0,0.0,0.0
P161,cast member,A-Week,0,0.0,0.0,0.0
P161,cast member,A-Few-Weeks,0,0.0,0.0,0.0
P161,cast member,A-Month,0,0.0,0.0,0.0
P161,cast member,A-Few-Months,0,0.0,0.0,0.0
P161,cast member,A-Year,1,16.666666666666664,0.0029308323563892145,0.7402647518561938
P161,cast member,A-Few-Years,3,50.0,0.0037551163460214543,0.9484610281508555
P161,cast member,Many-Years,2,33.33333333333333,0.006798558705554423,1.71716862691776
P162,producer,A-Day,0,0.0,0.0,0.0
P162,producer,A-Few-Days,0,0.0,0.0,0.0
P162,producer,A-Week,0,0.0,0.0,0.0
P162,producer,A-Few-Weeks,0,0.0,0.0,0.0
P162,producer,A-Month,0,0.0,0.0,0.0
P162,producer,A-Few-Months,0,0.0,0.0,0.0
P162,producer,A-Year,2,33.33333333333333,0.005861664712778429,1.4805295037123876
P162,producer,A-Few-Years,4,66.66666666666666,0.005006821794695272,1.2646147042011406
P162,producer,Many-Years,0,0.0,0.0,0.0
P725,voice actor,A-Day,0,0.0,0.0,0.0
P725,voice actor,A-Few-Days,0,0.0,0.0,0.0
P725,voice actor,A-Week,0,0.0,0.0,0.0
P725,voice actor,A-Few-Weeks,0,0.0,0.0,0.0
P725,voice actor,A-Month,0,0.0,0.0,0.0
P725,voice actor,A-Few-Months,0,0.0,0.0,0.0
P725,voice actor,A-Year,0,0.0,0.0,0.0
P725,voice actor,A-Few-Years,3,50.0,0.0037551163460214543,0.9484610281508555
P725,voice actor,Many-Years,3,50.0,0.010197838058331634,2.57575294037664
P825,dedicated to,A-Day,0,0.0,0.0,0.0
P825,dedicated to,A-Few-Days,0,0.0,0.0,0.0
P825,dedicated to,A-Week,0,0.0,0.0,0.0
P825,dedicated to,A-Few-Weeks,0,0.0,0.0,0.0
P825,dedicated to,A-Month,0,0.0,0.0,0.0
P825,dedicated to,A-Few-Months,0,0.0,0.0,0.0
P825,dedicated to,A-Year,0,0.0,0.0,0.0
P825,dedicated to,A-Few-Years,1,16.666666666666664,0.001251705448673818,0.31615367605028516
P825,dedicated to,Many-Years,5,83.33333333333334,0.016996396763886056,4.2929215672944006
P837,day in year for periodic occurrence,A-Day,0,0.0,0.0,0.0
P837,day in year for periodic occurrence,A-Few-Days,0,0.0,0.0,0.0
P837,day in year for periodic occurrence,A-Week,0,0.0,0.0,0.0
P837,day in year for periodic occurrence,A-Few-Weeks,0,0.0,0.0,0.0
P837,day in year for periodic occurrence,A-Month,0,0.0,0.0,0.0
P837,day in year for periodic occurrence,A-Few-Months,0,0.0,0.0,0.0
P837,day in year for periodic occurrence,A-Year,1,16.666666666666664,0.0029308323563892145,0.7402647518561938
P837,day in year for periodic occurrence,A-Few-Years,1,16.666666666666664,0.001251705448673818,0.31615367605028516
P837,day in year for periodic occurrence,Many-Years,4,66.66666666666666,0.013597117411108845,3.43433725383552
P1535,used by,A-Day,0,0.0,0.0,0.0
P1535,used by,A-Few-Days,0,0.0,0.0,0.0
P1535,used by,A-Week,0,0.0,0.0,0.0
P1535,used by,A-Few-Weeks,0,0.0,0.0,0.0
P1535,used by,A-Month,0,0.0,0.0,0.0
P1535,used by,A-Few-Months,0,0.0,0.0,0.0
P1535,used by,A-Year,0,0.0,0.0,0.0
P1535,used by,A-Few-Years,1,16.666666666666664,0.001251705448673818,0.31615367605028516
P1535,used by,Many-Years,5,83.33333333333334,0.016996396763886056,4.2929215672944006
P1824,road number,A-Day,0,0.0,0.0,0.0
P1824,road number,A-Few-Days,0,0.0,0.0,0.0
P1824,road number,A-Week,0,0.0,0.0,0.0
P1824,road number,A-Few-Weeks,0,0.0,0.0,0.0
P1824,road number,A-Month,0,0.0,0.0,0.0
P1824,road number,A-Few-Months,0,0.0,0.0,0.0
P1824,road number,A-Year,0,0.0,0.0,0.0
P1824,road number,A-Few-Years,2,33.33333333333333,0.002503410897347636,0.6323073521005703
P1824,road number,Many-Years,4,66.66666666666666,0.013597117411108845,3.43433725383552
P5607,located in the religious territorial entity,A-Day,0,0.0,0.0,0.0
P5607,located in the religious territorial entity,A-Few-Days,0,0.0,0.0,0.0
P5607,located in the religious territorial entity,A-Week,0,0.0,0.0,0.0
P5607,located in the religious territorial entity,A-Few-Weeks,0,0.0,0.0,0.0
P5607,located in the religious territorial entity,A-Month,0,0.0,0.0,0.0
P5607,located in the religious territorial entity,A-Few-Months,0,0.0,0.0,0.0
P5607,located in the religious territorial entity,A-Year,0,0.0,0.0,0.0
P5607,located in the religious territorial entity,A-Few-Years,0,0.0,0.0,0.0
P5607,located in the religious territorial entity,Many-Years,6,100.0,0.020395676116663267,5.15150588075328
P81,connecting line,A-Day,0,0.0,0.0,0.0
P81,connecting line,A-Few-Days,0,0.0,0.0,0.0
P81,connecting line,A-Week,0,0.0,0.0,0.0
P81,connecting line,A-Few-Weeks,0,0.0,0.0,0.0
P81,connecting line,A-Month,0,0.0,0.0,0.0
P81,connecting line,A-Few-Months,0,0.0,0.0,0.0
P81,connecting line,A-Year,0,0.0,0.0,0.0
P81,connecting line,A-Few-Years,0,0.0,0.0,0.0
P81,connecting line,Many-Years,5,100.0,0.016996396763886056,5.15150588075328
P355,child organization or unit,A-Day,0,0.0,0.0,0.0
P355,child organization or unit,A-Few-Days,0,0.0,0.0,0.0
P355,child organization or unit,A-Week,0,0.0,0.0,0.0
P355,child organization or unit,A-Few-Weeks,0,0.0,0.0,0.0
P355,child organization or unit,A-Month,0,0.0,0.0,0.0
P355,child organization or unit,A-Few-Months,0,0.0,0.0,0.0
P355,child organization or unit,A-Year,0,0.0,0.0,0.0
P355,child organization or unit,A-Few-Years,1,20.0,0.001251705448673818,0.3793844112603422
P355,child organization or unit,Many-Years,4,80.0,0.013597117411108845,4.121204704602624
P767,contributor to the creative work or subject,A-Day,0,0.0,0.0,0.0
P767,contributor to the creative work or subject,A-Few-Days,0,0.0,0.0,0.0
P767,contributor to the creative work or subject,A-Week,0,0.0,0.0,0.0
P767,contributor to the creative work or subject,A-Few-Weeks,0,0.0,0.0,0.0
P767,contributor to the creative work or subject,A-Month,0,0.0,0.0,0.0
P767,contributor to the creative work or subject,A-Few-Months,0,0.0,0.0,0.0
P767,contributor to the creative work or subject,A-Year,1,20.0,0.0029308323563892145,0.8883177022274326
P767,contributor to the creative work or subject,A-Few-Years,2,40.0,0.002503410897347636,0.7587688225206844
P767,contributor to the creative work or subject,Many-Years,2,40.0,0.006798558705554423,2.060602352301312
P812,academic major,A-Day,0,0.0,0.0,0.0
P812,academic major,A-Few-Days,0,0.0,0.0,0.0
P812,academic major,A-Week,0,0.0,0.0,0.0
P812,academic major,A-Few-Weeks,0,0.0,0.0,0.0
P812,academic major,A-Month,0,0.0,0.0,0.0
P812,academic major,A-Few-Months,0,0.0,0.0,0.0
P812,academic major,A-Year,1,20.0,0.0029308323563892145,0.8883177022274326
P812,academic major,A-Few-Years,3,60.0,0.0037551163460214543,1.1381532337810267
P812,academic major,Many-Years,1,20.0,0.0033992793527772114,1.030301176150656
P1716,brand,A-Day,0,0.0,0.0,0.0
P1716,brand,A-Few-Days,0,0.0,0.0,0.0
P1716,brand,A-Week,0,0.0,0.0,0.0
P1716,brand,A-Few-Weeks,0,0.0,0.0,0.0
P1716,brand,A-Month,0,0.0,0.0,0.0
P1716,brand,A-Few-Months,0,0.0,0.0,0.0
P1716,brand,A-Year,0,0.0,0.0,0.0
P1716,brand,A-Few-Years,5,100.0,0.00625852724336909,1.896922056301711
P1716,brand,Many-Years,0,0.0,0.0,0.0
P2097,term length of position,A-Day,0,0.0,0.0,0.0
P2097,term length of position,A-Few-Days,0,0.0,0.0,0.0
P2097,term length of position,A-Week,0,0.0,0.0,0.0
P2097,term length of position,A-Few-Weeks,0,0.0,0.0,0.0
P2097,term length of position,A-Month,0,0.0,0.0,0.0
P2097,term length of position,A-Few-Months,0,0.0,0.0,0.0
P2097,term length of position,A-Year,0,0.0,0.0,0.0
P2097,term length of position,A-Few-Years,0,0.0,0.0,0.0
P2097,term length of position,Many-Years,5,100.0,0.016996396763886056,5.15150588075328
P2348,time period,A-Day,0,0.0,0.0,0.0
P2348,time period,A-Few-Days,0,0.0,0.0,0.0
P2348,time period,A-Week,0,0.0,0.0,0.0
P2348,time period,A-Few-Weeks,0,0.0,0.0,0.0
P2348,time period,A-Month,0,0.0,0.0,0.0
P2348,time period,A-Few-Months,1,20.0,0.023185717597959656,7.0274518896359845
P2348,time period,A-Year,0,0.0,0.0,0.0
P2348,time period,A-Few-Years,0,0.0,0.0,0.0
P2348,time period,Many-Years,4,80.0,0.013597117411108845,4.121204704602624
P2389,organization directed by the office or position,A-Day,0,0.0,0.0,0.0
P2389,organization directed by the office or position,A-Few-Days,0,0.0,0.0,0.0
P2389,organization directed by the office or position,A-Week,0,0.0,0.0,0.0
P2389,organization directed by the office or position,A-Few-Weeks,0,0.0,0.0,0.0
P2389,organization directed by the office or position,A-Month,0,0.0,0.0,0.0
P2389,organization directed by the office or position,A-Few-Months,0,0.0,0.0,0.0
P2389,organization directed by the office or position,A-Year,0,0.0,0.0,0.0
P2389,organization directed by the office or position,A-Few-Years,1,20.0,0.001251705448673818,0.3793844112603422
P2389,organization directed by the office or position,Many-Years,4,80.0,0.013597117411108845,4.121204704602624
P2664,units sold,A-Day,0,0.0,0.0,0.0
P2664,units sold,A-Few-Days,0,0.0,0.0,0.0
P2664,units sold,A-Week,0,0.0,0.0,0.0
P2664,units sold,A-Few-Weeks,0,0.0,0.0,0.0
P2664,units sold,A-Month,0,0.0,0.0,0.0
P2664,units sold,A-Few-Months,0,0.0,0.0,0.0
P2664,units sold,A-Year,0,0.0,0.0,0.0
P2664,units sold,A-Few-Years,1,20.0,0.001251705448673818,0.3793844112603422
P2664,units sold,Many-Years,4,80.0,0.013597117411108845,4.121204704602624
P3174,art director,A-Day,0,0.0,0.0,0.0
P3174,art director,A-Few-Days,0,0.0,0.0,0.0
P3174,art director,A-Week,0,0.0,0.0,0.0
P3174,art director,A-Few-Weeks,0,0.0,0.0,0.0
P3174,art director,A-Month,0,0.0,0.0,0.0
P3174,art director,A-Few-Months,0,0.0,0.0,0.0
P3174,art director,A-Year,0,0.0,0.0,0.0
P3174,art director,A-Few-Years,4,80.0,0.005006821794695272,1.517537645041369
P3174,art director,Many-Years,1,20.0,0.0033992793527772114,1.030301176150656
P8938,artistic director,A-Day,0,0.0,0.0,0.0
P8938,artistic director,A-Few-Days,0,0.0,0.0,0.0
P8938,artistic director,A-Week,0,0.0,0.0,0.0
P8938,artistic director,A-Few-Weeks,0,0.0,0.0,0.0
P8938,artistic director,A-Month,0,0.0,0.0,0.0
P8938,artistic director,A-Few-Months,0,0.0,0.0,0.0
P8938,artistic director,A-Year,0,0.0,0.0,0.0
P8938,artistic director,A-Few-Years,3,60.0,0.0037551163460214543,1.1381532337810267
P8938,artistic director,Many-Years,2,40.0,0.006798558705554423,2.060602352301312
P16,transport network,A-Day,0,0.0,0.0,0.0
P16,transport network,A-Few-Days,0,0.0,0.0,0.0
P16,transport network,A-Week,0,0.0,0.0,0.0
P16,transport network,A-Few-Weeks,0,0.0,0.0,0.0
P16,transport network,A-Month,0,0.0,0.0,0.0
P16,transport network,A-Few-Months,0,0.0,0.0,0.0
P16,transport network,A-Year,0,0.0,0.0,0.0
P16,transport network,A-Few-Years,1,25.0,0.001251705448673818,0.47423051407542777
P16,transport network,Many-Years,3,75.0,0.010197838058331634,3.8636294105649602
P101,field of work,A-Day,0,0.0,0.0,0.0
P101,field of work,A-Few-Days,0,0.0,0.0,0.0
P101,field of work,A-Week,0,0.0,0.0,0.0
P101,field of work,A-Few-Weeks,0,0.0,0.0,0.0
P101,field of work,A-Month,0,0.0,0.0,0.0
P101,field of work,A-Few-Months,0,0.0,0.0,0.0
P101,field of work,A-Year,0,0.0,0.0,0.0
P101,field of work,A-Few-Years,3,75.0,0.0037551163460214543,1.4226915422262834
P101,field of work,Many-Years,1,25.0,0.0033992793527772114,1.28787647018832
P149,architectural style,A-Day,0,0.0,0.0,0.0
P149,architectural style,A-Few-Days,0,0.0,0.0,0.0
P149,architectural style,A-Week,0,0.0,0.0,0.0
P149,architectural style,A-Few-Weeks,0,0.0,0.0,0.0
P149,architectural style,A-Month,0,0.0,0.0,0.0
P149,architectural style,A-Few-Months,0,0.0,0.0,0.0
P149,architectural style,A-Year,0,0.0,0.0,0.0
P149,architectural style,A-Few-Years,0,0.0,0.0,0.0
P149,architectural style,Many-Years,4,100.0,0.013597117411108845,5.15150588075328
P155,follows,A-Day,0,0.0,0.0,0.0
P155,follows,A-Few-Days,0,0.0,0.0,0.0
P155,follows,A-Week,0,0.0,0.0,0.0
P155,follows,A-Few-Weeks,0,0.0,0.0,0.0
P155,follows,A-Month,0,0.0,0.0,0.0
P155,follows,A-Few-Months,0,0.0,0.0,0.0
P155,follows,A-Year,0,0.0,0.0,0.0
P155,follows,A-Few-Years,2,50.0,0.002503410897347636,0.9484610281508555
P155,follows,Many-Years,2,50.0,0.006798558705554423,2.57575294037664
P263,official residence,A-Day,0,0.0,0.0,0.0
P263,official residence,A-Few-Days,0,0.0,0.0,0.0
P263,official residence,A-Week,0,0.0,0.0,0.0
P263,official residence,A-Few-Weeks,0,0.0,0.0,0.0
P263,official residence,A-Month,0,0.0,0.0,0.0
P263,official residence,A-Few-Months,1,25.0,0.023185717597959656,8.784314862044981
P263,official residence,A-Year,0,0.0,0.0,0.0
P263,official residence,A-Few-Years,1,25.0,0.001251705448673818,0.47423051407542777
P263,official residence,Many-Years,2,50.0,0.006798558705554423,2.57575294037664
P571,inception,A-Day,0,0.0,0.0,0.0
P571,inception,A-Few-Days,0,0.0,0.0,0.0
P571,inception,A-Week,0,0.0,0.0,0.0
P571,inception,A-Few-Weeks,0,0.0,0.0,0.0
P571,inception,A-Month,0,0.0,0.0,0.0
P571,inception,A-Few-Months,0,0.0,0.0,0.0
P571,inception,A-Year,0,0.0,0.0,0.0
P571,inception,A-Few-Years,1,25.0,0.001251705448673818,0.47423051407542777
P571,inception,Many-Years,3,75.0,0.010197838058331634,3.8636294105649602
P579,IMA status and/or rank,A-Day,0,0.0,0.0,0.0
P579,IMA status and/or rank,A-Few-Days,0,0.0,0.0,0.0
P579,IMA status and/or rank,A-Week,0,0.0,0.0,0.0
P579,IMA status and/or rank,A-Few-Weeks,0,0.0,0.0,0.0
P579,IMA status and/or rank,A-Month,0,0.0,0.0,0.0
P579,IMA status and/or rank,A-Few-Months,0,0.0,0.0,0.0
P579,IMA status and/or rank,A-Year,0,0.0,0.0,0.0
P579,IMA status and/or rank,A-Few-Years,2,50.0,0.002503410897347636,0.9484610281508555
P579,IMA status and/or rank,Many-Years,2,50.0,0.006798558705554423,2.57575294037664
P585,point in time,A-Day,0,0.0,0.0,0.0
P585,point in time,A-Few-Days,0,0.0,0.0,0.0
P585,point in time,A-Week,0,0.0,0.0,0.0
P585,point in time,A-Few-Weeks,0,0.0,0.0,0.0
P585,point in time,A-Month,0,0.0,0.0,0.0
P585,point in time,A-Few-Months,2,50.0,0.04637143519591931,17.568629724089963
P585,point in time,A-Year,1,25.0,0.0029308323563892145,1.1103971277842908
P585,point in time,A-Few-Years,1,25.0,0.001251705448673818,0.47423051407542777
P585,point in time,Many-Years,0,0.0,0.0,0.0
P710,participant,A-Day,0,0.0,0.0,0.0
P710,participant,A-Few-Days,0,0.0,0.0,0.0
P710,participant,A-Week,0,0.0,0.0,0.0
P710,participant,A-Few-Weeks,0,0.0,0.0,0.0
P710,participant,A-Month,0,0.0,0.0,0.0
P710,participant,A-Few-Months,1,25.0,0.023185717597959656,8.784314862044981
P710,participant,A-Year,2,50.0,0.005861664712778429,2.2207942555685816
P710,participant,A-Few-Years,1,25.0,0.001251705448673818,0.47423051407542777
P710,participant,Many-Years,0,0.0,0.0,0.0
P803,professorship,A-Day,0,0.0,0.0,0.0
P803,professorship,A-Few-Days,0,0.0,0.0,0.0
P803,professorship,A-Week,0,0.0,0.0,0.0
P803,professorship,A-Few-Weeks,0,0.0,0.0,0.0
P803,professorship,A-Month,0,0.0,0.0,0.0
P803,professorship,A-Few-Months,0,0.0,0.0,0.0
P803,professorship,A-Year,0,0.0,0.0,0.0
P803,professorship,A-Few-Years,4,100.0,0.005006821794695272,1.896922056301711
P803,professorship,Many-Years,0,0.0,0.0,0.0
P872,printed by,A-Day,0,0.0,0.0,0.0
P872,printed by,A-Few-Days,0,0.0,0.0,0.0
P872,printed by,A-Week,0,0.0,0.0,0.0
P872,printed by,A-Few-Weeks,0,0.0,0.0,0.0
P872,printed by,A-Month,0,0.0,0.0,0.0
P872,printed by,A-Few-Months,0,0.0,0.0,0.0
P872,printed by,A-Year,0,0.0,0.0,0.0
P872,printed by,A-Few-Years,3,75.0,0.0037551163460214543,1.4226915422262834
P872,printed by,Many-Years,1,25.0,0.0033992793527772114,1.28787647018832
P1141,number of processor cores,A-Day,0,0.0,0.0,0.0
P1141,number of processor cores,A-Few-Days,0,0.0,0.0,0.0
P1141,number of processor cores,A-Week,0,0.0,0.0,0.0
P1141,number of processor cores,A-Few-Weeks,0,0.0,0.0,0.0
P1141,number of processor cores,A-Month,0,0.0,0.0,0.0
P1141,number of processor cores,A-Few-Months,1,25.0,0.023185717597959656,8.784314862044981
P1141,number of processor cores,A-Year,3,75.0,0.008792497069167644,3.3311913833528726
P1141,number of processor cores,A-Few-Years,0,0.0,0.0,0.0
P1141,number of processor cores,Many-Years,0,0.0,0.0,0.0
P1592,prosecutor,A-Day,0,0.0,0.0,0.0
P1592,prosecutor,A-Few-Days,0,0.0,0.0,0.0
P1592,prosecutor,A-Week,0,0.0,0.0,0.0
P1592,prosecutor,A-Few-Weeks,0,0.0,0.0,0.0
P1592,prosecutor,A-Month,0,0.0,0.0,0.0
P1592,prosecutor,A-Few-Months,0,0.0,0.0,0.0
P1592,prosecutor,A-Year,0,0.0,0.0,0.0
P1592,prosecutor,A-Few-Years,4,100.0,0.005006821794695272,1.896922056301711
P1592,prosecutor,Many-Years,0,0.0,0.0,0.0
P1906,office held by head of state,A-Day,0,0.0,0.0,0.0
P1906,office held by head of state,A-Few-Days,0,0.0,0.0,0.0
P1906,office held by head of state,A-Week,0,0.0,0.0,0.0
P1906,office held by head of state,A-Few-Weeks,0,0.0,0.0,0.0
P1906,office held by head of state,A-Month,0,0.0,0.0,0.0
P1906,office held by head of state,A-Few-Months,0,0.0,0.0,0.0
P1906,office held by head of state,A-Year,0,0.0,0.0,0.0
P1906,office held by head of state,A-Few-Years,0,0.0,0.0,0.0
P1906,office held by head of state,Many-Years,4,100.0,0.013597117411108845,5.15150588075328
P2121,prize money,A-Day,0,0.0,0.0,0.0
P2121,prize money,A-Few-Days,0,0.0,0.0,0.0
P2121,prize money,A-Week,0,0.0,0.0,0.0
P2121,prize money,A-Few-Weeks,0,0.0,0.0,0.0
P2121,prize money,A-Month,0,0.0,0.0,0.0
P2121,prize money,A-Few-Months,0,0.0,0.0,0.0
P2121,prize money,A-Year,0,0.0,0.0,0.0
P2121,prize money,A-Few-Years,2,50.0,0.002503410897347636,0.9484610281508555
P2121,prize money,Many-Years,2,50.0,0.006798558705554423,2.57575294037664
P2144,frequency,A-Day,0,0.0,0.0,0.0
P2144,frequency,A-Few-Days,0,0.0,0.0,0.0
P2144,frequency,A-Week,0,0.0,0.0,0.0
P2144,frequency,A-Few-Weeks,0,0.0,0.0,0.0
P2144,frequency,A-Month,0,0.0,0.0,0.0
P2144,frequency,A-Few-Months,0,0.0,0.0,0.0
P2144,frequency,A-Year,1,25.0,0.0029308323563892145,1.1103971277842908
P2144,frequency,A-Few-Years,1,25.0,0.001251705448673818,0.47423051407542777
P2144,frequency,Many-Years,2,50.0,0.006798558705554423,2.57575294037664
P2415,personal best,A-Day,0,0.0,0.0,0.0
P2415,personal best,A-Few-Days,0,0.0,0.0,0.0
P2415,personal best,A-Week,0,0.0,0.0,0.0
P2415,personal best,A-Few-Weeks,0,0.0,0.0,0.0
P2415,personal best,A-Month,0,0.0,0.0,0.0
P2415,personal best,A-Few-Months,0,0.0,0.0,0.0
P2415,personal best,A-Year,3,75.0,0.008792497069167644,3.3311913833528726
P2415,personal best,A-Few-Years,1,25.0,0.001251705448673818,0.47423051407542777
P2415,personal best,Many-Years,0,0.0,0.0,0.0
P2500,league level below,A-Day,0,0.0,0.0,0.0
P2500,league level below,A-Few-Days,0,0.0,0.0,0.0
P2500,league level below,A-Week,0,0.0,0.0,0.0
P2500,league level below,A-Few-Weeks,0,0.0,0.0,0.0
P2500,league level below,A-Month,0,0.0,0.0,0.0
P2500,league level below,A-Few-Months,0,0.0,0.0,0.0
P2500,league level below,A-Year,0,0.0,0.0,0.0
P2500,league level below,A-Few-Years,2,50.0,0.002503410897347636,0.9484610281508555
P2500,league level below,Many-Years,2,50.0,0.006798558705554423,2.57575294037664
P3919,contributed to creative work,A-Day,0,0.0,0.0,0.0
P3919,contributed to creative work,A-Few-Days,0,0.0,0.0,0.0
P3919,contributed to creative work,A-Week,0,0.0,0.0,0.0
P3919,contributed to creative work,A-Few-Weeks,0,0.0,0.0,0.0
P3919,contributed to creative work,A-Month,0,0.0,0.0,0.0
P3919,contributed to creative work,A-Few-Months,0,0.0,0.0,0.0
P3919,contributed to creative work,A-Year,0,0.0,0.0,0.0
P3919,contributed to creative work,A-Few-Years,2,50.0,0.002503410897347636,0.9484610281508555
P3919,contributed to creative work,Many-Years,2,50.0,0.006798558705554423,2.57575294037664
P8030,military size designation,A-Day,0,0.0,0.0,0.0
P8030,military size designation,A-Few-Days,0,0.0,0.0,0.0
P8030,military size designation,A-Week,0,0.0,0.0,0.0
P8030,military size designation,A-Few-Weeks,0,0.0,0.0,0.0
P8030,military size designation,A-Month,0,0.0,0.0,0.0
P8030,military size designation,A-Few-Months,2,50.0,0.04637143519591931,17.568629724089963
P8030,military size designation,A-Year,0,0.0,0.0,0.0
P8030,military size designation,A-Few-Years,0,0.0,0.0,0.0
P8030,military size designation,Many-Years,2,50.0,0.006798558705554423,2.57575294037664
P465,sRGB color hex triplet,A-Day,0,0.0,0.0,0.0
P465,sRGB color hex triplet,A-Few-Days,0,0.0,0.0,0.0
P465,sRGB color hex triplet,A-Week,0,0.0,0.0,0.0
P465,sRGB color hex triplet,A-Few-Weeks,0,0.0,0.0,0.0
P465,sRGB color hex triplet,A-Month,0,0.0,0.0,0.0
P465,sRGB color hex triplet,A-Few-Months,0,0.0,0.0,0.0
P465,sRGB color hex triplet,A-Year,0,0.0,0.0,0.0
P465,sRGB color hex triplet,A-Few-Years,3,100.0,0.0037551163460214543,1.896922056301711
P465,sRGB color hex triplet,Many-Years,0,0.0,0.0,0.0
P528,catalog code,A-Day,0,0.0,0.0,0.0
P528,catalog code,A-Few-Days,0,0.0,0.0,0.0
P528,catalog code,A-Week,0,0.0,0.0,0.0
P528,catalog code,A-Few-Weeks,0,0.0,0.0,0.0
P528,catalog code,A-Month,0,0.0,0.0,0.0
P528,catalog code,A-Few-Months,0,0.0,0.0,0.0
P528,catalog code,A-Year,0,0.0,0.0,0.0
P528,catalog code,A-Few-Years,1,33.33333333333333,0.001251705448673818,0.6323073521005703
P528,catalog code,Many-Years,2,66.66666666666666,0.006798558705554423,3.43433725383552
P802,student,A-Day,0,0.0,0.0,0.0
P802,student,A-Few-Days,0,0.0,0.0,0.0
P802,student,A-Week,0,0.0,0.0,0.0
P802,student,A-Few-Weeks,0,0.0,0.0,0.0
P802,student,A-Month,0,0.0,0.0,0.0
P802,student,A-Few-Months,0,0.0,0.0,0.0
P802,student,A-Year,0,0.0,0.0,0.0
P802,student,A-Few-Years,3,100.0,0.0037551163460214543,1.896922056301711
P802,student,Many-Years,0,0.0,0.0,0.0
P1387,political alignment,A-Day,0,0.0,0.0,0.0
P1387,political alignment,A-Few-Days,0,0.0,0.0,0.0
P1387,political alignment,A-Week,0,0.0,0.0,0.0
P1387,political alignment,A-Few-Weeks,0,0.0,0.0,0.0
P1387,political alignment,A-Month,0,0.0,0.0,0.0
P1387,political alignment,A-Few-Months,0,0.0,0.0,0.0
P1387,political alignment,A-Year,0,0.0,0.0,0.0
P1387,political alignment,A-Few-Years,0,0.0,0.0,0.0
P1387,political alignment,Many-Years,3,100.0,0.010197838058331634,5.15150588075328
P1671,route number,A-Day,0,0.0,0.0,0.0
P1671,route number,A-Few-Days,0,0.0,0.0,0.0
P1671,route number,A-Week,0,0.0,0.0,0.0
P1671,route number,A-Few-Weeks,0,0.0,0.0,0.0
P1671,route number,A-Month,0,0.0,0.0,0.0
P1671,route number,A-Few-Months,0,0.0,0.0,0.0
P1671,route number,A-Year,0,0.0,0.0,0.0
P1671,route number,A-Few-Years,2,66.66666666666666,0.002503410897347636,1.2646147042011406
P1671,route number,Many-Years,1,33.33333333333333,0.0033992793527772114,1.71716862691776
P1810,subject named as,A-Day,0,0.0,0.0,0.0
P1810,subject named as,A-Few-Days,0,0.0,0.0,0.0
P1810,subject named as,A-Week,0,0.0,0.0,0.0
P1810,subject named as,A-Few-Weeks,0,0.0,0.0,0.0
P1810,subject named as,A-Month,0,0.0,0.0,0.0
P1810,subject named as,A-Few-Months,0,0.0,0.0,0.0
P1810,subject named as,A-Year,0,0.0,0.0,0.0
P1810,subject named as,A-Few-Years,2,66.66666666666666,0.002503410897347636,1.2646147042011406
P1810,subject named as,Many-Years,1,33.33333333333333,0.0033992793527772114,1.71716862691776
P2437,number of seasons,A-Day,0,0.0,0.0,0.0
P2437,number of seasons,A-Few-Days,0,0.0,0.0,0.0
P2437,number of seasons,A-Week,0,0.0,0.0,0.0
P2437,number of seasons,A-Few-Weeks,0,0.0,0.0,0.0
P2437,number of seasons,A-Month,0,0.0,0.0,0.0
P2437,number of seasons,A-Few-Months,1,33.33333333333333,0.023185717597959656,11.712419816059974
P2437,number of seasons,A-Year,0,0.0,0.0,0.0
P2437,number of seasons,A-Few-Years,0,0.0,0.0,0.0
P2437,number of seasons,Many-Years,2,66.66666666666666,0.006798558705554423,3.43433725383552
P2438,narrator,A-Day,0,0.0,0.0,0.0
P2438,narrator,A-Few-Days,0,0.0,0.0,0.0
P2438,narrator,A-Week,0,0.0,0.0,0.0
P2438,narrator,A-Few-Weeks,0,0.0,0.0,0.0
P2438,narrator,A-Month,0,0.0,0.0,0.0
P2438,narrator,A-Few-Months,0,0.0,0.0,0.0
P2438,narrator,A-Year,1,33.33333333333333,0.0029308323563892145,1.4805295037123876
P2438,narrator,A-Few-Years,2,66.66666666666666,0.002503410897347636,1.2646147042011406
P2438,narrator,Many-Years,0,0.0,0.0,0.0
P2661,target interest rate,A-Day,0,0.0,0.0,0.0
P2661,target interest rate,A-Few-Days,0,0.0,0.0,0.0
P2661,target interest rate,A-Week,0,0.0,0.0,0.0
P2661,target interest rate,A-Few-Weeks,0,0.0,0.0,0.0
P2661,target interest rate,A-Month,2,66.66666666666666,0.12795905310300704,64.63936873533802
P2661,target interest rate,A-Few-Months,1,33.33333333333333,0.023185717597959656,11.712419816059974
P2661,target interest rate,A-Year,0,0.0,0.0,0.0
P2661,target interest rate,A-Few-Years,0,0.0,0.0,0.0
P2661,target interest rate,Many-Years,0,0.0,0.0,0.0
P2769,budget,A-Day,0,0.0,0.0,0.0
P2769,budget,A-Few-Days,0,0.0,0.0,0.0
P2769,budget,A-Week,0,0.0,0.0,0.0
P2769,budget,A-Few-Weeks,0,0.0,0.0,0.0
P2769,budget,A-Month,0,0.0,0.0,0.0
P2769,budget,A-Few-Months,0,0.0,0.0,0.0
P2769,budget,A-Year,3,100.0,0.008792497069167644,4.441588511137163
P2769,budget,A-Few-Years,0,0.0,0.0,0.0
P2769,budget,Many-Years,0,0.0,0.0,0.0
P2978,wheel arrangement,A-Day,0,0.0,0.0,0.0
P2978,wheel arrangement,A-Few-Days,0,0.0,0.0,0.0
P2978,wheel arrangement,A-Week,0,0.0,0.0,0.0
P2978,wheel arrangement,A-Few-Weeks,0,0.0,0.0,0.0
P2978,wheel arrangement,A-Month,0,0.0,0.0,0.0
P2978,wheel arrangement,A-Few-Months,0,0.0,0.0,0.0
P2978,wheel arrangement,A-Year,0,0.0,0.0,0.0
P2978,wheel arrangement,A-Few-Years,1,33.33333333333333,0.001251705448673818,0.6323073521005703
P2978,wheel arrangement,Many-Years,2,66.66666666666666,0.006798558705554423,3.43433725383552
P3156,Australian Classification,A-Day,0,0.0,0.0,0.0
P3156,Australian Classification,A-Few-Days,1,33.33333333333333,0.2008032128514056,101.43708165997323
P3156,Australian Classification,A-Week,0,0.0,0.0,0.0
P3156,Australian Classification,A-Few-Weeks,0,0.0,0.0,0.0
P3156,Australian Classification,A-Month,0,0.0,0.0,0.0
P3156,Australian Classification,A-Few-Months,1,33.33333333333333,0.023185717597959656,11.712419816059974
P3156,Australian Classification,A-Year,0,0.0,0.0,0.0
P3156,Australian Classification,A-Few-Years,0,0.0,0.0,0.0
P3156,Australian Classification,Many-Years,1,33.33333333333333,0.0033992793527772114,1.71716862691776
P3157,event distance,A-Day,0,0.0,0.0,0.0
P3157,event distance,A-Few-Days,0,0.0,0.0,0.0
P3157,event distance,A-Week,0,0.0,0.0,0.0
P3157,event distance,A-Few-Weeks,0,0.0,0.0,0.0
P3157,event distance,A-Month,0,0.0,0.0,0.0
P3157,event distance,A-Few-Months,0,0.0,0.0,0.0
P3157,event distance,A-Year,0,0.0,0.0,0.0
P3157,event distance,A-Few-Years,2,66.66666666666666,0.002503410897347636,1.2646147042011406
P3157,event distance,Many-Years,1,33.33333333333333,0.0033992793527772114,1.71716862691776
P3912,newspaper format,A-Day,0,0.0,0.0,0.0
P3912,newspaper format,A-Few-Days,0,0.0,0.0,0.0
P3912,newspaper format,A-Week,0,0.0,0.0,0.0
P3912,newspaper format,A-Few-Weeks,0,0.0,0.0,0.0
P3912,newspaper format,A-Month,0,0.0,0.0,0.0
P3912,newspaper format,A-Few-Months,0,0.0,0.0,0.0
P3912,newspaper format,A-Year,0,0.0,0.0,0.0
P3912,newspaper format,A-Few-Years,0,0.0,0.0,0.0
P3912,newspaper format,Many-Years,3,100.0,0.010197838058331634,5.15150588075328
P3931,copyright holder,A-Day,0,0.0,0.0,0.0
P3931,copyright holder,A-Few-Days,0,0.0,0.0,0.0
P3931,copyright holder,A-Week,0,0.0,0.0,0.0
P3931,copyright holder,A-Few-Weeks,0,0.0,0.0,0.0
P3931,copyright holder,A-Month,0,0.0,0.0,0.0
P3931,copyright holder,A-Few-Months,0,0.0,0.0,0.0
P3931,copyright holder,A-Year,0,0.0,0.0,0.0
P3931,copyright holder,A-Few-Years,2,66.66666666666666,0.002503410897347636,1.2646147042011406
P3931,copyright holder,Many-Years,1,33.33333333333333,0.0033992793527772114,1.71716862691776
P4253,number of constituencies,A-Day,0,0.0,0.0,0.0
P4253,number of constituencies,A-Few-Days,0,0.0,0.0,0.0
P4253,number of constituencies,A-Week,0,0.0,0.0,0.0
P4253,number of constituencies,A-Few-Weeks,0,0.0,0.0,0.0
P4253,number of constituencies,A-Month,0,0.0,0.0,0.0
P4253,number of constituencies,A-Few-Months,0,0.0,0.0,0.0
P4253,number of constituencies,A-Year,0,0.0,0.0,0.0
P4253,number of constituencies,A-Few-Years,1,33.33333333333333,0.001251705448673818,0.6323073521005703
P4253,number of constituencies,Many-Years,2,66.66666666666666,0.006798558705554423,3.43433725383552
P5052,supervisory board member,A-Day,0,0.0,0.0,0.0
P5052,supervisory board member,A-Few-Days,0,0.0,0.0,0.0
P5052,supervisory board member,A-Week,0,0.0,0.0,0.0
P5052,supervisory board member,A-Few-Weeks,0,0.0,0.0,0.0
P5052,supervisory board member,A-Month,0,0.0,0.0,0.0
P5052,supervisory board member,A-Few-Months,0,0.0,0.0,0.0
P5052,supervisory board member,A-Year,0,0.0,0.0,0.0
P5052,supervisory board member,A-Few-Years,2,66.66666666666666,0.002503410897347636,1.2646147042011406
P5052,supervisory board member,Many-Years,1,33.33333333333333,0.0033992793527772114,1.71716862691776
P5353,school district,A-Day,0,0.0,0.0,0.0
P5353,school district,A-Few-Days,0,0.0,0.0,0.0
P5353,school district,A-Week,0,0.0,0.0,0.0
P5353,school district,A-Few-Weeks,0,0.0,0.0,0.0
P5353,school district,A-Month,0,0.0,0.0,0.0
P5353,school district,A-Few-Months,0,0.0,0.0,0.0
P5353,school district,A-Year,0,0.0,0.0,0.0
P5353,school district,A-Few-Years,0,0.0,0.0,0.0
P5353,school district,Many-Years,3,100.0,0.010197838058331634,5.15150588075328
P8138,located in the statistical territorial entity,A-Day,0,0.0,0.0,0.0
P8138,located in the statistical territorial entity,A-Few-Days,0,0.0,0.0,0.0
P8138,located in the statistical territorial entity,A-Week,0,0.0,0.0,0.0
P8138,located in the statistical territorial entity,A-Few-Weeks,0,0.0,0.0,0.0
P8138,located in the statistical territorial entity,A-Month,0,0.0,0.0,0.0
P8138,located in the statistical territorial entity,A-Few-Months,0,0.0,0.0,0.0
P8138,located in the statistical territorial entity,A-Year,0,0.0,0.0,0.0
P8138,located in the statistical territorial entity,A-Few-Years,1,33.33333333333333,0.001251705448673818,0.6323073521005703
P8138,located in the statistical territorial entity,Many-Years,2,66.66666666666666,0.006798558705554423,3.43433725383552
P8324,funder,A-Day,0,0.0,0.0,0.0
P8324,funder,A-Few-Days,0,0.0,0.0,0.0
P8324,funder,A-Week,0,0.0,0.0,0.0
P8324,funder,A-Few-Weeks,0,0.0,0.0,0.0
P8324,funder,A-Month,0,0.0,0.0,0.0
P8324,funder,A-Few-Months,0,0.0,0.0,0.0
P8324,funder,A-Year,0,0.0,0.0,0.0
P8324,funder,A-Few-Years,1,33.33333333333333,0.001251705448673818,0.6323073521005703
P8324,funder,Many-Years,2,66.66666666666666,0.006798558705554423,3.43433725383552
P9901,issuing agent of work,A-Day,0,0.0,0.0,0.0
P9901,issuing agent of work,A-Few-Days,0,0.0,0.0,0.0
P9901,issuing agent of work,A-Week,0,0.0,0.0,0.0
P9901,issuing agent of work,A-Few-Weeks,0,0.0,0.0,0.0
P9901,issuing agent of work,A-Month,0,0.0,0.0,0.0
P9901,issuing agent of work,A-Few-Months,0,0.0,0.0,0.0
P9901,issuing agent of work,A-Year,0,0.0,0.0,0.0
P9901,issuing agent of work,A-Few-Years,0,0.0,0.0,0.0
P9901,issuing agent of work,Many-Years,3,100.0,0.010197838058331634,5.15150588075328
P10449,trained by,A-Day,0,0.0,0.0,0.0
P10449,trained by,A-Few-Days,0,0.0,0.0,0.0
P10449,trained by,A-Week,0,0.0,0.0,0.0
P10449,trained by,A-Few-Weeks,0,0.0,0.0,0.0
P10449,trained by,A-Month,0,0.0,0.0,0.0
P10449,trained by,A-Few-Months,0,0.0,0.0,0.0
P10449,trained by,A-Year,1,33.33333333333333,0.0029308323563892145,1.4805295037123876
P10449,trained by,A-Few-Years,2,66.66666666666666,0.002503410897347636,1.2646147042011406
P10449,trained by,Many-Years,0,0.0,0.0,0.0
P282,writing system,A-Day,0,0.0,0.0,0.0
P282,writing system,A-Few-Days,0,0.0,0.0,0.0
P282,writing system,A-Week,0,0.0,0.0,0.0
P282,writing system,A-Few-Weeks,0,0.0,0.0,0.0
P282,writing system,A-Month,0,0.0,0.0,0.0
P282,writing system,A-Few-Months,0,0.0,0.0,0.0
P282,writing system,A-Year,0,0.0,0.0,0.0
P282,writing system,A-Few-Years,2,100.0,0.002503410897347636,1.896922056301711
P282,writing system,Many-Years,0,0.0,0.0,0.0
P421,located in time zone,A-Day,0,0.0,0.0,0.0
P421,located in time zone,A-Few-Days,0,0.0,0.0,0.0
P421,located in time zone,A-Week,0,0.0,0.0,0.0
P421,located in time zone,A-Few-Weeks,0,0.0,0.0,0.0
P421,located in time zone,A-Month,0,0.0,0.0,0.0
P421,located in time zone,A-Few-Months,0,0.0,0.0,0.0
P421,located in time zone,A-Year,0,0.0,0.0,0.0
P421,located in time zone,A-Few-Years,2,100.0,0.002503410897347636,1.896922056301711
P421,located in time zone,Many-Years,0,0.0,0.0,0.0
P748,appointed by,A-Day,0,0.0,0.0,0.0
P748,appointed by,A-Few-Days,0,0.0,0.0,0.0
P748,appointed by,A-Week,0,0.0,0.0,0.0
P748,appointed by,A-Few-Weeks,0,0.0,0.0,0.0
P748,appointed by,A-Month,0,0.0,0.0,0.0
P748,appointed by,A-Few-Months,0,0.0,0.0,0.0
P748,appointed by,A-Year,0,0.0,0.0,0.0
P748,appointed by,A-Few-Years,0,0.0,0.0,0.0
P748,appointed by,Many-Years,2,100.0,0.006798558705554423,5.15150588075328
P765,surface played on,A-Day,0,0.0,0.0,0.0
P765,surface played on,A-Few-Days,0,0.0,0.0,0.0
P765,surface played on,A-Week,0,0.0,0.0,0.0
P765,surface played on,A-Few-Weeks,0,0.0,0.0,0.0
P765,surface played on,A-Month,0,0.0,0.0,0.0
P765,surface played on,A-Few-Months,0,0.0,0.0,0.0
P765,surface played on,A-Year,0,0.0,0.0,0.0
P765,surface played on,A-Few-Years,2,100.0,0.002503410897347636,1.896922056301711
P765,surface played on,Many-Years,0,0.0,0.0,0.0
P840,narrative location,A-Day,0,0.0,0.0,0.0
P840,narrative location,A-Few-Days,0,0.0,0.0,0.0
P840,narrative location,A-Week,0,0.0,0.0,0.0
P840,narrative location,A-Few-Weeks,0,0.0,0.0,0.0
P840,narrative location,A-Month,0,0.0,0.0,0.0
P840,narrative location,A-Few-Months,0,0.0,0.0,0.0
P840,narrative location,A-Year,0,0.0,0.0,0.0
P840,narrative location,A-Few-Years,2,100.0,0.002503410897347636,1.896922056301711
P840,narrative location,Many-Years,0,0.0,0.0,0.0
P912,has facility,A-Day,0,0.0,0.0,0.0
P912,has facility,A-Few-Days,0,0.0,0.0,0.0
P912,has facility,A-Week,0,0.0,0.0,0.0
P912,has facility,A-Few-Weeks,0,0.0,0.0,0.0
P912,has facility,A-Month,0,0.0,0.0,0.0
P912,has facility,A-Few-Months,0,0.0,0.0,0.0
P912,has facility,A-Year,0,0.0,0.0,0.0
P912,has facility,A-Few-Years,0,0.0,0.0,0.0
P912,has facility,Many-Years,2,100.0,0.006798558705554423,5.15150588075328
P1038,relative,A-Day,0,0.0,0.0,0.0
P1038,relative,A-Few-Days,0,0.0,0.0,0.0
P1038,relative,A-Week,0,0.0,0.0,0.0
P1038,relative,A-Few-Weeks,0,0.0,0.0,0.0
P1038,relative,A-Month,0,0.0,0.0,0.0
P1038,relative,A-Few-Months,0,0.0,0.0,0.0
P1038,relative,A-Year,0,0.0,0.0,0.0
P1038,relative,A-Few-Years,0,0.0,0.0,0.0
P1038,relative,Many-Years,2,100.0,0.006798558705554423,5.15150588075328
P1064,track gauge,A-Day,0,0.0,0.0,0.0
P1064,track gauge,A-Few-Days,0,0.0,0.0,0.0
P1064,track gauge,A-Week,0,0.0,0.0,0.0
P1064,track gauge,A-Few-Weeks,0,0.0,0.0,0.0
P1064,track gauge,A-Month,0,0.0,0.0,0.0
P1064,track gauge,A-Few-Months,0,0.0,0.0,0.0
P1064,track gauge,A-Year,0,0.0,0.0,0.0
P1064,track gauge,A-Few-Years,1,50.0,0.001251705448673818,0.9484610281508555
P1064,track gauge,Many-Years,1,50.0,0.0033992793527772114,2.57575294037664
P1174,visitors per year,A-Day,0,0.0,0.0,0.0
P1174,visitors per year,A-Few-Days,0,0.0,0.0,0.0
P1174,visitors per year,A-Week,0,0.0,0.0,0.0
P1174,visitors per year,A-Few-Weeks,0,0.0,0.0,0.0
P1174,visitors per year,A-Month,0,0.0,0.0,0.0
P1174,visitors per year,A-Few-Months,0,0.0,0.0,0.0
P1174,visitors per year,A-Year,1,50.0,0.0029308323563892145,2.2207942555685816
P1174,visitors per year,A-Few-Years,1,50.0,0.001251705448673818,0.9484610281508555
P1174,visitors per year,Many-Years,0,0.0,0.0,0.0
P1366,replaced by,A-Day,0,0.0,0.0,0.0
P1366,replaced by,A-Few-Days,0,0.0,0.0,0.0
P1366,replaced by,A-Week,0,0.0,0.0,0.0
P1366,replaced by,A-Few-Weeks,0,0.0,0.0,0.0
P1366,replaced by,A-Month,0,0.0,0.0,0.0
P1366,replaced by,A-Few-Months,0,0.0,0.0,0.0
P1366,replaced by,A-Year,1,50.0,0.0029308323563892145,2.2207942555685816
P1366,replaced by,A-Few-Years,0,0.0,0.0,0.0
P1366,replaced by,Many-Years,1,50.0,0.0033992793527772114,2.57575294037664
P1441,present in work,A-Day,0,0.0,0.0,0.0
P1441,present in work,A-Few-Days,0,0.0,0.0,0.0
P1441,present in work,A-Week,0,0.0,0.0,0.0
P1441,present in work,A-Few-Weeks,0,0.0,0.0,0.0
P1441,present in work,A-Month,0,0.0,0.0,0.0
P1441,present in work,A-Few-Months,0,0.0,0.0,0.0
P1441,present in work,A-Year,0,0.0,0.0,0.0
P1441,present in work,A-Few-Years,2,100.0,0.002503410897347636,1.896922056301711
P1441,present in work,Many-Years,0,0.0,0.0,0.0
P1552,has characteristic,A-Day,0,0.0,0.0,0.0
P1552,has characteristic,A-Few-Days,0,0.0,0.0,0.0
P1552,has characteristic,A-Week,0,0.0,0.0,0.0
P1552,has characteristic,A-Few-Weeks,0,0.0,0.0,0.0
P1552,has characteristic,A-Month,0,0.0,0.0,0.0
P1552,has characteristic,A-Few-Months,0,0.0,0.0,0.0
P1552,has characteristic,A-Year,0,0.0,0.0,0.0
P1552,has characteristic,A-Few-Years,1,50.0,0.001251705448673818,0.9484610281508555
P1552,has characteristic,Many-Years,1,50.0,0.0033992793527772114,2.57575294037664
P1596,penalty,A-Day,0,0.0,0.0,0.0
P1596,penalty,A-Few-Days,0,0.0,0.0,0.0
P1596,penalty,A-Week,0,0.0,0.0,0.0
P1596,penalty,A-Few-Weeks,0,0.0,0.0,0.0
P1596,penalty,A-Month,0,0.0,0.0,0.0
P1596,penalty,A-Few-Months,0,0.0,0.0,0.0
P1596,penalty,A-Year,0,0.0,0.0,0.0
P1596,penalty,A-Few-Years,1,50.0,0.001251705448673818,0.9484610281508555
P1596,penalty,Many-Years,1,50.0,0.0033992793527772114,2.57575294037664
P1652,referee,A-Day,0,0.0,0.0,0.0
P1652,referee,A-Few-Days,2,100.0,0.4016064257028112,304.3112449799197
P1652,referee,A-Week,0,0.0,0.0,0.0
P1652,referee,A-Few-Weeks,0,0.0,0.0,0.0
P1652,referee,A-Month,0,0.0,0.0,0.0
P1652,referee,A-Few-Months,0,0.0,0.0,0.0
P1652,referee,A-Year,0,0.0,0.0,0.0
P1652,referee,A-Few-Years,0,0.0,0.0,0.0
P1652,referee,Many-Years,0,0.0,0.0,0.0
P1750,name day,A-Day,0,0.0,0.0,0.0
P1750,name day,A-Few-Days,0,0.0,0.0,0.0
P1750,name day,A-Week,0,0.0,0.0,0.0
P1750,name day,A-Few-Weeks,0,0.0,0.0,0.0
P1750,name day,A-Month,0,0.0,0.0,0.0
P1750,name day,A-Few-Months,0,0.0,0.0,0.0
P1750,name day,A-Year,0,0.0,0.0,0.0
P1750,name day,A-Few-Years,2,100.0,0.002503410897347636,1.896922056301711
P1750,name day,Many-Years,0,0.0,0.0,0.0
P2048,height,A-Day,0,0.0,0.0,0.0
P2048,height,A-Few-Days,0,0.0,0.0,0.0
P2048,height,A-Week,0,0.0,0.0,0.0
P2048,height,A-Few-Weeks,0,0.0,0.0,0.0
P2048,height,A-Month,0,0.0,0.0,0.0
P2048,height,A-Few-Months,0,0.0,0.0,0.0
P2048,height,A-Year,0,0.0,0.0,0.0
P2048,height,A-Few-Years,0,0.0,0.0,0.0
P2048,height,Many-Years,2,100.0,0.006798558705554423,5.15150588075328
P2067,mass,A-Day,0,0.0,0.0,0.0
P2067,mass,A-Few-Days,0,0.0,0.0,0.0
P2067,mass,A-Week,0,0.0,0.0,0.0
P2067,mass,A-Few-Weeks,0,0.0,0.0,0.0
P2067,mass,A-Month,0,0.0,0.0,0.0
P2067,mass,A-Few-Months,0,0.0,0.0,0.0
P2067,mass,A-Year,0,0.0,0.0,0.0
P2067,mass,A-Few-Years,0,0.0,0.0,0.0
P2067,mass,Many-Years,2,100.0,0.006798558705554423,5.15150588075328
P2095,co-driver,A-Day,0,0.0,0.0,0.0
P2095,co-driver,A-Few-Days,0,0.0,0.0,0.0
P2095,co-driver,A-Week,0,0.0,0.0,0.0
P2095,co-driver,A-Few-Weeks,0,0.0,0.0,0.0
P2095,co-driver,A-Month,0,0.0,0.0,0.0
P2095,co-driver,A-Few-Months,0,0.0,0.0,0.0
P2095,co-driver,A-Year,0,0.0,0.0,0.0
P2095,co-driver,A-Few-Years,2,100.0,0.002503410897347636,1.896922056301711
P2095,co-driver,Many-Years,0,0.0,0.0,0.0
P2196,count of students,A-Day,0,0.0,0.0,0.0
P2196,count of students,A-Few-Days,0,0.0,0.0,0.0
P2196,count of students,A-Week,0,0.0,0.0,0.0
P2196,count of students,A-Few-Weeks,0,0.0,0.0,0.0
P2196,count of students,A-Month,0,0.0,0.0,0.0
P2196,count of students,A-Few-Months,0,0.0,0.0,0.0
P2196,count of students,A-Year,2,100.0,0.005861664712778429,4.441588511137163
P2196,count of students,A-Few-Years,0,0.0,0.0,0.0
P2196,count of students,Many-Years,0,0.0,0.0,0.0
P2284,price,A-Day,0,0.0,0.0,0.0
P2284,price,A-Few-Days,0,0.0,0.0,0.0
P2284,price,A-Week,0,0.0,0.0,0.0
P2284,price,A-Few-Weeks,0,0.0,0.0,0.0
P2284,price,A-Month,0,0.0,0.0,0.0
P2284,price,A-Few-Months,0,0.0,0.0,0.0
P2284,price,A-Year,1,50.0,0.0029308323563892145,2.2207942555685816
P2284,price,A-Few-Years,0,0.0,0.0,0.0
P2284,price,Many-Years,1,50.0,0.0033992793527772114,2.57575294037664
P2291,charted in,A-Day,0,0.0,0.0,0.0
P2291,charted in,A-Few-Days,0,0.0,0.0,0.0
P2291,charted in,A-Week,1,50.0,0.17605633802816903,133.40404929577466
P2291,charted in,A-Few-Weeks,1,50.0,0.08650519031141869,65.54801038062284
P2291,charted in,A-Month,0,0.0,0.0,0.0
P2291,charted in,A-Few-Months,0,0.0,0.0,0.0
P2291,charted in,A-Year,0,0.0,0.0,0.0
P2291,charted in,A-Few-Years,0,0.0,0.0,0.0
P2291,charted in,Many-Years,0,0.0,0.0,0.0
P2386,diameter,A-Day,0,0.0,0.0,0.0
P2386,diameter,A-Few-Days,0,0.0,0.0,0.0
P2386,diameter,A-Week,0,0.0,0.0,0.0
P2386,diameter,A-Few-Weeks,0,0.0,0.0,0.0
P2386,diameter,A-Month,0,0.0,0.0,0.0
P2386,diameter,A-Few-Months,0,0.0,0.0,0.0
P2386,diameter,A-Year,0,0.0,0.0,0.0
P2386,diameter,A-Few-Years,0,0.0,0.0,0.0
P2386,diameter,Many-Years,2,100.0,0.006798558705554423,5.15150588075328
P2541,operating area,A-Day,0,0.0,0.0,0.0
P2541,operating area,A-Few-Days,0,0.0,0.0,0.0
P2541,operating area,A-Week,0,0.0,0.0,0.0
P2541,operating area,A-Few-Weeks,0,0.0,0.0,0.0
P2541,operating area,A-Month,0,0.0,0.0,0.0
P2541,operating area,A-Few-Months,0,0.0,0.0,0.0
P2541,operating area,A-Year,0,0.0,0.0,0.0
P2541,operating area,A-Few-Years,0,0.0,0.0,0.0
P2541,operating area,Many-Years,2,100.0,0.006798558705554423,5.15150588075328
P2555,fee,A-Day,0,0.0,0.0,0.0
P2555,fee,A-Few-Days,0,0.0,0.0,0.0
P2555,fee,A-Week,0,0.0,0.0,0.0
P2555,fee,A-Few-Weeks,0,0.0,0.0,0.0
P2555,fee,A-Month,0,0.0,0.0,0.0
P2555,fee,A-Few-Months,0,0.0,0.0,0.0
P2555,fee,A-Year,2,100.0,0.005861664712778429,4.441588511137163
P2555,fee,A-Few-Years,0,0.0,0.0,0.0
P2555,fee,Many-Years,0,0.0,0.0,0.0
P2997,age of majority,A-Day,0,0.0,0.0,0.0
P2997,age of majority,A-Few-Days,0,0.0,0.0,0.0
P2997,age of majority,A-Week,0,0.0,0.0,0.0
P2997,age of majority,A-Few-Weeks,0,0.0,0.0,0.0
P2997,age of majority,A-Month,0,0.0,0.0,0.0
P2997,age of majority,A-Few-Months,0,0.0,0.0,0.0
P2997,age of majority,A-Year,0,0.0,0.0,0.0
P2997,age of majority,A-Few-Years,0,0.0,0.0,0.0
P2997,age of majority,Many-Years,2,100.0,0.006798558705554423,5.15150588075328
P2998,age of candidacy,A-Day,0,0.0,0.0,0.0
P2998,age of candidacy,A-Few-Days,0,0.0,0.0,0.0
P2998,age of candidacy,A-Week,0,0.0,0.0,0.0
P2998,age of candidacy,A-Few-Weeks,0,0.0,0.0,0.0
P2998,age of candidacy,A-Month,0,0.0,0.0,0.0
P2998,age of candidacy,A-Few-Months,0,0.0,0.0,0.0
P2998,age of candidacy,A-Year,0,0.0,0.0,0.0
P2998,age of candidacy,A-Few-Years,1,50.0,0.001251705448673818,0.9484610281508555
P2998,age of candidacy,Many-Years,1,50.0,0.0033992793527772114,2.57575294037664
P3086,speed limit,A-Day,0,0.0,0.0,0.0
P3086,speed limit,A-Few-Days,0,0.0,0.0,0.0
P3086,speed limit,A-Week,0,0.0,0.0,0.0
P3086,speed limit,A-Few-Weeks,0,0.0,0.0,0.0
P3086,speed limit,A-Month,0,0.0,0.0,0.0
P3086,speed limit,A-Few-Months,0,0.0,0.0,0.0
P3086,speed limit,A-Year,0,0.0,0.0,0.0
P3086,speed limit,A-Few-Years,1,50.0,0.001251705448673818,0.9484610281508555
P3086,speed limit,Many-Years,1,50.0,0.0033992793527772114,2.57575294037664
P3195,league points system,A-Day,0,0.0,0.0,0.0
P3195,league points system,A-Few-Days,0,0.0,0.0,0.0
P3195,league points system,A-Week,0,0.0,0.0,0.0
P3195,league points system,A-Few-Weeks,0,0.0,0.0,0.0
P3195,league points system,A-Month,0,0.0,0.0,0.0
P3195,league points system,A-Few-Months,0,0.0,0.0,0.0
P3195,league points system,A-Year,0,0.0,0.0,0.0
P3195,league points system,A-Few-Years,0,0.0,0.0,0.0
P3195,league points system,Many-Years,2,100.0,0.006798558705554423,5.15150588075328
P3701,incarnation of,A-Day,0,0.0,0.0,0.0
P3701,incarnation of,A-Few-Days,0,0.0,0.0,0.0
P3701,incarnation of,A-Week,0,0.0,0.0,0.0
P3701,incarnation of,A-Few-Weeks,0,0.0,0.0,0.0
P3701,incarnation of,A-Month,0,0.0,0.0,0.0
P3701,incarnation of,A-Few-Months,0,0.0,0.0,0.0
P3701,incarnation of,A-Year,0,0.0,0.0,0.0
P3701,incarnation of,A-Few-Years,1,50.0,0.001251705448673818,0.9484610281508555
P3701,incarnation of,Many-Years,1,50.0,0.0033992793527772114,2.57575294037664
P3716,social classification,A-Day,0,0.0,0.0,0.0
P3716,social classification,A-Few-Days,0,0.0,0.0,0.0
P3716,social classification,A-Week,0,0.0,0.0,0.0
P3716,social classification,A-Few-Weeks,0,0.0,0.0,0.0
P3716,social classification,A-Month,0,0.0,0.0,0.0
P3716,social classification,A-Few-Months,0,0.0,0.0,0.0
P3716,social classification,A-Year,0,0.0,0.0,0.0
P3716,social classification,A-Few-Years,0,0.0,0.0,0.0
P3716,social classification,Many-Years,2,100.0,0.006798558705554423,5.15150588075328
P3730,next higher rank,A-Day,0,0.0,0.0,0.0
P3730,next higher rank,A-Few-Days,0,0.0,0.0,0.0
P3730,next higher rank,A-Week,0,0.0,0.0,0.0
P3730,next higher rank,A-Few-Weeks,0,0.0,0.0,0.0
P3730,next higher rank,A-Month,0,0.0,0.0,0.0
P3730,next higher rank,A-Few-Months,0,0.0,0.0,0.0
P3730,next higher rank,A-Year,0,0.0,0.0,0.0
P3730,next higher rank,A-Few-Years,1,50.0,0.001251705448673818,0.9484610281508555
P3730,next higher rank,Many-Years,1,50.0,0.0033992793527772114,2.57575294037664
P4970,alternative name,A-Day,0,0.0,0.0,0.0
P4970,alternative name,A-Few-Days,0,0.0,0.0,0.0
P4970,alternative name,A-Week,0,0.0,0.0,0.0
P4970,alternative name,A-Few-Weeks,0,0.0,0.0,0.0
P4970,alternative name,A-Month,0,0.0,0.0,0.0
P4970,alternative name,A-Few-Months,0,0.0,0.0,0.0
P4970,alternative name,A-Year,0,0.0,0.0,0.0
P4970,alternative name,A-Few-Years,0,0.0,0.0,0.0
P4970,alternative name,Many-Years,2,100.0,0.006798558705554423,5.15150588075328
P5024,choral conductor,A-Day,0,0.0,0.0,0.0
P5024,choral conductor,A-Few-Days,0,0.0,0.0,0.0
P5024,choral conductor,A-Week,0,0.0,0.0,0.0
P5024,choral conductor,A-Few-Weeks,0,0.0,0.0,0.0
P5024,choral conductor,A-Month,0,0.0,0.0,0.0
P5024,choral conductor,A-Few-Months,0,0.0,0.0,0.0
P5024,choral conductor,A-Year,0,0.0,0.0,0.0
P5024,choral conductor,A-Few-Years,1,50.0,0.001251705448673818,0.9484610281508555
P5024,choral conductor,Many-Years,1,50.0,0.0033992793527772114,2.57575294037664
P6339,reports periodicity,A-Day,0,0.0,0.0,0.0
P6339,reports periodicity,A-Few-Days,0,0.0,0.0,0.0
P6339,reports periodicity,A-Week,0,0.0,0.0,0.0
P6339,reports periodicity,A-Few-Weeks,0,0.0,0.0,0.0
P6339,reports periodicity,A-Month,0,0.0,0.0,0.0
P6339,reports periodicity,A-Few-Months,0,0.0,0.0,0.0
P6339,reports periodicity,A-Year,0,0.0,0.0,0.0
P6339,reports periodicity,A-Few-Years,2,100.0,0.002503410897347636,1.896922056301711
P6339,reports periodicity,Many-Years,0,0.0,0.0,0.0
P6794,minimum wage,A-Day,0,0.0,0.0,0.0
P6794,minimum wage,A-Few-Days,0,0.0,0.0,0.0
P6794,minimum wage,A-Week,0,0.0,0.0,0.0
P6794,minimum wage,A-Few-Weeks,0,0.0,0.0,0.0
P6794,minimum wage,A-Month,0,0.0,0.0,0.0
P6794,minimum wage,A-Few-Months,1,50.0,0.023185717597959656,17.568629724089963
P6794,minimum wage,A-Year,1,50.0,0.0029308323563892145,2.2207942555685816
P6794,minimum wage,A-Few-Years,0,0.0,0.0,0.0
P6794,minimum wage,Many-Years,0,0.0,0.0,0.0
P7501,audio system,A-Day,0,0.0,0.0,0.0
P7501,audio system,A-Few-Days,0,0.0,0.0,0.0
P7501,audio system,A-Week,0,0.0,0.0,0.0
P7501,audio system,A-Few-Weeks,0,0.0,0.0,0.0
P7501,audio system,A-Month,0,0.0,0.0,0.0
P7501,audio system,A-Few-Months,0,0.0,0.0,0.0
P7501,audio system,A-Year,0,0.0,0.0,0.0
P7501,audio system,A-Few-Years,1,50.0,0.001251705448673818,0.9484610281508555
P7501,audio system,Many-Years,1,50.0,0.0033992793527772114,2.57575294037664
P8001,endorsed by,A-Day,0,0.0,0.0,0.0
P8001,endorsed by,A-Few-Days,0,0.0,0.0,0.0
P8001,endorsed by,A-Week,0,0.0,0.0,0.0
P8001,endorsed by,A-Few-Weeks,0,0.0,0.0,0.0
P8001,endorsed by,A-Month,0,0.0,0.0,0.0
P8001,endorsed by,A-Few-Months,0,0.0,0.0,0.0
P8001,endorsed by,A-Year,0,0.0,0.0,0.0
P8001,endorsed by,A-Few-Years,2,100.0,0.002503410897347636,1.896922056301711
P8001,endorsed by,Many-Years,0,0.0,0.0,0.0
P9989,stylized name,A-Day,0,0.0,0.0,0.0
P9989,stylized name,A-Few-Days,0,0.0,0.0,0.0
P9989,stylized name,A-Week,0,0.0,0.0,0.0
P9989,stylized name,A-Few-Weeks,0,0.0,0.0,0.0
P9989,stylized name,A-Month,0,0.0,0.0,0.0
P9989,stylized name,A-Few-Months,0,0.0,0.0,0.0
P9989,stylized name,A-Year,0,0.0,0.0,0.0
P9989,stylized name,A-Few-Years,1,50.0,0.001251705448673818,0.9484610281508555
P9989,stylized name,Many-Years,1,50.0,0.0033992793527772114,2.57575294037664
P37,official language,A-Day,0,0.0,0.0,0.0
P37,official language,A-Few-Days,0,0.0,0.0,0.0
P37,official language,A-Week,0,0.0,0.0,0.0
P37,official language,A-Few-Weeks,0,0.0,0.0,0.0
P37,official language,A-Month,0,0.0,0.0,0.0
P37,official language,A-Few-Months,0,0.0,0.0,0.0
P37,official language,A-Year,0,0.0,0.0,0.0
P37,official language,A-Few-Years,0,0.0,0.0,0.0
P37,official language,Many-Years,1,100.0,0.0033992793527772114,5.15150588075328
P110,illustrator,A-Day,0,0.0,0.0,0.0
P110,illustrator,A-Few-Days,0,0.0,0.0,0.0
P110,illustrator,A-Week,0,0.0,0.0,0.0
P110,illustrator,A-Few-Weeks,0,0.0,0.0,0.0
P110,illustrator,A-Month,0,0.0,0.0,0.0
P110,illustrator,A-Few-Months,0,0.0,0.0,0.0
P110,illustrator,A-Year,0,0.0,0.0,0.0
P110,illustrator,A-Few-Years,1,100.0,0.001251705448673818,1.896922056301711
P110,illustrator,Many-Years,0,0.0,0.0,0.0
P113,airline hub,A-Day,0,0.0,0.0,0.0
P113,airline hub,A-Few-Days,0,0.0,0.0,0.0
P113,airline hub,A-Week,0,0.0,0.0,0.0
P113,airline hub,A-Few-Weeks,0,0.0,0.0,0.0
P113,airline hub,A-Month,0,0.0,0.0,0.0
P113,airline hub,A-Few-Months,0,0.0,0.0,0.0
P113,airline hub,A-Year,0,0.0,0.0,0.0
P113,airline hub,A-Few-Years,0,0.0,0.0,0.0
P113,airline hub,Many-Years,1,100.0,0.0033992793527772114,5.15150588075328
P144,based on,A-Day,0,0.0,0.0,0.0
P144,based on,A-Few-Days,0,0.0,0.0,0.0
P144,based on,A-Week,0,0.0,0.0,0.0
P144,based on,A-Few-Weeks,0,0.0,0.0,0.0
P144,based on,A-Month,0,0.0,0.0,0.0
P144,based on,A-Few-Months,0,0.0,0.0,0.0
P144,based on,A-Year,0,0.0,0.0,0.0
P144,based on,A-Few-Years,1,100.0,0.001251705448673818,1.896922056301711
P144,based on,Many-Years,0,0.0,0.0,0.0
P163,flag,A-Day,0,0.0,0.0,0.0
P163,flag,A-Few-Days,0,0.0,0.0,0.0
P163,flag,A-Week,0,0.0,0.0,0.0
P163,flag,A-Few-Weeks,0,0.0,0.0,0.0
P163,flag,A-Month,0,0.0,0.0,0.0
P163,flag,A-Few-Months,0,0.0,0.0,0.0
P163,flag,A-Year,0,0.0,0.0,0.0
P163,flag,A-Few-Years,0,0.0,0.0,0.0
P163,flag,Many-Years,1,100.0,0.0033992793527772114,5.15150588075328
P199,organizational division,A-Day,0,0.0,0.0,0.0
P199,organizational division,A-Few-Days,0,0.0,0.0,0.0
P199,organizational division,A-Week,0,0.0,0.0,0.0
P199,organizational division,A-Few-Weeks,0,0.0,0.0,0.0
P199,organizational division,A-Month,0,0.0,0.0,0.0
P199,organizational division,A-Few-Months,0,0.0,0.0,0.0
P199,organizational division,A-Year,0,0.0,0.0,0.0
P199,organizational division,A-Few-Years,1,100.0,0.001251705448673818,1.896922056301711
P199,organizational division,Many-Years,0,0.0,0.0,0.0
P208,executive body,A-Day,0,0.0,0.0,0.0
P208,executive body,A-Few-Days,0,0.0,0.0,0.0
P208,executive body,A-Week,0,0.0,0.0,0.0
P208,executive body,A-Few-Weeks,0,0.0,0.0,0.0
P208,executive body,A-Month,0,0.0,0.0,0.0
P208,executive body,A-Few-Months,1,100.0,0.023185717597959656,35.137259448179925
P208,executive body,A-Year,0,0.0,0.0,0.0
P208,executive body,A-Few-Years,0,0.0,0.0,0.0
P208,executive body,Many-Years,0,0.0,0.0,0.0
P287,designed by,A-Day,0,0.0,0.0,0.0
P287,designed by,A-Few-Days,0,0.0,0.0,0.0
P287,designed by,A-Week,0,0.0,0.0,0.0
P287,designed by,A-Few-Weeks,0,0.0,0.0,0.0
P287,designed by,A-Month,0,0.0,0.0,0.0
P287,designed by,A-Few-Months,0,0.0,0.0,0.0
P287,designed by,A-Year,0,0.0,0.0,0.0
P287,designed by,A-Few-Years,0,0.0,0.0,0.0
P287,designed by,Many-Years,1,100.0,0.0033992793527772114,5.15150588075328
P289,vessel class,A-Day,0,0.0,0.0,0.0
P289,vessel class,A-Few-Days,0,0.0,0.0,0.0
P289,vessel class,A-Week,0,0.0,0.0,0.0
P289,vessel class,A-Few-Weeks,0,0.0,0.0,0.0
P289,vessel class,A-Month,0,0.0,0.0,0.0
P289,vessel class,A-Few-Months,0,0.0,0.0,0.0
P289,vessel class,A-Year,0,0.0,0.0,0.0
P289,vessel class,A-Few-Years,1,100.0,0.001251705448673818,1.896922056301711
P289,vessel class,Many-Years,0,0.0,0.0,0.0
P296,station code,A-Day,0,0.0,0.0,0.0
P296,station code,A-Few-Days,0,0.0,0.0,0.0
P296,station code,A-Week,0,0.0,0.0,0.0
P296,station code,A-Few-Weeks,0,0.0,0.0,0.0
P296,station code,A-Month,0,0.0,0.0,0.0
P296,station code,A-Few-Months,0,0.0,0.0,0.0
P296,station code,A-Year,0,0.0,0.0,0.0
P296,station code,A-Few-Years,1,100.0,0.001251705448673818,1.896922056301711
P296,station code,Many-Years,0,0.0,0.0,0.0
P413,position played on team / speciality,A-Day,0,0.0,0.0,0.0
P413,position played on team / speciality,A-Few-Days,0,0.0,0.0,0.0
P413,position played on team / speciality,A-Week,0,0.0,0.0,0.0
P413,position played on team / speciality,A-Few-Weeks,0,0.0,0.0,0.0
P413,position played on team / speciality,A-Month,0,0.0,0.0,0.0
P413,position played on team / speciality,A-Few-Months,0,0.0,0.0,0.0
P413,position played on team / speciality,A-Year,0,0.0,0.0,0.0
P413,position played on team / speciality,A-Few-Years,0,0.0,0.0,0.0
P413,position played on team / speciality,Many-Years,1,100.0,0.0033992793527772114,5.15150588075328
P414,stock exchange,A-Day,0,0.0,0.0,0.0
P414,stock exchange,A-Few-Days,0,0.0,0.0,0.0
P414,stock exchange,A-Week,0,0.0,0.0,0.0
P414,stock exchange,A-Few-Weeks,0,0.0,0.0,0.0
P414,stock exchange,A-Month,0,0.0,0.0,0.0
P414,stock exchange,A-Few-Months,0,0.0,0.0,0.0
P414,stock exchange,A-Year,1,100.0,0.0029308323563892145,4.441588511137163
P414,stock exchange,A-Few-Years,0,0.0,0.0,0.0
P414,stock exchange,Many-Years,0,0.0,0.0,0.0
P415,radio format,A-Day,0,0.0,0.0,0.0
P415,radio format,A-Few-Days,0,0.0,0.0,0.0
P415,radio format,A-Week,0,0.0,0.0,0.0
P415,radio format,A-Few-Weeks,0,0.0,0.0,0.0
P415,radio format,A-Month,0,0.0,0.0,0.0
P415,radio format,A-Few-Months,0,0.0,0.0,0.0
P415,radio format,A-Year,0,0.0,0.0,0.0
P415,radio format,A-Few-Years,1,100.0,0.001251705448673818,1.896922056301711
P415,radio format,Many-Years,0,0.0,0.0,0.0
P417,patron saint,A-Day,0,0.0,0.0,0.0
P417,patron saint,A-Few-Days,0,0.0,0.0,0.0
P417,patron saint,A-Week,0,0.0,0.0,0.0
P417,patron saint,A-Few-Weeks,0,0.0,0.0,0.0
P417,patron saint,A-Month,0,0.0,0.0,0.0
P417,patron saint,A-Few-Months,0,0.0,0.0,0.0
P417,patron saint,A-Year,0,0.0,0.0,0.0
P417,patron saint,A-Few-Years,0,0.0,0.0,0.0
P417,patron saint,Many-Years,1,100.0,0.0033992793527772114,5.15150588075328
P424,Wikimedia language code,A-Day,0,0.0,0.0,0.0
P424,Wikimedia language code,A-Few-Days,0,0.0,0.0,0.0
P424,Wikimedia language code,A-Week,0,0.0,0.0,0.0
P424,Wikimedia language code,A-Few-Weeks,0,0.0,0.0,0.0
P424,Wikimedia language code,A-Month,0,0.0,0.0,0.0
P424,Wikimedia language code,A-Few-Months,0,0.0,0.0,0.0
P424,Wikimedia language code,A-Year,0,0.0,0.0,0.0
P424,Wikimedia language code,A-Few-Years,1,100.0,0.001251705448673818,1.896922056301711
P424,Wikimedia language code,Many-Years,0,0.0,0.0,0.0
P457,foundational text,A-Day,0,0.0,0.0,0.0
P457,foundational text,A-Few-Days,0,0.0,0.0,0.0
P457,foundational text,A-Week,0,0.0,0.0,0.0
P457,foundational text,A-Few-Weeks,0,0.0,0.0,0.0
P457,foundational text,A-Month,0,0.0,0.0,0.0
P457,foundational text,A-Few-Months,0,0.0,0.0,0.0
P457,foundational text,A-Year,0,0.0,0.0,0.0
P457,foundational text,A-Few-Years,0,0.0,0.0,0.0
P457,foundational text,Many-Years,1,100.0,0.0033992793527772114,5.15150588075328
P460,said to be the same as,A-Day,0,0.0,0.0,0.0
P460,said to be the same as,A-Few-Days,0,0.0,0.0,0.0
P460,said to be the same as,A-Week,0,0.0,0.0,0.0
P460,said to be the same as,A-Few-Weeks,0,0.0,0.0,0.0
P460,said to be the same as,A-Month,0,0.0,0.0,0.0
P460,said to be the same as,A-Few-Months,0,0.0,0.0,0.0
P460,said to be the same as,A-Year,0,0.0,0.0,0.0
P460,said to be the same as,A-Few-Years,1,100.0,0.001251705448673818,1.896922056301711
P460,said to be the same as,Many-Years,0,0.0,0.0,0.0
P462,color,A-Day,0,0.0,0.0,0.0
P462,color,A-Few-Days,0,0.0,0.0,0.0
P462,color,A-Week,0,0.0,0.0,0.0
P462,color,A-Few-Weeks,0,0.0,0.0,0.0
P462,color,A-Month,0,0.0,0.0,0.0
P462,color,A-Few-Months,0,0.0,0.0,0.0
P462,color,A-Year,0,0.0,0.0,0.0
P462,color,A-Few-Years,1,100.0,0.001251705448673818,1.896922056301711
P462,color,Many-Years,0,0.0,0.0,0.0
P501,enclave within,A-Day,0,0.0,0.0,0.0
P501,enclave within,A-Few-Days,0,0.0,0.0,0.0
P501,enclave within,A-Week,0,0.0,0.0,0.0
P501,enclave within,A-Few-Weeks,0,0.0,0.0,0.0
P501,enclave within,A-Month,0,0.0,0.0,0.0
P501,enclave within,A-Few-Months,0,0.0,0.0,0.0
P501,enclave within,A-Year,0,0.0,0.0,0.0
P501,enclave within,A-Few-Years,0,0.0,0.0,0.0
P501,enclave within,Many-Years,1,100.0,0.0033992793527772114,5.15150588075328
P516,powered by,A-Day,0,0.0,0.0,0.0
P516,powered by,A-Few-Days,0,0.0,0.0,0.0
P516,powered by,A-Week,0,0.0,0.0,0.0
P516,powered by,A-Few-Weeks,0,0.0,0.0,0.0
P516,powered by,A-Month,0,0.0,0.0,0.0
P516,powered by,A-Few-Months,0,0.0,0.0,0.0
P516,powered by,A-Year,0,0.0,0.0,0.0
P516,powered by,A-Few-Years,1,100.0,0.001251705448673818,1.896922056301711
P516,powered by,Many-Years,0,0.0,0.0,0.0
P547,commemorates,A-Day,0,0.0,0.0,0.0
P547,commemorates,A-Few-Days,0,0.0,0.0,0.0
P547,commemorates,A-Week,0,0.0,0.0,0.0
P547,commemorates,A-Few-Weeks,0,0.0,0.0,0.0
P547,commemorates,A-Month,0,0.0,0.0,0.0
P547,commemorates,A-Few-Months,0,0.0,0.0,0.0
P547,commemorates,A-Year,0,0.0,0.0,0.0
P547,commemorates,A-Few-Years,0,0.0,0.0,0.0
P547,commemorates,Many-Years,1,100.0,0.0033992793527772114,5.15150588075328
P706,located in/on physical feature,A-Day,0,0.0,0.0,0.0
P706,located in/on physical feature,A-Few-Days,0,0.0,0.0,0.0
P706,located in/on physical feature,A-Week,0,0.0,0.0,0.0
P706,located in/on physical feature,A-Few-Weeks,0,0.0,0.0,0.0
P706,located in/on physical feature,A-Month,0,0.0,0.0,0.0
P706,located in/on physical feature,A-Few-Months,0,0.0,0.0,0.0
P706,located in/on physical feature,A-Year,0,0.0,0.0,0.0
P706,located in/on physical feature,A-Few-Years,0,0.0,0.0,0.0
P706,located in/on physical feature,Many-Years,1,100.0,0.0033992793527772114,5.15150588075328
P735,given name,A-Day,0,0.0,0.0,0.0
P735,given name,A-Few-Days,0,0.0,0.0,0.0
P735,given name,A-Week,0,0.0,0.0,0.0
P735,given name,A-Few-Weeks,0,0.0,0.0,0.0
P735,given name,A-Month,0,0.0,0.0,0.0
P735,given name,A-Few-Months,0,0.0,0.0,0.0
P735,given name,A-Year,0,0.0,0.0,0.0
P735,given name,A-Few-Years,0,0.0,0.0,0.0
P735,given name,Many-Years,1,100.0,0.0033992793527772114,5.15150588075328
P795,located on linear feature,A-Day,0,0.0,0.0,0.0
P795,located on linear feature,A-Few-Days,0,0.0,0.0,0.0
P795,located on linear feature,A-Week,0,0.0,0.0,0.0
P795,located on linear feature,A-Few-Weeks,0,0.0,0.0,0.0
P795,located on linear feature,A-Month,0,0.0,0.0,0.0
P795,located on linear feature,A-Few-Months,0,0.0,0.0,0.0
P795,located on linear feature,A-Year,0,0.0,0.0,0.0
P795,located on linear feature,A-Few-Years,0,0.0,0.0,0.0
P795,located on linear feature,Many-Years,1,100.0,0.0033992793527772114,5.15150588075328
P921,main subject,A-Day,0,0.0,0.0,0.0
P921,main subject,A-Few-Days,0,0.0,0.0,0.0
P921,main subject,A-Week,0,0.0,0.0,0.0
P921,main subject,A-Few-Weeks,0,0.0,0.0,0.0
P921,main subject,A-Month,0,0.0,0.0,0.0
P921,main subject,A-Few-Months,0,0.0,0.0,0.0
P921,main subject,A-Year,1,100.0,0.0029308323563892145,4.441588511137163
P921,main subject,A-Few-Years,0,0.0,0.0,0.0
P921,main subject,Many-Years,0,0.0,0.0,0.0
P930,type of electrification,A-Day,0,0.0,0.0,0.0
P930,type of electrification,A-Few-Days,0,0.0,0.0,0.0
P930,type of electrification,A-Week,0,0.0,0.0,0.0
P930,type of electrification,A-Few-Weeks,0,0.0,0.0,0.0
P930,type of electrification,A-Month,0,0.0,0.0,0.0
P930,type of electrification,A-Few-Months,0,0.0,0.0,0.0
P930,type of electrification,A-Year,0,0.0,0.0,0.0
P930,type of electrification,A-Few-Years,0,0.0,0.0,0.0
P930,type of electrification,Many-Years,1,100.0,0.0033992793527772114,5.15150588075328
P1028,donated by,A-Day,0,0.0,0.0,0.0
P1028,donated by,A-Few-Days,0,0.0,0.0,0.0
P1028,donated by,A-Week,0,0.0,0.0,0.0
P1028,donated by,A-Few-Weeks,0,0.0,0.0,0.0
P1028,donated by,A-Month,0,0.0,0.0,0.0
P1028,donated by,A-Few-Months,0,0.0,0.0,0.0
P1028,donated by,A-Year,0,0.0,0.0,0.0
P1028,donated by,A-Few-Years,0,0.0,0.0,0.0
P1028,donated by,Many-Years,1,100.0,0.0033992793527772114,5.15150588075328
P1050,medical condition,A-Day,0,0.0,0.0,0.0
P1050,medical condition,A-Few-Days,0,0.0,0.0,0.0
P1050,medical condition,A-Week,0,0.0,0.0,0.0
P1050,medical condition,A-Few-Weeks,0,0.0,0.0,0.0
P1050,medical condition,A-Month,0,0.0,0.0,0.0
P1050,medical condition,A-Few-Months,0,0.0,0.0,0.0
P1050,medical condition,A-Year,0,0.0,0.0,0.0
P1050,medical condition,A-Few-Years,1,100.0,0.001251705448673818,1.896922056301711
P1050,medical condition,Many-Years,0,0.0,0.0,0.0
P1056,product or material produced,A-Day,0,0.0,0.0,0.0
P1056,product or material produced,A-Few-Days,0,0.0,0.0,0.0
P1056,product or material produced,A-Week,0,0.0,0.0,0.0
P1056,product or material produced,A-Few-Weeks,0,0.0,0.0,0.0
P1056,product or material produced,A-Month,0,0.0,0.0,0.0
P1056,product or material produced,A-Few-Months,0,0.0,0.0,0.0
P1056,product or material produced,A-Year,0,0.0,0.0,0.0
P1056,product or material produced,A-Few-Years,1,100.0,0.001251705448673818,1.896922056301711
P1056,product or material produced,Many-Years,0,0.0,0.0,0.0
P1096,orbital eccentricity,A-Day,0,0.0,0.0,0.0
P1096,orbital eccentricity,A-Few-Days,0,0.0,0.0,0.0
P1096,orbital eccentricity,A-Week,0,0.0,0.0,0.0
P1096,orbital eccentricity,A-Few-Weeks,0,0.0,0.0,0.0
P1096,orbital eccentricity,A-Month,0,0.0,0.0,0.0
P1096,orbital eccentricity,A-Few-Months,0,0.0,0.0,0.0
P1096,orbital eccentricity,A-Year,0,0.0,0.0,0.0
P1096,orbital eccentricity,A-Few-Years,1,100.0,0.001251705448673818,1.896922056301711
P1096,orbital eccentricity,Many-Years,0,0.0,0.0,0.0
P1101,floors above ground,A-Day,0,0.0,0.0,0.0
P1101,floors above ground,A-Few-Days,0,0.0,0.0,0.0
P1101,floors above ground,A-Week,0,0.0,0.0,0.0
P1101,floors above ground,A-Few-Weeks,0,0.0,0.0,0.0
P1101,floors above ground,A-Month,0,0.0,0.0,0.0
P1101,floors above ground,A-Few-Months,0,0.0,0.0,0.0
P1101,floors above ground,A-Year,0,0.0,0.0,0.0
P1101,floors above ground,A-Few-Years,1,100.0,0.001251705448673818,1.896922056301711
P1101,floors above ground,Many-Years,0,0.0,0.0,0.0
P1103,number of platform tracks,A-Day,0,0.0,0.0,0.0
P1103,number of platform tracks,A-Few-Days,0,0.0,0.0,0.0
P1103,number of platform tracks,A-Week,0,0.0,0.0,0.0
P1103,number of platform tracks,A-Few-Weeks,0,0.0,0.0,0.0
P1103,number of platform tracks,A-Month,0,0.0,0.0,0.0
P1103,number of platform tracks,A-Few-Months,0,0.0,0.0,0.0
P1103,number of platform tracks,A-Year,0,0.0,0.0,0.0
P1103,number of platform tracks,A-Few-Years,1,100.0,0.001251705448673818,1.896922056301711
P1103,number of platform tracks,Many-Years,0,0.0,0.0,0.0
P1128,employees,A-Day,0,0.0,0.0,0.0
P1128,employees,A-Few-Days,0,0.0,0.0,0.0
P1128,employees,A-Week,0,0.0,0.0,0.0
P1128,employees,A-Few-Weeks,0,0.0,0.0,0.0
P1128,employees,A-Month,0,0.0,0.0,0.0
P1128,employees,A-Few-Months,0,0.0,0.0,0.0
P1128,employees,A-Year,1,100.0,0.0029308323563892145,4.441588511137163
P1128,employees,A-Few-Years,0,0.0,0.0,0.0
P1128,employees,Many-Years,0,0.0,0.0,0.0
P1181,numeric value,A-Day,0,0.0,0.0,0.0
P1181,numeric value,A-Few-Days,0,0.0,0.0,0.0
P1181,numeric value,A-Week,0,0.0,0.0,0.0
P1181,numeric value,A-Few-Weeks,0,0.0,0.0,0.0
P1181,numeric value,A-Month,0,0.0,0.0,0.0
P1181,numeric value,A-Few-Months,0,0.0,0.0,0.0
P1181,numeric value,A-Year,0,0.0,0.0,0.0
P1181,numeric value,A-Few-Years,0,0.0,0.0,0.0
P1181,numeric value,Many-Years,1,100.0,0.0033992793527772114,5.15150588075328
P1301,number of elevators,A-Day,0,0.0,0.0,0.0
P1301,number of elevators,A-Few-Days,0,0.0,0.0,0.0
P1301,number of elevators,A-Week,0,0.0,0.0,0.0
P1301,number of elevators,A-Few-Weeks,0,0.0,0.0,0.0
P1301,number of elevators,A-Month,0,0.0,0.0,0.0
P1301,number of elevators,A-Few-Months,1,100.0,0.023185717597959656,35.137259448179925
P1301,number of elevators,A-Year,0,0.0,0.0,0.0
P1301,number of elevators,A-Few-Years,0,0.0,0.0,0.0
P1301,number of elevators,Many-Years,0,0.0,0.0,0.0
P1304,central bank,A-Day,0,0.0,0.0,0.0
P1304,central bank,A-Few-Days,0,0.0,0.0,0.0
P1304,central bank,A-Week,0,0.0,0.0,0.0
P1304,central bank,A-Few-Weeks,0,0.0,0.0,0.0
P1304,central bank,A-Month,0,0.0,0.0,0.0
P1304,central bank,A-Few-Months,0,0.0,0.0,0.0
P1304,central bank,A-Year,0,0.0,0.0,0.0
P1304,central bank,A-Few-Years,0,0.0,0.0,0.0
P1304,central bank,Many-Years,1,100.0,0.0033992793527772114,5.15150588075328
P1343,described by source,A-Day,0,0.0,0.0,0.0
P1343,described by source,A-Few-Days,0,0.0,0.0,0.0
P1343,described by source,A-Week,0,0.0,0.0,0.0
P1343,described by source,A-Few-Weeks,0,0.0,0.0,0.0
P1343,described by source,A-Month,0,0.0,0.0,0.0
P1343,described by source,A-Few-Months,0,0.0,0.0,0.0
P1343,described by source,A-Year,0,0.0,0.0,0.0
P1343,described by source,A-Few-Years,1,100.0,0.001251705448673818,1.896922056301711
P1343,described by source,Many-Years,0,0.0,0.0,0.0
P1346,winner,A-Day,0,0.0,0.0,0.0
P1346,winner,A-Few-Days,0,0.0,0.0,0.0
P1346,winner,A-Week,0,0.0,0.0,0.0
P1346,winner,A-Few-Weeks,0,0.0,0.0,0.0
P1346,winner,A-Month,0,0.0,0.0,0.0
P1346,winner,A-Few-Months,0,0.0,0.0,0.0
P1346,winner,A-Year,0,0.0,0.0,0.0
P1346,winner,A-Few-Years,0,0.0,0.0,0.0
P1346,winner,Many-Years,1,100.0,0.0033992793527772114,5.15150588075328
P1351,number of points/goals/set scored,A-Day,0,0.0,0.0,0.0
P1351,number of points/goals/set scored,A-Few-Days,0,0.0,0.0,0.0
P1351,number of points/goals/set scored,A-Week,0,0.0,0.0,0.0
P1351,number of points/goals/set scored,A-Few-Weeks,0,0.0,0.0,0.0
P1351,number of points/goals/set scored,A-Month,0,0.0,0.0,0.0
P1351,number of points/goals/set scored,A-Few-Months,0,0.0,0.0,0.0
P1351,number of points/goals/set scored,A-Year,1,100.0,0.0029308323563892145,4.441588511137163
P1351,number of points/goals/set scored,A-Few-Years,0,0.0,0.0,0.0
P1351,number of points/goals/set scored,Many-Years,0,0.0,0.0,0.0
P1408,licensed to broadcast to,A-Day,0,0.0,0.0,0.0
P1408,licensed to broadcast to,A-Few-Days,0,0.0,0.0,0.0
P1408,licensed to broadcast to,A-Week,0,0.0,0.0,0.0
P1408,licensed to broadcast to,A-Few-Weeks,0,0.0,0.0,0.0
P1408,licensed to broadcast to,A-Month,0,0.0,0.0,0.0
P1408,licensed to broadcast to,A-Few-Months,0,0.0,0.0,0.0
P1408,licensed to broadcast to,A-Year,0,0.0,0.0,0.0
P1408,licensed to broadcast to,A-Few-Years,1,100.0,0.001251705448673818,1.896922056301711
P1408,licensed to broadcast to,Many-Years,0,0.0,0.0,0.0
P1423,template has topic,A-Day,0,0.0,0.0,0.0
P1423,template has topic,A-Few-Days,0,0.0,0.0,0.0
P1423,template has topic,A-Week,0,0.0,0.0,0.0
P1423,template has topic,A-Few-Weeks,0,0.0,0.0,0.0
P1423,template has topic,A-Month,0,0.0,0.0,0.0
P1423,template has topic,A-Few-Months,0,0.0,0.0,0.0
P1423,template has topic,A-Year,0,0.0,0.0,0.0
P1423,template has topic,A-Few-Years,0,0.0,0.0,0.0
P1423,template has topic,Many-Years,1,100.0,0.0033992793527772114,5.15150588075328
P1431,executive producer,A-Day,0,0.0,0.0,0.0
P1431,executive producer,A-Few-Days,0,0.0,0.0,0.0
P1431,executive producer,A-Week,0,0.0,0.0,0.0
P1431,executive producer,A-Few-Weeks,0,0.0,0.0,0.0
P1431,executive producer,A-Month,0,0.0,0.0,0.0
P1431,executive producer,A-Few-Months,0,0.0,0.0,0.0
P1431,executive producer,A-Year,0,0.0,0.0,0.0
P1431,executive producer,A-Few-Years,1,100.0,0.001251705448673818,1.896922056301711
P1431,executive producer,Many-Years,0,0.0,0.0,0.0
P1444,destination point,A-Day,0,0.0,0.0,0.0
P1444,destination point,A-Few-Days,0,0.0,0.0,0.0
P1444,destination point,A-Week,0,0.0,0.0,0.0
P1444,destination point,A-Few-Weeks,0,0.0,0.0,0.0
P1444,destination point,A-Month,0,0.0,0.0,0.0
P1444,destination point,A-Few-Months,0,0.0,0.0,0.0
P1444,destination point,A-Year,1,100.0,0.0029308323563892145,4.441588511137163
P1444,destination point,A-Few-Years,0,0.0,0.0,0.0
P1444,destination point,Many-Years,0,0.0,0.0,0.0
P1594,judge,A-Day,0,0.0,0.0,0.0
P1594,judge,A-Few-Days,0,0.0,0.0,0.0
P1594,judge,A-Week,0,0.0,0.0,0.0
P1594,judge,A-Few-Weeks,0,0.0,0.0,0.0
P1594,judge,A-Month,0,0.0,0.0,0.0
P1594,judge,A-Few-Months,0,0.0,0.0,0.0
P1594,judge,A-Year,0,0.0,0.0,0.0
P1594,judge,A-Few-Years,1,100.0,0.001251705448673818,1.896922056301711
P1594,judge,Many-Years,0,0.0,0.0,0.0
P2045,orbital inclination,A-Day,0,0.0,0.0,0.0
P2045,orbital inclination,A-Few-Days,0,0.0,0.0,0.0
P2045,orbital inclination,A-Week,0,0.0,0.0,0.0
P2045,orbital inclination,A-Few-Weeks,0,0.0,0.0,0.0
P2045,orbital inclination,A-Month,0,0.0,0.0,0.0
P2045,orbital inclination,A-Few-Months,1,100.0,0.023185717597959656,35.137259448179925
P2045,orbital inclination,A-Year,0,0.0,0.0,0.0
P2045,orbital inclination,A-Few-Years,0,0.0,0.0,0.0
P2045,orbital inclination,Many-Years,0,0.0,0.0,0.0
P2052,speed,A-Day,0,0.0,0.0,0.0
P2052,speed,A-Few-Days,0,0.0,0.0,0.0
P2052,speed,A-Week,0,0.0,0.0,0.0
P2052,speed,A-Few-Weeks,0,0.0,0.0,0.0
P2052,speed,A-Month,0,0.0,0.0,0.0
P2052,speed,A-Few-Months,0,0.0,0.0,0.0
P2052,speed,A-Year,0,0.0,0.0,0.0
P2052,speed,A-Few-Years,0,0.0,0.0,0.0
P2052,speed,Many-Years,1,100.0,0.0033992793527772114,5.15150588075328
P2061,aspect ratio (W:H),A-Day,0,0.0,0.0,0.0
P2061,aspect ratio (W:H),A-Few-Days,0,0.0,0.0,0.0
P2061,aspect ratio (W:H),A-Week,0,0.0,0.0,0.0
P2061,aspect ratio (W:H),A-Few-Weeks,0,0.0,0.0,0.0
P2061,aspect ratio (W:H),A-Month,0,0.0,0.0,0.0
P2061,aspect ratio (W:H),A-Few-Months,0,0.0,0.0,0.0
P2061,aspect ratio (W:H),A-Year,0,0.0,0.0,0.0
P2061,aspect ratio (W:H),A-Few-Years,1,100.0,0.001251705448673818,1.896922056301711
P2061,aspect ratio (W:H),Many-Years,0,0.0,0.0,0.0
P2146,orbital period,A-Day,0,0.0,0.0,0.0
P2146,orbital period,A-Few-Days,0,0.0,0.0,0.0
P2146,orbital period,A-Week,0,0.0,0.0,0.0
P2146,orbital period,A-Few-Weeks,0,0.0,0.0,0.0
P2146,orbital period,A-Month,0,0.0,0.0,0.0
P2146,orbital period,A-Few-Months,1,100.0,0.023185717597959656,35.137259448179925
P2146,orbital period,A-Year,0,0.0,0.0,0.0
P2146,orbital period,A-Few-Years,0,0.0,0.0,0.0
P2146,orbital period,Many-Years,0,0.0,0.0,0.0
P2184,history of topic,A-Day,0,0.0,0.0,0.0
P2184,history of topic,A-Few-Days,0,0.0,0.0,0.0
P2184,history of topic,A-Week,0,0.0,0.0,0.0
P2184,history of topic,A-Few-Weeks,0,0.0,0.0,0.0
P2184,history of topic,A-Month,0,0.0,0.0,0.0
P2184,history of topic,A-Few-Months,0,0.0,0.0,0.0
P2184,history of topic,A-Year,0,0.0,0.0,0.0
P2184,history of topic,A-Few-Years,0,0.0,0.0,0.0
P2184,history of topic,Many-Years,1,100.0,0.0033992793527772114,5.15150588075328
P2244,periapsis,A-Day,0,0.0,0.0,0.0
P2244,periapsis,A-Few-Days,0,0.0,0.0,0.0
P2244,periapsis,A-Week,0,0.0,0.0,0.0
P2244,periapsis,A-Few-Weeks,0,0.0,0.0,0.0
P2244,periapsis,A-Month,0,0.0,0.0,0.0
P2244,periapsis,A-Few-Months,1,100.0,0.023185717597959656,35.137259448179925
P2244,periapsis,A-Year,0,0.0,0.0,0.0
P2244,periapsis,A-Few-Years,0,0.0,0.0,0.0
P2244,periapsis,Many-Years,0,0.0,0.0,0.0
P2378,issued by,A-Day,0,0.0,0.0,0.0
P2378,issued by,A-Few-Days,0,0.0,0.0,0.0
P2378,issued by,A-Week,0,0.0,0.0,0.0
P2378,issued by,A-Few-Weeks,0,0.0,0.0,0.0
P2378,issued by,A-Month,0,0.0,0.0,0.0
P2378,issued by,A-Few-Months,0,0.0,0.0,0.0
P2378,issued by,A-Year,0,0.0,0.0,0.0
P2378,issued by,A-Few-Years,0,0.0,0.0,0.0
P2378,issued by,Many-Years,1,100.0,0.0033992793527772114,5.15150588075328
P2517,category for recipients of this award,A-Day,0,0.0,0.0,0.0
P2517,category for recipients of this award,A-Few-Days,0,0.0,0.0,0.0
P2517,category for recipients of this award,A-Week,0,0.0,0.0,0.0
P2517,category for recipients of this award,A-Few-Weeks,0,0.0,0.0,0.0
P2517,category for recipients of this award,A-Month,0,0.0,0.0,0.0
P2517,category for recipients of this award,A-Few-Months,0,0.0,0.0,0.0
P2517,category for recipients of this award,A-Year,0,0.0,0.0,0.0
P2517,category for recipients of this award,A-Few-Years,1,100.0,0.001251705448673818,1.896922056301711
P2517,category for recipients of this award,Many-Years,0,0.0,0.0,0.0
P2572,hashtag,A-Day,0,0.0,0.0,0.0
P2572,hashtag,A-Few-Days,0,0.0,0.0,0.0
P2572,hashtag,A-Week,0,0.0,0.0,0.0
P2572,hashtag,A-Few-Weeks,0,0.0,0.0,0.0
P2572,hashtag,A-Month,0,0.0,0.0,0.0
P2572,hashtag,A-Few-Months,0,0.0,0.0,0.0
P2572,hashtag,A-Year,0,0.0,0.0,0.0
P2572,hashtag,A-Few-Years,1,100.0,0.001251705448673818,1.896922056301711
P2572,hashtag,Many-Years,0,0.0,0.0,0.0
P2578,is the study of,A-Day,0,0.0,0.0,0.0
P2578,is the study of,A-Few-Days,0,0.0,0.0,0.0
P2578,is the study of,A-Week,0,0.0,0.0,0.0
P2578,is the study of,A-Few-Weeks,0,0.0,0.0,0.0
P2578,is the study of,A-Month,0,0.0,0.0,0.0
P2578,is the study of,A-Few-Months,0,0.0,0.0,0.0
P2578,is the study of,A-Year,0,0.0,0.0,0.0
P2578,is the study of,A-Few-Years,1,100.0,0.001251705448673818,1.896922056301711
P2578,is the study of,Many-Years,0,0.0,0.0,0.0
P2596,culture,A-Day,0,0.0,0.0,0.0
P2596,culture,A-Few-Days,0,0.0,0.0,0.0
P2596,culture,A-Week,0,0.0,0.0,0.0
P2596,culture,A-Few-Weeks,0,0.0,0.0,0.0
P2596,culture,A-Month,0,0.0,0.0,0.0
P2596,culture,A-Few-Months,0,0.0,0.0,0.0
P2596,culture,A-Year,0,0.0,0.0,0.0
P2596,culture,A-Few-Years,0,0.0,0.0,0.0
P2596,culture,Many-Years,1,100.0,0.0033992793527772114,5.15150588075328
P2791,power consumed,A-Day,0,0.0,0.0,0.0
P2791,power consumed,A-Few-Days,0,0.0,0.0,0.0
P2791,power consumed,A-Week,0,0.0,0.0,0.0
P2791,power consumed,A-Few-Weeks,0,0.0,0.0,0.0
P2791,power consumed,A-Month,0,0.0,0.0,0.0
P2791,power consumed,A-Few-Months,0,0.0,0.0,0.0
P2791,power consumed,A-Year,1,100.0,0.0029308323563892145,4.441588511137163
P2791,power consumed,A-Few-Years,0,0.0,0.0,0.0
P2791,power consumed,Many-Years,0,0.0,0.0,0.0
P2828,corporate officer,A-Day,0,0.0,0.0,0.0
P2828,corporate officer,A-Few-Days,0,0.0,0.0,0.0
P2828,corporate officer,A-Week,0,0.0,0.0,0.0
P2828,corporate officer,A-Few-Weeks,0,0.0,0.0,0.0
P2828,corporate officer,A-Month,0,0.0,0.0,0.0
P2828,corporate officer,A-Few-Months,0,0.0,0.0,0.0
P2828,corporate officer,A-Year,0,0.0,0.0,0.0
P2828,corporate officer,A-Few-Years,0,0.0,0.0,0.0
P2828,corporate officer,Many-Years,1,100.0,0.0033992793527772114,5.15150588075328
P2929,lighthouse range,A-Day,0,0.0,0.0,0.0
P2929,lighthouse range,A-Few-Days,0,0.0,0.0,0.0
P2929,lighthouse range,A-Week,0,0.0,0.0,0.0
P2929,lighthouse range,A-Few-Weeks,0,0.0,0.0,0.0
P2929,lighthouse range,A-Month,0,0.0,0.0,0.0
P2929,lighthouse range,A-Few-Months,0,0.0,0.0,0.0
P2929,lighthouse range,A-Year,0,0.0,0.0,0.0
P2929,lighthouse range,A-Few-Years,0,0.0,0.0,0.0
P2929,lighthouse range,Many-Years,1,100.0,0.0033992793527772114,5.15150588075328
P2936,language used,A-Day,0,0.0,0.0,0.0
P2936,language used,A-Few-Days,0,0.0,0.0,0.0
P2936,language used,A-Week,0,0.0,0.0,0.0
P2936,language used,A-Few-Weeks,0,0.0,0.0,0.0
P2936,language used,A-Month,0,0.0,0.0,0.0
P2936,language used,A-Few-Months,0,0.0,0.0,0.0
P2936,language used,A-Year,0,0.0,0.0,0.0
P2936,language used,A-Few-Years,0,0.0,0.0,0.0
P2936,language used,Many-Years,1,100.0,0.0033992793527772114,5.15150588075328
P2957,throughput,A-Day,0,0.0,0.0,0.0
P2957,throughput,A-Few-Days,0,0.0,0.0,0.0
P2957,throughput,A-Week,0,0.0,0.0,0.0
P2957,throughput,A-Few-Weeks,0,0.0,0.0,0.0
P2957,throughput,A-Month,0,0.0,0.0,0.0
P2957,throughput,A-Few-Months,0,0.0,0.0,0.0
P2957,throughput,A-Year,0,0.0,0.0,0.0
P2957,throughput,A-Few-Years,0,0.0,0.0,0.0
P2957,throughput,Many-Years,1,100.0,0.0033992793527772114,5.15150588075328
P3001,retirement age,A-Day,0,0.0,0.0,0.0
P3001,retirement age,A-Few-Days,0,0.0,0.0,0.0
P3001,retirement age,A-Week,0,0.0,0.0,0.0
P3001,retirement age,A-Few-Weeks,0,0.0,0.0,0.0
P3001,retirement age,A-Month,0,0.0,0.0,0.0
P3001,retirement age,A-Few-Months,0,0.0,0.0,0.0
P3001,retirement age,A-Year,0,0.0,0.0,0.0
P3001,retirement age,A-Few-Years,1,100.0,0.001251705448673818,1.896922056301711
P3001,retirement age,Many-Years,0,0.0,0.0,0.0
P3085,qualifies for event,A-Day,0,0.0,0.0,0.0
P3085,qualifies for event,A-Few-Days,0,0.0,0.0,0.0
P3085,qualifies for event,A-Week,0,0.0,0.0,0.0
P3085,qualifies for event,A-Few-Weeks,0,0.0,0.0,0.0
P3085,qualifies for event,A-Month,0,0.0,0.0,0.0
P3085,qualifies for event,A-Few-Months,0,0.0,0.0,0.0
P3085,qualifies for event,A-Year,0,0.0,0.0,0.0
P3085,qualifies for event,A-Few-Years,0,0.0,0.0,0.0
P3085,qualifies for event,Many-Years,1,100.0,0.0033992793527772114,5.15150588075328
P3091,mount,A-Day,0,0.0,0.0,0.0
P3091,mount,A-Few-Days,0,0.0,0.0,0.0
P3091,mount,A-Week,0,0.0,0.0,0.0
P3091,mount,A-Few-Weeks,0,0.0,0.0,0.0
P3091,mount,A-Month,0,0.0,0.0,0.0
P3091,mount,A-Few-Months,0,0.0,0.0,0.0
P3091,mount,A-Year,0,0.0,0.0,0.0
P3091,mount,A-Few-Years,1,100.0,0.001251705448673818,1.896922056301711
P3091,mount,Many-Years,0,0.0,0.0,0.0
P3448,stepparent,A-Day,0,0.0,0.0,0.0
P3448,stepparent,A-Few-Days,0,0.0,0.0,0.0
P3448,stepparent,A-Week,0,0.0,0.0,0.0
P3448,stepparent,A-Few-Weeks,0,0.0,0.0,0.0
P3448,stepparent,A-Month,0,0.0,0.0,0.0
P3448,stepparent,A-Few-Months,0,0.0,0.0,0.0
P3448,stepparent,A-Year,0,0.0,0.0,0.0
P3448,stepparent,A-Few-Years,0,0.0,0.0,0.0
P3448,stepparent,Many-Years,1,100.0,0.0033992793527772114,5.15150588075328
P3729,next lower rank,A-Day,0,0.0,0.0,0.0
P3729,next lower rank,A-Few-Days,0,0.0,0.0,0.0
P3729,next lower rank,A-Week,0,0.0,0.0,0.0
P3729,next lower rank,A-Few-Weeks,0,0.0,0.0,0.0
P3729,next lower rank,A-Month,0,0.0,0.0,0.0
P3729,next lower rank,A-Few-Months,0,0.0,0.0,0.0
P3729,next lower rank,A-Year,0,0.0,0.0,0.0
P3729,next lower rank,A-Few-Years,0,0.0,0.0,0.0
P3729,next lower rank,Many-Years,1,100.0,0.0033992793527772114,5.15150588075328
P3858,route diagram template,A-Day,0,0.0,0.0,0.0
P3858,route diagram template,A-Few-Days,0,0.0,0.0,0.0
P3858,route diagram template,A-Week,0,0.0,0.0,0.0
P3858,route diagram template,A-Few-Weeks,0,0.0,0.0,0.0
P3858,route diagram template,A-Month,0,0.0,0.0,0.0
P3858,route diagram template,A-Few-Months,0,0.0,0.0,0.0
P3858,route diagram template,A-Year,0,0.0,0.0,0.0
P3858,route diagram template,A-Few-Years,1,100.0,0.001251705448673818,1.896922056301711
P3858,route diagram template,Many-Years,0,0.0,0.0,0.0
P3970,channel number,A-Day,0,0.0,0.0,0.0
P3970,channel number,A-Few-Days,0,0.0,0.0,0.0
P3970,channel number,A-Week,0,0.0,0.0,0.0
P3970,channel number,A-Few-Weeks,0,0.0,0.0,0.0
P3970,channel number,A-Month,0,0.0,0.0,0.0
P3970,channel number,A-Few-Months,0,0.0,0.0,0.0
P3970,channel number,A-Year,0,0.0,0.0,0.0
P3970,channel number,A-Few-Years,0,0.0,0.0,0.0
P3970,channel number,Many-Years,1,100.0,0.0033992793527772114,5.15150588075328
P4224,category contains,A-Day,0,0.0,0.0,0.0
P4224,category contains,A-Few-Days,0,0.0,0.0,0.0
P4224,category contains,A-Week,0,0.0,0.0,0.0
P4224,category contains,A-Few-Weeks,0,0.0,0.0,0.0
P4224,category contains,A-Month,0,0.0,0.0,0.0
P4224,category contains,A-Few-Months,0,0.0,0.0,0.0
P4224,category contains,A-Year,0,0.0,0.0,0.0
P4224,category contains,A-Few-Years,0,0.0,0.0,0.0
P4224,category contains,Many-Years,1,100.0,0.0033992793527772114,5.15150588075328
P4353,nominated by,A-Day,0,0.0,0.0,0.0
P4353,nominated by,A-Few-Days,0,0.0,0.0,0.0
P4353,nominated by,A-Week,0,0.0,0.0,0.0
P4353,nominated by,A-Few-Weeks,0,0.0,0.0,0.0
P4353,nominated by,A-Month,0,0.0,0.0,0.0
P4353,nominated by,A-Few-Months,0,0.0,0.0,0.0
P4353,nominated by,A-Year,0,0.0,0.0,0.0
P4353,nominated by,A-Few-Years,0,0.0,0.0,0.0
P4353,nominated by,Many-Years,1,100.0,0.0033992793527772114,5.15150588075328
P4565,electoral district number,A-Day,0,0.0,0.0,0.0
P4565,electoral district number,A-Few-Days,0,0.0,0.0,0.0
P4565,electoral district number,A-Week,0,0.0,0.0,0.0
P4565,electoral district number,A-Few-Weeks,0,0.0,0.0,0.0
P4565,electoral district number,A-Month,0,0.0,0.0,0.0
P4565,electoral district number,A-Few-Months,0,0.0,0.0,0.0
P4565,electoral district number,A-Year,0,0.0,0.0,0.0
P4565,electoral district number,A-Few-Years,1,100.0,0.001251705448673818,1.896922056301711
P4565,electoral district number,Many-Years,0,0.0,0.0,0.0
P4633,name of the character role,A-Day,0,0.0,0.0,0.0
P4633,name of the character role,A-Few-Days,0,0.0,0.0,0.0
P4633,name of the character role,A-Week,0,0.0,0.0,0.0
P4633,name of the character role,A-Few-Weeks,0,0.0,0.0,0.0
P4633,name of the character role,A-Month,0,0.0,0.0,0.0
P4633,name of the character role,A-Few-Months,0,0.0,0.0,0.0
P4633,name of the character role,A-Year,0,0.0,0.0,0.0
P4633,name of the character role,A-Few-Years,1,100.0,0.001251705448673818,1.896922056301711
P4633,name of the character role,Many-Years,0,0.0,0.0,0.0
P4884,court,A-Day,0,0.0,0.0,0.0
P4884,court,A-Few-Days,0,0.0,0.0,0.0
P4884,court,A-Week,0,0.0,0.0,0.0
P4884,court,A-Few-Weeks,0,0.0,0.0,0.0
P4884,court,A-Month,0,0.0,0.0,0.0
P4884,court,A-Few-Months,1,100.0,0.023185717597959656,35.137259448179925
P4884,court,A-Year,0,0.0,0.0,0.0
P4884,court,A-Few-Years,0,0.0,0.0,0.0
P4884,court,Many-Years,0,0.0,0.0,0.0
P5448,upper limit,A-Day,0,0.0,0.0,0.0
P5448,upper limit,A-Few-Days,0,0.0,0.0,0.0
P5448,upper limit,A-Week,0,0.0,0.0,0.0
P5448,upper limit,A-Few-Weeks,0,0.0,0.0,0.0
P5448,upper limit,A-Month,0,0.0,0.0,0.0
P5448,upper limit,A-Few-Months,0,0.0,0.0,0.0
P5448,upper limit,A-Year,0,0.0,0.0,0.0
P5448,upper limit,A-Few-Years,1,100.0,0.001251705448673818,1.896922056301711
P5448,upper limit,Many-Years,0,0.0,0.0,0.0
P5822,admission rate,A-Day,0,0.0,0.0,0.0
P5822,admission rate,A-Few-Days,0,0.0,0.0,0.0
P5822,admission rate,A-Week,0,0.0,0.0,0.0
P5822,admission rate,A-Few-Weeks,0,0.0,0.0,0.0
P5822,admission rate,A-Month,0,0.0,0.0,0.0
P5822,admission rate,A-Few-Months,1,100.0,0.023185717597959656,35.137259448179925
P5822,admission rate,A-Year,0,0.0,0.0,0.0
P5822,admission rate,A-Few-Years,0,0.0,0.0,0.0
P5822,admission rate,Many-Years,0,0.0,0.0,0.0
P5869,model item,A-Day,0,0.0,0.0,0.0
P5869,model item,A-Few-Days,0,0.0,0.0,0.0
P5869,model item,A-Week,0,0.0,0.0,0.0
P5869,model item,A-Few-Weeks,0,0.0,0.0,0.0
P5869,model item,A-Month,0,0.0,0.0,0.0
P5869,model item,A-Few-Months,0,0.0,0.0,0.0
P5869,model item,A-Year,0,0.0,0.0,0.0
P5869,model item,A-Few-Years,1,100.0,0.001251705448673818,1.896922056301711
P5869,model item,Many-Years,0,0.0,0.0,0.0
P6275,copyright representative,A-Day,0,0.0,0.0,0.0
P6275,copyright representative,A-Few-Days,0,0.0,0.0,0.0
P6275,copyright representative,A-Week,0,0.0,0.0,0.0
P6275,copyright representative,A-Few-Weeks,0,0.0,0.0,0.0
P6275,copyright representative,A-Month,0,0.0,0.0,0.0
P6275,copyright representative,A-Few-Months,0,0.0,0.0,0.0
P6275,copyright representative,A-Year,0,0.0,0.0,0.0
P6275,copyright representative,A-Few-Years,0,0.0,0.0,0.0
P6275,copyright representative,Many-Years,1,100.0,0.0033992793527772114,5.15150588075328
P6424,affiliation string,A-Day,0,0.0,0.0,0.0
P6424,affiliation string,A-Few-Days,0,0.0,0.0,0.0
P6424,affiliation string,A-Week,0,0.0,0.0,0.0
P6424,affiliation string,A-Few-Weeks,0,0.0,0.0,0.0
P6424,affiliation string,A-Month,0,0.0,0.0,0.0
P6424,affiliation string,A-Few-Months,0,0.0,0.0,0.0
P6424,affiliation string,A-Year,0,0.0,0.0,0.0
P6424,affiliation string,A-Few-Years,0,0.0,0.0,0.0
P6424,affiliation string,Many-Years,1,100.0,0.0033992793527772114,5.15150588075328
P6437,day of regular release,A-Day,0,0.0,0.0,0.0
P6437,day of regular release,A-Few-Days,0,0.0,0.0,0.0
P6437,day of regular release,A-Week,0,0.0,0.0,0.0
P6437,day of regular release,A-Few-Weeks,0,0.0,0.0,0.0
P6437,day of regular release,A-Month,0,0.0,0.0,0.0
P6437,day of regular release,A-Few-Months,0,0.0,0.0,0.0
P6437,day of regular release,A-Year,0,0.0,0.0,0.0
P6437,day of regular release,A-Few-Years,1,100.0,0.001251705448673818,1.896922056301711
P6437,day of regular release,Many-Years,0,0.0,0.0,0.0
P6801,number of hospital beds,A-Day,0,0.0,0.0,0.0
P6801,number of hospital beds,A-Few-Days,0,0.0,0.0,0.0
P6801,number of hospital beds,A-Week,0,0.0,0.0,0.0
P6801,number of hospital beds,A-Few-Weeks,0,0.0,0.0,0.0
P6801,number of hospital beds,A-Month,0,0.0,0.0,0.0
P6801,number of hospital beds,A-Few-Months,0,0.0,0.0,0.0
P6801,number of hospital beds,A-Year,0,0.0,0.0,0.0
P6801,number of hospital beds,A-Few-Years,1,100.0,0.001251705448673818,1.896922056301711
P6801,number of hospital beds,Many-Years,0,0.0,0.0,0.0
P6885,historical region,A-Day,0,0.0,0.0,0.0
P6885,historical region,A-Few-Days,0,0.0,0.0,0.0
P6885,historical region,A-Week,0,0.0,0.0,0.0
P6885,historical region,A-Few-Weeks,0,0.0,0.0,0.0
P6885,historical region,A-Month,0,0.0,0.0,0.0
P6885,historical region,A-Few-Months,0,0.0,0.0,0.0
P6885,historical region,A-Year,0,0.0,0.0,0.0
P6885,historical region,A-Few-Years,0,0.0,0.0,0.0
P6885,historical region,Many-Years,1,100.0,0.0033992793527772114,5.15150588075328
P7153,significant place,A-Day,0,0.0,0.0,0.0
P7153,significant place,A-Few-Days,0,0.0,0.0,0.0
P7153,significant place,A-Week,0,0.0,0.0,0.0
P7153,significant place,A-Few-Weeks,0,0.0,0.0,0.0
P7153,significant place,A-Month,0,0.0,0.0,0.0
P7153,significant place,A-Few-Months,0,0.0,0.0,0.0
P7153,significant place,A-Year,0,0.0,0.0,0.0
P7153,significant place,A-Few-Years,0,0.0,0.0,0.0
P7153,significant place,Many-Years,1,100.0,0.0033992793527772114,5.15150588075328
P7169,substitute director/manager,A-Day,0,0.0,0.0,0.0
P7169,substitute director/manager,A-Few-Days,0,0.0,0.0,0.0
P7169,substitute director/manager,A-Week,0,0.0,0.0,0.0
P7169,substitute director/manager,A-Few-Weeks,0,0.0,0.0,0.0
P7169,substitute director/manager,A-Month,0,0.0,0.0,0.0
P7169,substitute director/manager,A-Few-Months,0,0.0,0.0,0.0
P7169,substitute director/manager,A-Year,0,0.0,0.0,0.0
P7169,substitute director/manager,A-Few-Years,1,100.0,0.001251705448673818,1.896922056301711
P7169,substitute director/manager,Many-Years,0,0.0,0.0,0.0
P7374,educational stage,A-Day,0,0.0,0.0,0.0
P7374,educational stage,A-Few-Days,0,0.0,0.0,0.0
P7374,educational stage,A-Week,0,0.0,0.0,0.0
P7374,educational stage,A-Few-Weeks,0,0.0,0.0,0.0
P7374,educational stage,A-Month,0,0.0,0.0,0.0
P7374,educational stage,A-Few-Months,0,0.0,0.0,0.0
P7374,educational stage,A-Year,0,0.0,0.0,0.0
P7374,educational stage,A-Few-Years,1,100.0,0.001251705448673818,1.896922056301711
P7374,educational stage,Many-Years,0,0.0,0.0,0.0
P7419,gender educated,A-Day,0,0.0,0.0,0.0
P7419,gender educated,A-Few-Days,0,0.0,0.0,0.0
P7419,gender educated,A-Week,0,0.0,0.0,0.0
P7419,gender educated,A-Few-Weeks,0,0.0,0.0,0.0
P7419,gender educated,A-Month,0,0.0,0.0,0.0
P7419,gender educated,A-Few-Months,0,0.0,0.0,0.0
P7419,gender educated,A-Year,0,0.0,0.0,0.0
P7419,gender educated,A-Few-Years,0,0.0,0.0,0.0
P7419,gender educated,Many-Years,1,100.0,0.0033992793527772114,5.15150588075328
P7604,supervised by,A-Day,0,0.0,0.0,0.0
P7604,supervised by,A-Few-Days,0,0.0,0.0,0.0
P7604,supervised by,A-Week,0,0.0,0.0,0.0
P7604,supervised by,A-Few-Weeks,0,0.0,0.0,0.0
P7604,supervised by,A-Month,0,0.0,0.0,0.0
P7604,supervised by,A-Few-Months,0,0.0,0.0,0.0
P7604,supervised by,A-Year,0,0.0,0.0,0.0
P7604,supervised by,A-Few-Years,1,100.0,0.001251705448673818,1.896922056301711
P7604,supervised by,Many-Years,0,0.0,0.0,0.0
P7888,merged into,A-Day,0,0.0,0.0,0.0
P7888,merged into,A-Few-Days,0,0.0,0.0,0.0
P7888,merged into,A-Week,0,0.0,0.0,0.0
P7888,merged into,A-Few-Weeks,0,0.0,0.0,0.0
P7888,merged into,A-Month,0,0.0,0.0,0.0
P7888,merged into,A-Few-Months,0,0.0,0.0,0.0
P7888,merged into,A-Year,0,0.0,0.0,0.0
P7888,merged into,A-Few-Years,1,100.0,0.001251705448673818,1.896922056301711
P7888,merged into,Many-Years,0,0.0,0.0,0.0
P7959,historic county,A-Day,0,0.0,0.0,0.0
P7959,historic county,A-Few-Days,0,0.0,0.0,0.0
P7959,historic county,A-Week,0,0.0,0.0,0.0
P7959,historic county,A-Few-Weeks,0,0.0,0.0,0.0
P7959,historic county,A-Month,0,0.0,0.0,0.0
P7959,historic county,A-Few-Months,0,0.0,0.0,0.0
P7959,historic county,A-Year,0,0.0,0.0,0.0
P7959,historic county,A-Few-Years,1,100.0,0.001251705448673818,1.896922056301711
P7959,historic county,Many-Years,0,0.0,0.0,0.0
P8289,parish church(es),A-Day,0,0.0,0.0,0.0
P8289,parish church(es),A-Few-Days,0,0.0,0.0,0.0
P8289,parish church(es),A-Week,0,0.0,0.0,0.0
P8289,parish church(es),A-Few-Weeks,0,0.0,0.0,0.0
P8289,parish church(es),A-Month,0,0.0,0.0,0.0
P8289,parish church(es),A-Few-Months,0,0.0,0.0,0.0
P8289,parish church(es),A-Year,0,0.0,0.0,0.0
P8289,parish church(es),A-Few-Years,1,100.0,0.001251705448673818,1.896922056301711
P8289,parish church(es),Many-Years,0,0.0,0.0,0.0
P8550,law identifier,A-Day,0,0.0,0.0,0.0
P8550,law identifier,A-Few-Days,0,0.0,0.0,0.0
P8550,law identifier,A-Week,0,0.0,0.0,0.0
P8550,law identifier,A-Few-Weeks,0,0.0,0.0,0.0
P8550,law identifier,A-Month,0,0.0,0.0,0.0
P8550,law identifier,A-Few-Months,0,0.0,0.0,0.0
P8550,law identifier,A-Year,0,0.0,0.0,0.0
P8550,law identifier,A-Few-Years,0,0.0,0.0,0.0
P8550,law identifier,Many-Years,1,100.0,0.0033992793527772114,5.15150588075328
P8764,port calls,A-Day,0,0.0,0.0,0.0
P8764,port calls,A-Few-Days,0,0.0,0.0,0.0
P8764,port calls,A-Week,0,0.0,0.0,0.0
P8764,port calls,A-Few-Weeks,1,100.0,0.08650519031141869,131.09602076124568
P8764,port calls,A-Month,0,0.0,0.0,0.0
P8764,port calls,A-Few-Months,0,0.0,0.0,0.0
P8764,port calls,A-Year,0,0.0,0.0,0.0
P8764,port calls,A-Few-Years,0,0.0,0.0,0.0
P8764,port calls,Many-Years,0,0.0,0.0,0.0
P9597,type of lens,A-Day,0,0.0,0.0,0.0
P9597,type of lens,A-Few-Days,0,0.0,0.0,0.0
P9597,type of lens,A-Week,0,0.0,0.0,0.0
P9597,type of lens,A-Few-Weeks,0,0.0,0.0,0.0
P9597,type of lens,A-Month,0,0.0,0.0,0.0
P9597,type of lens,A-Few-Months,0,0.0,0.0,0.0
P9597,type of lens,A-Year,0,0.0,0.0,0.0
P9597,type of lens,A-Few-Years,0,0.0,0.0,0.0
P9597,type of lens,Many-Years,1,100.0,0.0033992793527772114,5.15150588075328
P10611,has certification,A-Day,0,0.0,0.0,0.0
P10611,has certification,A-Few-Days,0,0.0,0.0,0.0
P10611,has certification,A-Week,0,0.0,0.0,0.0
P10611,has certification,A-Few-Weeks,0,0.0,0.0,0.0
P10611,has certification,A-Month,0,0.0,0.0,0.0
P10611,has certification,A-Few-Months,0,0.0,0.0,0.0
P10611,has certification,A-Year,0,0.0,0.0,0.0
P10611,has certification,A-Few-Years,1,100.0,0.001251705448673818,1.896922056301711
P10611,has certification,Many-Years,0,0.0,0.0,0.0
P10661,exhibited creator,A-Day,0,0.0,0.0,0.0
P10661,exhibited creator,A-Few-Days,0,0.0,0.0,0.0
P10661,exhibited creator,A-Week,0,0.0,0.0,0.0
P10661,exhibited creator,A-Few-Weeks,0,0.0,0.0,0.0
P10661,exhibited creator,A-Month,0,0.0,0.0,0.0
P10661,exhibited creator,A-Few-Months,0,0.0,0.0,0.0
P10661,exhibited creator,A-Year,1,100.0,0.0029308323563892145,4.441588511137163
P10661,exhibited creator,A-Few-Years,0,0.0,0.0,0.0
P10661,exhibited creator,Many-Years,0,0.0,0.0,0.0
P10788,in operation on service,A-Day,0,0.0,0.0,0.0
P10788,in operation on service,A-Few-Days,0,0.0,0.0,0.0
P10788,in operation on service,A-Week,0,0.0,0.0,0.0
P10788,in operation on service,A-Few-Weeks,0,0.0,0.0,0.0
P10788,in operation on service,A-Month,0,0.0,0.0,0.0
P10788,in operation on service,A-Few-Months,0,0.0,0.0,0.0
P10788,in operation on service,A-Year,0,0.0,0.0,0.0
P10788,in operation on service,A-Few-Years,1,100.0,0.001251705448673818,1.896922056301711
P10788,in operation on service,Many-Years,0,0.0,0.0,0.0
P11814,funded by grant,A-Day,0,0.0,0.0,0.0
P11814,funded by grant,A-Few-Days,0,0.0,0.0,0.0
P11814,funded by grant,A-Week,0,0.0,0.0,0.0
P11814,funded by grant,A-Few-Weeks,0,0.0,0.0,0.0
P11814,funded by grant,A-Month,0,0.0,0.0,0.0
P11814,funded by grant,A-Few-Months,0,0.0,0.0,0.0
P11814,funded by grant,A-Year,1,100.0,0.0029308323563892145,4.441588511137163
P11814,funded by grant,A-Few-Years,0,0.0,0.0,0.0
P11814,funded by grant,Many-Years,0,0.0,0.0,0.0
P12168,Torino scale,A-Day,0,0.0,0.0,0.0
P12168,Torino scale,A-Few-Days,0,0.0,0.0,0.0
P12168,Torino scale,A-Week,0,0.0,0.0,0.0
P12168,Torino scale,A-Few-Weeks,1,100.0,0.08650519031141869,131.09602076124568
P12168,Torino scale,A-Month,0,0.0,0.0,0.0
P12168,Torino scale,A-Few-Months,0,0.0,0.0,0.0
P12168,Torino scale,A-Year,0,0.0,0.0,0.0
P12168,Torino scale,A-Few-Years,0,0.0,0.0,0.0
P12168,Torino scale,Many-Years,0,0.0,0.0,0.0
P12439,civil rank,A-Day,0,0.0,0.0,0.0
P12439,civil rank,A-Few-Days,0,0.0,0.0,0.0
P12439,civil rank,A-Week,0,0.0,0.0,0.0
P12439,civil rank,A-Few-Weeks,0,0.0,0.0,0.0
P12439,civil rank,A-Month,0,0.0,0.0,0.0
P12439,civil rank,A-Few-Months,0,0.0,0.0,0.0
P12439,civil rank,A-Year,0,0.0,0.0,0.0
P12439,civil rank,A-Few-Years,1,100.0,0.001251705448673818,1.896922056301711
P12439,civil rank,Many-Years,0,0.0,0.0,0.0
P12484,competition judge,A-Day,0,0.0,0.0,0.0
P12484,competition judge,A-Few-Days,0,0.0,0.0,0.0
P12484,competition judge,A-Week,0,0.0,0.0,0.0
P12484,competition judge,A-Few-Weeks,0,0.0,0.0,0.0
P12484,competition judge,A-Month,0,0.0,0.0,0.0
P12484,competition judge,A-Few-Months,0,0.0,0.0,0.0
P12484,competition judge,A-Year,0,0.0,0.0,0.0
P12484,competition judge,A-Few-Years,0,0.0,0.0,0.0
P12484,competition judge,Many-Years,1,100.0,0.0033992793527772114,5.15150588075328
P12617,creative director,A-Day,0,0.0,0.0,0.0
P12617,creative director,A-Few-Days,0,0.0,0.0,0.0
P12617,creative director,A-Week,0,0.0,0.0,0.0
P12617,creative director,A-Few-Weeks,0,0.0,0.0,0.0
P12617,creative director,A-Month,0,0.0,0.0,0.0
P12617,creative director,A-Few-Months,0,0.0,0.0,0.0
P12617,creative director,A-Year,0,0.0,0.0,0.0
P12617,creative director,A-Few-Years,1,100.0,0.001251705448673818,1.896922056301711
P12617,creative director,Many-Years,0,0.0,0.0,0.0
