day_start_inclusive,day_end_exclusive,unique_entities,entity_property_timelines
1,2,20,20
2,3,42,42
3,4,160,160
4,5,57,57
5,6,172,172
6,7,67,67
7,8,84,84
8,9,71,71
9,10,81,81
10,11,80,80
11,12,87,87
12,13,71,71
13,14,94,94
14,15,92,92
15,16,127,127
16,17,62,62
17,18,85,85
18,19,105,105
19,20,69,69
20,21,63,63
21,22,77,77
22,23,63,63
23,24,78,78
24,25,59,59
25,26,51,51
26,27,40,40
27,28,61,61
28,29,55,55
29,30,69,69
30,31,59,59
31,32,238,238
32,33,60,60
33,34,59,59
34,35,66,66
35,36,47,47
36,37,60,60
37,38,46,46
38,39,40,40
39,40,45,45
40,41,40,40
41,42,67,67
42,43,38,38
43,44,47,47
44,45,39,39
45,46,51,51
46,47,37,37
47,48,42,42
48,49,35,35
49,50,45,45
50,51,41,41
51,52,40,40
52,53,44,44
53,54,50,50
54,55,35,35
55,56,31,31
56,57,30,30
57,58,41,41
58,59,49,49
59,60,41,41
60,61,32,32
61,62,35,35
62,63,23,23
63,64,35,35
64,65,19,19
65,66,30,30
66,67,19,19
67,68,27,27
68,69,23,23
69,70,42,42
70,71,26,26
71,72,31,31
72,73,35,35
73,74,25,25
74,75,18,18
75,76,26,26
76,77,22,22
77,78,25,25
78,79,20,20
79,80,23,23
80,81,38,38
81,82,18,18
82,83,25,26
83,84,13,13
84,85,32,32
85,86,33,33
86,87,26,26
87,88,11,11
88,89,20,20
89,90,19,19
90,91,23,23
91,92,24,24
92,93,29,29
93,94,32,32
94,95,33,33
95,96,10,10
96,97,16,16
97,98,16,16
98,99,19,19
99,100,22,22
100,101,8,8
101,102,29,29
102,103,15,15
103,104,16,16
104,105,11,11
105,106,21,21
106,107,14,14
107,108,18,18
108,109,17,17
109,110,15,16
110,111,8,8
111,112,17,17
112,113,21,21
113,114,8,8
114,115,13,13
115,116,12,12
116,117,17,17
117,118,10,10
118,119,26,26
119,120,16,16
120,121,17,17
121,122,9,9
122,123,19,19
123,124,16,16
124,125,13,13
125,126,11,11
126,127,13,13
127,128,17,17
128,129,18,18
129,130,18,18
130,131,6,6
131,132,9,9
132,133,9,9
133,134,15,15
134,135,11,11
135,136,13,13
136,137,23,23
137,138,10,10
138,139,33,33
139,140,18,18
140,141,12,12
141,142,15,15
142,143,11,11
143,144,20,20
144,145,8,8
145,146,22,23
146,147,10,10
147,148,9,9
148,149,8,8
149,150,17,17
150,151,14,14
151,152,15,15
152,153,12,12
153,154,30,30
154,155,6,6
155,156,8,8
156,157,7,7
157,158,13,13
158,159,12,12
159,160,12,12
160,161,16,16
161,162,13,13
162,163,12,12
163,164,7,7
164,165,14,14
165,166,13,13
166,167,6,6
167,168,4,4
168,169,18,18
169,170,9,9
170,171,11,11
171,172,9,9
172,173,15,15
173,174,10,10
174,175,10,10
175,176,20,20
176,177,3,3
177,178,6,6
178,179,12,12
179,180,9,9
180,181,10,10
181,182,16,16
182,183,34,35
183,184,26,26
184,185,17,17
185,186,8,8
186,187,15,15
187,188,8,8
188,189,5,5
189,190,14,14
190,191,13,13
191,192,7,7
192,193,13,13
193,194,11,11
194,195,7,7
195,196,13,13
196,197,11,11
197,198,9,9
198,199,16,16
199,200,15,15
200,201,13,13
201,202,7,7
202,203,8,8
203,204,13,13
204,205,9,9
205,206,10,10
206,207,11,11
207,208,10,10
208,209,17,17
209,210,5,5
210,211,12,12
211,212,14,14
212,213,37,37
213,214,19,19
214,215,22,22
215,216,16,16
216,217,15,15
217,218,10,10
218,219,6,6
219,220,13,13
220,221,7,7
221,222,6,6
222,223,10,10
223,224,10,10
224,225,20,20
225,226,8,8
226,227,10,10
227,228,4,4
228,229,21,21
229,230,6,6
230,231,10,10
231,232,13,13
232,233,6,6
233,234,7,7
234,235,12,12
235,236,10,10
236,237,18,18
237,238,11,11
238,239,10,10
239,240,13,13
240,241,10,10
241,242,9,9
242,243,10,10
243,244,23,23
244,245,21,21
245,246,13,13
246,247,12,12
247,248,13,13
248,249,6,6
249,250,10,10
250,251,9,9
251,252,12,12
252,253,21,21
253,254,9,9
254,255,8,8
255,256,4,4
256,257,6,6
257,258,8,8
258,259,10,10
259,260,10,10
260,261,11,11
261,262,10,10
262,263,5,5
263,264,7,7
264,265,6,6
265,266,10,10
266,267,12,12
267,268,8,8
268,269,12,12
269,270,8,8
270,271,12,12
271,272,4,4
272,273,2,2
273,274,25,25
274,275,28,28
275,276,27,27
276,277,5,5
277,278,6,6
278,279,7,7
279,280,7,7
280,281,10,10
281,282,11,11
282,283,6,6
283,284,5,5
284,285,7,7
285,286,3,3
286,287,7,7
287,288,8,8
288,289,5,5
289,290,11,11
290,291,11,11
291,292,4,4
292,293,10,10
293,294,8,8
294,295,8,8
295,296,15,15
296,297,8,9
297,298,9,9
298,299,10,10
299,300,8,8
300,301,12,13
301,302,9,9
302,303,6,6
303,304,16,16
304,305,31,31
305,306,25,25
306,307,14,14
307,308,4,4
308,309,9,9
309,310,5,5
310,311,4,4
311,312,11,11
312,313,5,5
313,314,5,5
314,315,13,13
315,316,8,8
316,317,4,4
317,318,11,11
318,319,13,13
319,320,23,23
320,321,21,21
321,322,6,6
322,323,25,25
323,324,5,5
324,325,6,6
325,326,8,8
326,327,3,3
327,328,13,13
328,329,13,13
329,330,6,6
330,331,12,12
331,332,11,11
332,333,12,12
333,334,7,7
334,335,19,19
335,336,23,23
336,337,19,19
337,338,16,16
338,339,12,12
339,340,13,13
340,341,7,7
341,342,7,7
342,343,8,8
343,344,7,7
344,345,11,11
345,346,9,9
346,347,12,12
347,348,10,10
348,349,9,9
349,350,13,13
350,351,26,26
351,352,11,11
352,353,11,11
353,354,11,11
354,355,13,13
355,356,9,9
356,357,8,8
357,358,33,33
358,359,6,6
359,360,4,4
360,361,12,12
361,362,9,9
362,363,11,11
363,364,17,17
364,365,62,125
365,366,16129,16232
366,367,5845,5848
367,368,12,12
368,369,12,12
369,370,9,9
370,371,7,7
371,372,10,10
372,373,8,8
373,374,13,13
374,375,10,10
375,376,9,9
376,377,7,7
377,378,8,8
378,379,14,14
379,380,14,14
380,381,37,38
381,382,24,24
382,383,15,15
383,384,5,5
384,385,8,8
385,386,10,10
386,387,64,64
387,388,11,11
388,389,9,10
389,390,17,17
390,391,7,7
391,392,11,11
392,393,15,15
393,394,14,14
394,395,21,21
395,396,24,24
396,397,59,59
397,398,22,22
398,399,15,15
399,400,14,14
400,401,7,7
401,402,9,9
402,403,6,6
403,404,13,13
404,405,10,10
405,406,11,11
406,407,10,10
407,408,5,5
408,409,12,12
409,410,10,10
410,411,27,27
411,412,19,19
412,413,8,8
413,414,9,9
414,415,15,15
415,416,11,11
416,417,11,11
417,418,7,7
418,419,5,5
419,420,22,22
420,421,12,12
421,422,6,6
422,423,9,9
423,424,6,6
424,425,26,26
425,426,29,29
426,427,29,30
427,428,20,20
428,429,9,9
429,430,12,12
430,431,9,9
431,432,11,11
432,433,13,13
433,434,11,11
434,435,18,19
435,436,6,6
436,437,10,10
437,438,4,4
438,439,8,8
439,440,6,6
440,441,19,19
441,442,32,32
442,443,25,25
443,444,13,13
444,445,15,15
445,446,14,14
446,447,8,8
447,448,15,15
448,449,13,14
449,450,8,8
450,451,12,12
451,452,20,20
452,453,10,10
453,454,6,6
454,455,12,12
455,456,21,21
456,457,41,41
457,458,26,26
458,459,19,19
459,460,16,16
460,461,9,9
461,462,9,9
462,463,8,8
463,464,7,7
464,465,6,6
465,466,12,12
466,467,10,10
467,468,11,11
468,469,9,9
469,470,9,9
470,471,8,8
471,472,94,94
472,473,21,22
473,474,12,12
474,475,9,9
475,476,9,9
476,477,13,13
477,478,4,4
478,479,13,13
479,480,10,10
480,481,8,8
481,482,6,6
482,483,7,7
483,484,9,9
484,485,9,9
485,486,14,14
486,487,21,21
487,488,23,23
488,489,25,25
489,490,20,20
490,491,12,12
491,492,5,5
492,493,6,6
493,494,8,8
494,495,13,13
495,496,8,8
496,497,6,6
497,498,10,10
498,499,7,7
499,500,7,7
500,501,15,15
501,502,13,13
502,503,15,15
503,504,17,17
504,505,14,14
505,506,7,7
506,507,5,5
507,508,4,4
508,509,8,8
509,510,9,9
510,511,5,5
511,512,2,2
512,513,9,10
513,514,11,11
514,515,6,6
515,516,14,14
516,517,24,24
517,518,20,20
518,519,27,27
519,520,17,17
520,521,5,5
521,522,7,7
522,523,4,4
523,524,8,9
524,525,4,4
525,526,5,5
526,527,7,7
527,528,11,11
528,529,5,5
529,530,5,5
530,531,11,11
531,532,9,9
532,533,34,34
533,534,11,11
534,535,9,9
535,536,8,8
536,537,11,11
537,538,4,4
538,539,8,8
539,540,13,13
540,541,9,9
541,542,5,5
542,543,10,10
543,544,9,9
544,545,9,9
545,546,6,6
546,547,43,43
547,548,1396,1397
548,549,5994,6004
549,550,37,37
550,551,20,20
551,552,8,8
552,553,11,11
553,554,9,9
554,555,3,3
555,556,5,5
556,557,12,13
557,558,5,5
558,559,9,9
559,560,10,10
560,561,9,9
561,562,10,10
562,563,10,10
563,564,33,33
564,565,6,6
565,566,9,9
566,567,7,7
567,568,14,14
568,569,10,10
569,570,5,5
570,571,7,7
571,572,6,6
572,573,9,9
573,574,9,9
574,575,8,8
575,576,8,8
576,577,8,8
577,578,55,55
578,579,47,47
579,580,14,14
580,581,12,12
581,582,17,17
582,583,9,9
583,584,13,13
584,585,9,9
585,586,7,7
586,587,6,6
587,588,7,7
588,589,11,11
589,590,14,14
590,591,2,2
591,592,9,9
592,593,21,21
593,594,16,16
594,595,12,12
595,596,13,13
596,597,16,16
597,598,9,9
598,599,9,9
599,600,12,12
600,601,6,6
601,602,8,8
602,603,4,4
603,604,10,10
604,605,5,5
605,606,2,2
606,607,3,3
607,608,6,6
608,609,34,34
609,610,37,37
610,611,11,11
611,612,8,8
612,613,2,2
613,614,8,8
614,615,4,4
615,616,4,4
616,617,9,9
617,618,2,2
618,619,9,10
619,620,11,11
620,621,7,7
621,622,11,11
622,623,14,14
623,624,24,24
624,625,21,21
625,626,13,13
626,627,11,11
627,628,6,6
628,629,24,24
629,630,10,10
630,631,11,11
631,632,6,6
632,633,8,8
633,634,18,18
634,635,9,9
635,636,10,10
636,637,6,6
637,638,11,11
638,639,42,42
639,640,25,25
640,641,36,36
641,642,13,13
642,643,11,12
643,644,5,5
644,645,11,11
645,646,7,7
646,647,10,10
647,648,9,9
648,649,5,5
649,650,10,10
650,651,7,7
651,652,10,10
652,653,74,74
653,654,11,11
654,655,52,52
655,656,19,19
656,657,14,15
657,658,10,10
658,659,8,8
659,660,5,5
660,661,9,9
661,662,10,10
662,663,9,9
663,664,16,16
664,665,13,13
665,666,14,14
666,667,3,3
667,668,4,4
668,669,8,8
669,670,16,16
670,671,16,16
671,672,14,14
672,673,7,7
673,674,8,8
674,675,21,21
675,676,5,5
676,677,10,10
677,678,9,9
678,679,13,13
679,680,9,9
680,681,8,8
681,682,8,8
682,683,11,11
683,684,9,9
684,685,23,23
685,686,15,15
686,687,17,17
687,688,8,8
688,689,6,6
689,690,16,16
690,691,6,6
691,692,4,4
692,693,16,17
693,694,10,10
694,695,7,7
695,696,5,5
696,697,10,10
697,698,7,7
698,699,7,7
699,700,18,18
700,701,41,41
701,702,14,14
702,703,7,7
703,704,8,8
704,705,13,13
705,706,2,2
706,707,9,9
707,708,7,7
708,709,7,7
709,710,8,8
710,711,11,11
711,712,7,7
712,713,5,5
713,714,8,8
714,715,11,11
715,716,53,53
716,717,9,9
717,718,10,10
718,719,6,6
719,720,6,6
720,721,9,9
721,722,8,8
722,723,7,7
723,724,16,16
724,725,8,8
725,726,5,5
726,727,8,8
727,728,4,4
728,729,45,45
729,730,35,35
730,731,12423,12437
731,732,6224,6232
732,733,34,34
733,734,38,38
734,735,19,19
735,736,30,30
736,737,6,6
737,738,12,12
738,739,13,13
739,740,15,15
740,741,12,12
741,742,10,10
742,743,7,7
743,744,18,18
744,745,6,6
745,746,21,21
746,747,32,32
747,748,10,10
748,749,9,9
749,750,10,10
750,751,6,6
751,752,7,7
752,753,11,11
753,754,11,11
754,755,7,8
755,756,15,15
756,757,11,11
757,758,50,50
758,759,10,10
759,760,10,10
760,761,28,28
761,762,33,33
762,763,44,44
763,764,7,7
764,765,7,7
765,766,8,8
766,767,7,7
767,768,4,4
768,769,11,11
769,770,16,16
770,771,7,7
771,772,3,3
772,773,7,7
773,774,6,6
774,775,5,5
775,776,13,13
776,777,13,13
777,778,19,19
778,779,13,13
779,780,13,13
780,781,12,12
781,782,9,9
782,783,10,10
783,784,7,7
784,785,15,15
785,786,9,9
786,787,6,6
787,788,10,10
788,789,6,6
789,790,13,13
790,791,51,51
791,792,30,30
792,793,18,18
793,794,11,11
794,795,8,8
795,796,7,7
796,797,8,8
797,798,13,13
798,799,8,8
799,800,11,11
800,801,6,6
801,802,7,7
802,803,11,11
803,804,9,9
804,805,7,7
805,806,10,10
806,807,18,18
807,808,21,21
808,809,10,10
809,810,10,10
810,811,16,16
811,812,7,7
812,813,12,12
813,814,16,16
814,815,6,6
815,816,8,8
816,817,14,14
817,818,7,7
818,819,6,6
819,820,15,15
820,821,10,10
821,822,36,36
822,823,14,15
823,824,11,11
824,825,7,7
825,826,13,13
826,827,11,11
827,828,3,3
828,829,10,10
829,830,12,12
830,831,6,6
831,832,10,10
832,833,13,13
833,834,15,15
834,835,6,6
835,836,2,2
836,837,29,29
837,838,20,20
838,839,6,6
839,840,6,6
840,841,44,44
841,842,5,5
842,843,9,9
843,844,72,72
844,845,4,4
845,846,8,8
846,847,11,11
847,848,11,11
848,849,10,10
849,850,11,11
850,851,7,7
851,852,18,18
852,853,29,29
853,854,10,10
854,855,6,6
855,856,6,8
856,857,2,2
857,858,8,8
858,859,4,4
859,860,6,6
860,861,8,8
861,862,10,10
862,863,14,14
863,864,7,7
864,865,8,8
865,866,5,5
866,867,6,6
867,868,24,24
868,869,16,16
869,870,9,9
870,871,12,12
871,872,6,6
872,873,5,5
873,874,4,4
874,875,7,7
875,876,10,10
876,877,6,6
877,878,13,13
878,879,7,7
879,880,11,11
880,881,68,68
881,882,6,6
882,883,21,21
883,884,15,15
884,885,11,11
885,886,8,8
886,887,7,7
887,888,2,2
888,889,11,11
889,890,6,6
890,891,3,3
891,892,10,10
892,893,9,9
893,894,71,71
894,895,5,5
895,896,6,6
896,897,11,11
897,898,31,31
898,899,16,16
899,900,9,9
900,901,6,6
901,902,7,7
902,903,9,9
903,904,9,9
904,905,7,7
905,906,7,7
906,907,11,11
907,908,10,10
908,909,8,8
909,910,48,48
910,911,10,10
911,912,17,17
912,913,203,203
913,914,4616,4623
914,915,14,14
915,916,16,16
916,917,12,12
917,918,58,58
918,919,9,9
919,920,13,13
920,921,11,11
921,922,12,12
922,923,5,5
923,924,8,8
924,925,12,12
925,926,4,4
926,927,3,3
927,928,10,10
928,929,32,32
929,930,9,9
930,931,63,63
931,932,17,17
932,933,12,12
933,934,74,74
934,935,4,4
935,936,7,7
936,937,4,4
937,938,14,14
938,939,5,5
939,940,194,194
940,941,7,7
941,942,13,13
942,943,12,12
943,944,35,35
944,945,14,14
945,946,12,12
946,947,8,8
947,948,8,8
948,949,9,9
949,950,8,8
950,951,10,10
951,952,7,7
952,953,15,17
953,954,6,6
954,955,6,6
955,956,12,12
956,957,11,11
957,958,9,9
958,959,22,22
959,960,38,38
960,961,14,14
961,962,10,10
962,963,10,10
963,964,9,9
964,965,11,11
965,966,6,6
966,967,31,31
967,968,89,89
968,969,1,1
969,970,9,9
970,971,3,3
971,972,4,4
972,973,12,12
973,974,16,16
974,975,18,18
975,976,16,16
976,977,6,6
977,978,2,2
978,979,11,11
979,980,3,3
980,981,13,13
981,982,8,8
982,983,4,4
983,984,7,7
984,985,6,6
985,986,11,11
986,987,3,3
987,988,7,7
988,989,11,11
989,990,21,21
990,991,8,8
991,992,9,9
992,993,9,9
993,994,17,17
994,995,5,5
995,996,20,20
996,997,5,5
997,998,9,9
998,999,18,18
999,1000,5,5
1000,1001,4,4
1001,1002,19,19
1002,1003,8,8
1003,1004,19,19
1004,1005,26,26
1005,1006,16,16
1006,1007,10,12
1007,1008,10,10
1008,1009,11,11
1009,1010,11,11
1010,1011,5,5
1011,1012,8,8
1012,1013,7,7
1013,1014,7,7
1014,1015,10,10
1015,1016,5,5
1016,1017,2,2
1017,1018,13,13
1018,1019,8,8
1019,1020,30,30
1020,1021,15,15
1021,1022,9,9
1022,1023,9,9
1023,1024,7,7
1024,1025,7,7
1025,1026,9,9
1026,1027,10,10
1027,1028,21,21
1028,1029,20,20
1029,1030,6,6
1030,1031,24,24
1031,1032,4,4
1032,1033,9,9
1033,1034,9,9
1034,1035,12,12
1035,1036,21,21
1036,1037,16,16
1037,1038,9,9
1038,1039,4,4
1039,1040,10,10
1040,1041,3,3
1041,1042,13,13
1042,1043,6,6
1043,1044,14,14
1044,1045,3,3
1045,1046,15,15
1046,1047,10,10
1047,1048,5,5
1048,1049,8,8
1049,1050,11,11
1050,1051,20,20
1051,1052,10,10
1052,1053,9,9
1053,1054,4,4
1054,1055,10,10
1055,1056,13,13
1056,1057,9,9
1057,1058,9,9
1058,1059,9,9
1059,1060,5,5
1060,1061,14,14
1061,1062,6,6
1062,1063,12,12
1063,1064,10,10
1064,1065,18,18
1065,1066,28,28
1066,1067,18,18
1067,1068,9,9
1068,1069,7,7
1069,1070,9,9
1070,1071,19,19
1071,1072,11,11
1072,1073,12,12
1073,1074,15,15
1074,1075,8,8
1075,1076,9,9
1076,1077,7,7
1077,1078,13,13
1078,1079,22,22
1079,1080,11,11
1080,1081,25,25
1081,1082,6,6
1082,1083,11,11
1083,1084,10,10
1084,1085,6,6
1085,1086,11,11
1086,1087,11,12
1087,1088,9,9
1088,1089,19,19
1089,1090,5,5
1090,1091,8,8
1091,1092,6,6
1092,1093,42,42
1093,1094,29,29
1094,1095,18,18
1095,1096,3276,3280
1096,1097,5932,5939
1097,1098,38,38
1098,1099,13,13
1099,1100,25,25
1100,1101,10,10
1101,1102,10,10
1102,1103,18,18
1103,1104,9,9
1104,1105,67,67
1105,1106,11,11
1106,1107,10,10
1107,1108,8,8
1108,1109,7,7
1109,1110,11,11
1110,1111,18,18
1111,1112,28,28
1112,1113,7,7
1113,1114,9,9
1114,1115,10,10
1115,1116,8,8
1116,1117,14,14
1117,1118,9,9
1118,1119,6,6
1119,1120,6,6
1120,1121,12,12
1121,1122,13,13
1122,1123,15,15
1123,1124,8,8
1124,1125,6,6
1125,1126,18,18
1126,1127,16,16
1127,1128,23,23
1128,1129,5,5
1129,1130,8,8
1130,1131,6,6
1131,1132,10,10
1132,1133,10,10
1133,1134,7,7
1134,1135,12,12
1135,1136,10,10
1136,1137,5,5
1137,1138,13,13
1138,1139,7,7
1139,1140,16,16
1140,1141,13,13
1141,1142,40,40
1142,1143,6,6
1143,1144,11,11
1144,1145,11,11
1145,1146,8,8
1146,1147,11,11
1147,1148,4,4
1148,1149,19,19
1149,1150,7,7
1150,1151,9,9
1151,1152,29,29
1152,1153,9,9
1153,1154,16,16
1154,1155,6,6
1155,1156,19,19
1156,1157,34,34
1157,1158,18,18
1158,1159,6,6
1159,1160,10,10
1160,1161,5,5
1161,1162,11,11
1162,1163,11,11
1163,1164,9,9
1164,1165,5,5
1165,1166,4,4
1166,1167,6,6
1167,1168,15,15
1168,1169,33,33
1169,1170,11,11
1170,1171,7,7
1171,1172,14,14
1172,1173,20,20
1173,1174,6,6
1174,1175,5,5
1175,1176,11,11
1176,1177,61,65
1177,1178,6,6
1178,1179,3,3
1179,1180,48,48
1180,1181,6,6
1181,1182,4,4
1182,1183,13,13
1183,1184,65,65
1184,1185,11,11
1185,1186,5,5
1186,1187,36,36
1187,1188,25,25
1188,1189,16,16
1189,1190,10,10
1190,1191,11,11
1191,1192,10,10
1192,1193,8,8
1193,1194,10,10
1194,1195,19,19
1195,1196,11,11
1196,1197,8,8
1197,1198,8,8
1198,1199,12,12
1199,1200,7,7
1200,1201,19,20
1201,1202,10,10
1202,1203,19,19
1203,1204,7,7
1204,1205,9,9
1205,1206,7,7
1206,1207,9,9
1207,1208,25,25
1208,1209,12,12
1209,1210,12,12
1210,1211,9,9
1211,1212,10,10
1212,1213,6,6
1213,1214,11,11
1214,1215,46,46
1215,1216,7,7
1216,1217,10,10
1217,1218,26,26
1218,1219,14,14
1219,1220,10,10
1220,1221,9,9
1221,1222,12,12
1222,1223,8,8
1223,1224,6,6
1224,1225,5,5
1225,1226,211,211
1226,1227,157,157
1227,1228,8,8
1228,1229,9,9
1229,1230,11,11
1230,1231,9,9
1231,1232,9,9
1232,1233,16,16
1233,1234,8,8
1234,1235,5,5
1235,1236,6,6
1236,1237,7,7
1237,1238,12,12
1238,1239,7,7
1239,1240,8,8
1240,1241,4,4
1241,1242,5,5
1242,1243,18,18
1243,1244,35,35
1244,1245,2,2
1245,1246,7,7
1246,1247,8,8
1247,1248,11,11
1248,1249,16,16
1249,1250,11,11
1250,1251,6,6
1251,1252,8,8
1252,1253,7,7
1253,1254,11,11
1254,1255,3,3
1255,1256,4,4
1256,1257,10,10
1257,1258,5,5
1258,1259,5,5
1259,1260,12,13
1260,1261,16,16
1261,1262,11,11
1262,1263,7,7
1263,1264,17,17
1264,1265,9,9
1265,1266,4,4
1266,1267,7,7
1267,1268,10,10
1268,1269,8,8
1269,1270,8,8
1270,1271,10,10
1271,1272,8,8
1272,1273,12,12
1273,1274,11,11
1274,1275,11,11
1275,1276,6,6
1276,1277,11,11
1277,1278,29,29
1278,1279,2914,2920
1279,1280,29,29
1280,1281,5,5
1281,1282,6,6
1282,1283,7,7
1283,1284,14,14
1284,1285,22,22
1285,1286,8,8
1286,1287,5,5
1287,1288,12,12
1288,1289,7,7
1289,1290,14,14
1290,1291,7,7
1291,1292,28,28
1292,1293,10,10
1293,1294,16,16
1294,1295,18,19
1295,1296,20,20
1296,1297,13,13
1297,1298,9,9
1298,1299,10,10
1299,1300,6,6
1300,1301,5,5
1301,1302,8,8
1302,1303,13,13
1303,1304,6,6
1304,1305,13,13
1305,1306,7,7
1306,1307,6,6
1307,1308,13,13
1308,1309,20,20
1309,1310,84,84
1310,1311,16,16
1311,1312,6,6
1312,1313,11,11
1313,1314,7,7
1314,1315,9,9
1315,1316,4,4
1316,1317,19,19
1317,1318,8,8
1318,1319,11,11
1319,1320,5,5
1320,1321,5,5
1321,1322,4,4
1322,1323,3,3
1323,1324,13,13
1324,1325,12,12
1325,1326,3,3
1326,1327,4,4
1327,1328,7,7
1328,1329,9,9
1329,1330,13,13
1330,1331,13,13
1331,1332,11,11
1332,1333,5,5
1333,1334,3,3
1334,1335,10,10
1335,1336,9,9
1336,1337,9,9
1337,1338,10,10
1338,1339,12,12
1339,1340,23,24
1340,1341,10,10
1341,1342,7,7
1342,1343,7,7
1343,1344,3,3
1344,1345,15,15
1345,1346,5,5
1346,1347,1,1
1347,1348,15,15
1348,1349,11,11
1349,1350,16,16
1350,1351,11,11
1351,1352,45,45
1352,1353,6,6
1353,1354,4,4
1354,1355,46,46
1355,1356,6,6
1356,1357,7,7
1357,1358,11,11
1358,1359,14,14
1359,1360,13,13
1360,1361,10,10
1361,1362,14,14
1362,1363,8,8
1363,1364,7,7
1364,1365,11,11
1365,1366,1,1
1366,1367,12,12
1367,1368,8,8
1368,1369,13,13
1369,1370,27,27
1370,1371,17,17
1371,1372,19,19
1372,1373,21,21
1373,1374,13,13
1374,1375,7,7
1375,1376,10,10
1376,1377,16,16
1377,1378,4,4
1378,1379,8,8
1379,1380,9,9
1380,1381,9,9
1381,1382,5,5
1382,1383,13,13
1383,1384,14,14
1384,1385,20,20
1385,1386,7,7
1386,1387,17,17
1387,1388,5,5
1388,1389,4,4
1389,1390,11,11
1390,1391,16,16
1391,1392,6,6
1392,1393,10,10
1393,1394,13,13
1394,1395,12,12
1395,1396,6,6
1396,1397,6,7
1397,1398,9,9
1398,1399,6,6
1399,1400,9,9
1400,1401,32,33
1401,1402,13,13
1402,1403,9,9
1403,1404,8,8
1404,1405,6,6
1405,1406,7,7
1406,1407,7,7
1407,1408,18,18
1408,1409,6,6
1409,1410,4,4
1410,1411,7,7
1411,1412,9,9
1412,1413,10,10
1413,1414,18,18
1414,1415,6,6
1415,1416,24,24
1416,1417,6,6
1417,1418,5,5
1418,1419,19,19
1419,1420,5,5
1420,1421,9,9
1421,1422,17,17
1422,1423,7,7
1423,1424,16,16
1424,1425,32,32
1425,1426,2,2
1426,1427,10,10
1427,1428,9,9
1428,1429,28,28
1429,1430,9,9
1430,1431,30,30
1431,1432,12,12
1432,1433,57,57
1433,1434,19,19
1434,1435,6,6
1435,1436,9,9
1436,1437,73,73
1437,1438,5,5
1438,1439,12,12
1439,1440,11,11
1440,1441,11,11
1441,1442,13,13
1442,1443,13,13
1443,1444,4,4
1444,1445,3,3
1445,1446,63,63
1446,1447,24,24
1447,1448,9,9
1448,1449,18,18
1449,1450,28,28
1450,1451,10,10
1451,1452,14,14
1452,1453,76,76
1453,1454,18,18
1454,1455,11,11
1455,1456,20,20
1456,1457,52,52
1457,1458,23,23
1458,1459,17,17
1459,1460,50,50
1460,1461,101,101
1461,1462,5644,5657
1462,1463,44,44
1463,1464,180,180
1464,1465,118,118
1465,1466,13,13
1466,1467,15,15
1467,1468,16,16
1468,1469,12,12
1469,1470,6,6
1470,1471,27,27
1471,1472,13,13
1472,1473,13,13
1473,1474,15,15
1474,1475,28,28
1475,1476,11,11
1476,1477,31,31
1477,1478,29,29
1478,1479,14,14
1479,1480,55,55
1480,1481,51,51
1481,1482,3,4
1482,1483,6,6
1483,1484,10,10
1484,1485,14,14
1485,1486,11,11
1486,1487,8,8
1487,1488,15,15
1488,1489,11,11
1489,1490,3,3
1490,1491,22,22
1491,1492,28,28
1492,1493,41,41
1493,1494,7,7
1494,1495,6,6
1495,1496,14,14
1496,1497,3,3
1497,1498,8,8
1498,1499,113,113
1499,1500,12,12
1500,1501,3,3
1501,1502,25,25
1502,1503,5,5
1503,1504,3,3
1504,1505,7,7
1505,1506,64,64
1506,1507,9,9
1507,1508,14,14
1508,1509,9,9
1509,1510,5,5
1510,1511,6,7
1511,1512,8,8
1512,1513,6,6
1513,1514,52,52
1514,1515,23,23
1515,1516,8,8
1516,1517,8,8
1517,1518,6,6
1518,1519,5,5
1519,1520,22,22
1520,1521,8,8
1521,1522,10,10
1522,1523,19,19
1523,1524,10,10
1524,1525,10,10
1525,1526,9,9
1526,1527,3,3
1527,1528,9,9
1528,1529,6,6
1529,1530,7,7
1530,1531,3,3
1531,1532,9,9
1532,1533,4,4
1533,1534,5,5
1534,1535,7,7
1535,1536,6,6
1536,1537,9,9
1537,1538,17,17
1538,1539,11,11
1539,1540,11,11
1540,1541,37,37
1541,1542,8,8
1542,1543,7,7
1543,1544,4,4
1544,1545,5,5
1545,1546,22,22
1546,1547,2,2
1547,1548,10,10
1548,1549,8,8
1549,1550,7,7
1550,1551,11,11
1551,1552,19,19
1552,1553,15,15
1553,1554,14,14
1554,1555,10,10
1555,1556,5,5
1556,1557,7,7
1557,1558,15,15
1558,1559,7,7
1559,1560,4,4
1560,1561,11,11
1561,1562,12,12
1562,1563,8,8
1563,1564,31,31
1564,1565,3,3
1565,1566,6,6
1566,1567,6,6
1567,1568,17,17
1568,1569,12,12
1569,1570,8,8
1570,1571,9,9
1571,1572,2,2
1572,1573,9,9
1573,1574,1,1
1574,1575,7,7
1575,1576,6,6
1576,1577,8,8
1577,1578,30,30
1578,1579,3,3
1579,1580,5,5
1580,1581,20,20
1581,1582,10,10
1582,1583,30,31
1583,1584,14,15
1584,1585,8,8
1585,1586,13,13
1586,1587,15,15
1587,1588,6,6
1588,1589,7,7
1589,1590,12,12
1590,1591,7,7
1591,1592,3,3
1592,1593,4,4
1593,1594,5,5
1594,1595,6,6
1595,1596,11,11
1596,1597,50,50
1597,1598,49,49
1598,1599,55,55
1599,1600,8,8
1600,1601,9,9
1601,1602,3,3
1602,1603,4,4
1603,1604,6,6
1604,1605,2,2
1605,1606,7,7
1606,1607,8,8
1607,1608,7,7
1608,1609,2,2
1609,1610,9,9
1610,1611,8,8
1611,1612,8,8
1612,1613,18,18
1613,1614,70,70
1614,1615,11,11
1615,1616,3,3
1616,1617,7,7
1617,1618,9,9
1618,1619,4,4
1619,1620,3,3
1620,1621,13,13
1621,1622,6,6
1622,1623,10,10
1623,1624,5,5
1624,1625,4,4
1625,1626,12,12
1626,1627,4,4
1627,1628,54,54
1628,1629,19,20
1629,1630,16,16
1630,1631,6,6
1631,1632,20,20
1632,1633,7,7
1633,1634,5,5
1634,1635,7,7
1635,1636,8,8
1636,1637,6,6
1637,1638,3,3
1638,1639,13,13
1639,1640,7,7
1640,1641,12,12
1641,1642,6,6
1642,1643,7,7
1643,1644,1456,1460
1644,1645,456,456
1645,1646,24,24
1646,1647,4,4
1647,1648,14,14
1648,1649,14,14
1649,1650,16,16
1650,1651,5,5
1651,1652,8,8
1652,1653,12,12
1653,1654,5,5
1654,1655,9,9
1655,1656,13,13
1656,1657,5,5
1657,1658,6,6
1658,1659,18,18
1659,1660,21,21
1660,1661,11,11
1661,1662,4,4
1662,1663,22,22
1663,1664,6,6
1664,1665,6,8
1665,1666,5,5
1666,1667,15,15
1667,1668,4,4
1668,1669,10,10
1669,1670,10,10
1670,1671,3,3
1671,1672,9,9
1672,1673,3,3
1673,1674,38,38
1674,1675,36,36
1675,1676,8,8
1676,1677,5,5
1677,1678,9,9
1678,1679,5,5
1679,1680,11,11
1680,1681,4,4
1681,1682,15,15
1682,1683,4,4
1683,1684,13,13
1684,1685,7,7
1685,1686,41,41
1686,1687,7,7
1687,1688,6,6
1688,1689,15,15
1689,1690,16,16
1690,1691,5,5
1691,1692,10,10
1692,1693,9,9
1693,1694,2,2
1694,1695,32,32
1695,1696,6,6
1696,1697,13,13
1697,1698,6,6
1698,1699,12,12
1699,1700,9,9
1700,1701,5,5
1701,1702,4,4
1702,1703,1,1
1703,1704,14,14
1704,1705,18,18
1705,1706,12,12
1706,1707,3,3
1707,1708,5,5
1708,1709,14,14
1709,1710,5,5
1710,1711,5,5
1711,1712,3,3
1712,1713,5,5
1713,1714,11,11
1714,1715,6,6
1715,1716,17,17
1716,1717,4,4
1717,1718,2,2
1718,1719,3,3
1719,1720,15,15
1720,1721,9,9
1721,1722,6,6
1722,1723,6,6
1723,1724,10,10
1724,1725,73,73
1725,1726,4,4
1726,1727,10,10
1727,1728,7,7
1728,1729,4,4
1729,1730,3,3
1730,1731,4,4
1731,1732,8,8
1732,1733,8,8
1733,1734,7,7
1734,1735,37,37
1735,1736,53,53
1736,1737,11,11
1737,1738,10,10
1738,1739,3,3
1739,1740,5,5
1740,1741,5,5
1741,1742,8,8
1742,1743,9,9
1743,1744,6,6
1744,1745,6,6
1745,1746,18,18
1746,1747,6,6
1747,1748,11,11
1748,1749,7,7
1749,1750,13,13
1750,1751,19,19
1751,1752,4,4
1752,1753,8,8
1753,1754,5,5
1754,1755,9,9
1755,1756,3,3
1756,1757,5,5
1757,1758,9,9
1758,1759,9,9
1759,1760,13,13
1760,1761,9,9
1761,1762,5,5
1762,1763,8,8
1763,1764,5,5
1764,1765,78,78
1765,1766,21,21
1766,1767,4,4
1767,1768,8,8
1768,1769,5,5
1769,1770,5,5
1770,1771,3,3
1771,1772,6,7
1772,1773,4,4
1773,1774,7,7
1774,1775,9,9
1775,1776,6,6
1776,1777,2,2
1777,1778,8,8
1778,1779,2,2
1779,1780,13,13
1780,1781,17,17
1781,1782,15,15
1782,1783,13,13
1783,1784,3,3
1784,1785,4,4
1785,1786,7,7
1786,1787,9,9
1787,1788,2,2
1788,1789,11,11
1789,1790,3,3
1790,1791,5,5
1791,1792,11,11
1792,1793,65,65
1793,1794,7,7
1794,1795,17,17
1795,1796,21,21
1796,1797,13,13
1797,1798,11,11
1798,1799,5,5
1799,1800,10,10
1800,1801,6,6
1801,1802,5,5
1802,1803,6,6
1803,1804,7,7
1804,1805,3,3
1805,1806,43,43
1806,1807,16,16
1807,1808,5,5
1808,1809,8,8
1809,1810,10,10
1810,1811,8,8
1811,1812,16,16
1812,1813,112,112
1813,1814,21,21
1814,1815,9,9
1815,1816,7,7
1816,1817,10,10
1817,1818,4,4
1818,1819,14,14
1819,1820,17,17
1820,1821,39,39
1821,1822,30,30
1822,1823,16,16
1823,1824,23,23
1824,1825,10,10
1825,1826,44,44
1826,1827,3206,3213
1827,1828,521,521
1828,1829,18,18
1829,1830,9,9
1830,1831,22,22
1831,1832,17,17
1832,1833,8,8
1833,1834,11,11
1834,1835,26,26
1835,1836,5,5
1836,1837,10,10
1837,1838,11,11
1838,1839,12,12
1839,1840,6,6
1840,1841,12,12
1841,1842,23,23
1842,1843,4,4
1843,1844,4,4
1844,1845,5,5
1845,1846,2,2
1846,1847,6,6
1847,1848,14,14
1848,1849,9,9
1849,1850,4,4
1850,1851,9,12
1851,1852,4,4
1852,1853,7,7
1853,1854,9,9
1854,1855,9,10
1855,1856,10,11
1856,1857,11,11
1857,1858,17,18
1858,1859,4,4
1859,1860,10,10
1860,1861,4,4
1861,1862,6,6
1862,1863,10,10
1863,1864,3,3
1864,1865,6,6
1865,1866,5,5
1866,1867,8,8
1867,1868,5,5
1868,1869,3,3
1869,1870,8,8
1870,1871,4,4
1871,1872,12,12
1872,1873,13,13
1873,1874,3,3
1874,1875,14,14
1875,1876,4,4
1876,1877,6,6
1877,1878,7,7
1878,1879,7,7
1879,1880,56,56
1880,1881,9,9
1881,1882,2,2
1882,1883,7,7
1883,1884,2,2
1884,1885,7,7
1885,1886,4,4
1886,1887,7,7
1887,1888,11,11
1888,1889,8,8
1889,1890,5,5
1890,1891,2,2
1891,1892,1,1
1892,1893,5,5
1893,1894,4,4
1894,1895,3,3
1895,1896,6,6
1896,1897,2,2
1897,1898,6,6
1898,1899,12,12
1899,1900,1,1
1900,1901,9,9
1901,1902,59,59
1902,1903,9,9
1903,1904,8,8
1904,1905,5,5
1905,1906,5,5
1906,1907,87,87
1907,1908,7,7
1908,1909,3,3
1909,1910,8,8
1910,1911,7,7
1911,1912,1,1
1912,1913,3,3
1913,1914,2,2
1914,1915,4,4
1915,1916,5,5
1916,1917,4,4
1917,1918,31,31
1918,1919,13,13
1919,1920,8,8
1920,1921,4,4
1921,1922,6,6
1922,1923,4,4
1923,1924,5,5
1924,1925,4,4
1925,1926,9,9
1926,1927,9,9
1927,1928,4,4
1928,1929,5,5
1929,1930,8,8
1930,1931,5,5
1931,1932,4,4
1932,1933,12,12
1933,1934,3,3
1934,1935,10,10
1935,1936,7,7
1937,1938,5,5
1938,1939,3,3
1939,1940,7,7
1940,1941,7,7
1941,1942,3,3
1942,1943,3,3
1943,1944,6,6
1944,1945,4,4
1945,1946,5,5
1946,1947,5,5
1947,1948,6,6
1948,1949,9,9
1949,1950,9,9
1950,1951,2,2
1951,1952,2,2
1952,1953,4,4
1953,1954,5,5
1954,1955,3,3
1955,1956,7,7
1956,1957,3,3
1957,1958,4,4
1958,1959,3,3
1959,1960,1,1
1960,1961,6,6
1961,1962,9,9
1962,1963,6,6
1963,1964,16,16
1964,1965,3,3
1965,1966,3,3
1966,1967,2,2
1967,1968,4,4
1968,1969,4,4
1969,1970,8,8
1970,1971,3,3
1971,1972,7,7
1972,1973,3,3
1973,1974,2,2
1974,1975,5,5
1975,1976,3,3
1976,1977,4,4
1977,1978,5,5
1978,1979,11,12
1979,1980,8,8
1980,1981,4,4
1981,1982,24,24
1982,1983,16,16
1983,1984,1,1
1984,1985,3,3
1985,1986,5,5
1986,1987,3,3
1987,1988,3,3
1988,1989,4,4
1989,1990,2,2
1990,1991,6,6
1991,1992,2,2
1992,1993,2,2
1993,1994,6,6
1994,1995,4,4
1995,1996,11,11
1996,1997,2,2
1997,1998,4,4
1998,1999,3,3
1999,2000,5,5
2000,2001,2,2
2001,2002,6,6
2002,2003,9,9
2003,2004,3,3
2004,2005,4,4
2005,2006,4,4
2006,2007,4,4
2007,2008,8,8
2008,2009,343,345
2009,2010,944,947
2010,2011,10,10
2011,2012,8,8
2012,2013,7,7
2013,2014,23,23
2014,2015,3,3
2015,2016,4,4
2016,2017,20,20
2017,2018,5,5
2018,2019,2,2
2019,2020,6,6
2020,2021,4,4
2021,2022,4,4
2022,2023,4,4
2023,2024,1,1
2024,2025,16,16
2025,2026,1,1
2026,2027,5,5
2027,2028,6,6
2028,2029,1,1
2029,2030,1,1
2030,2031,4,4
2031,2032,7,7
2032,2033,2,2
2033,2034,2,2
2034,2035,5,5
2035,2036,5,5
2036,2037,3,3
2037,2038,6,6
2038,2039,18,18
2039,2040,8,8
2040,2041,7,7
2041,2042,2,2
2042,2043,3,3
2043,2044,3,3
2044,2045,5,5
2045,2046,3,3
2046,2047,4,4
2047,2048,6,6
2048,2049,5,5
2049,2050,3,3
2050,2051,5,5
2051,2052,9,9
2052,2053,7,7
2053,2054,6,6
2054,2055,13,13
2055,2056,3,3
2056,2057,11,11
2057,2058,1,1
2058,2059,2,2
2059,2060,4,4
2060,2061,3,3
2061,2062,2,2
2062,2063,6,6
2063,2064,3,3
2064,2065,37,37
2065,2066,7,7
2066,2067,5,5
2067,2068,1,1
2068,2069,5,5
2069,2070,11,11
2070,2071,9,9
2071,2072,5,5
2072,2073,4,4
2073,2074,4,4
2074,2075,4,4
2075,2076,5,5
2076,2077,36,36
2077,2078,6,6
2078,2079,1,1
2079,2080,9,9
2080,2081,5,5
2081,2082,16,16
2082,2083,3,3
2083,2084,4,4
2084,2085,12,12
2085,2086,9,9
2086,2087,2,2
2087,2088,3,3
2088,2089,5,5
2089,2090,2,2
2090,2091,2,2
2091,2092,7,7
2092,2093,3,3
2093,2094,5,5
2094,2095,1,1
2095,2096,2,2
2096,2097,2,2
2097,2098,3,3
2098,2099,3,3
2099,2100,19,19
2100,2101,11,11
2101,2102,12,12
2102,2103,7,7
2103,2104,10,10
2104,2105,6,6
2105,2106,5,5
2106,2107,6,6
2107,2108,3,3
2108,2109,2,2
2109,2110,3,3
2110,2111,7,7
2111,2112,3,3
2112,2113,4,4
2113,2114,4,4
2114,2115,6,6
2115,2116,9,9
2116,2117,1,1
2117,2118,7,7
2118,2119,6,6
2119,2120,3,3
2120,2121,5,5
2121,2122,2,2
2122,2123,1,1
2123,2124,7,7
2124,2125,10,10
2125,2126,6,6
2126,2127,7,7
2127,2128,6,6
2128,2129,4,4
2129,2130,4,4
2130,2131,15,15
2131,2132,6,6
2132,2133,3,3
2133,2134,10,10
2134,2135,6,6
2135,2136,11,11
2136,2137,2,2
2137,2138,2,2
2138,2139,5,5
2139,2140,7,7
2140,2141,4,4
2141,2142,5,5
2142,2143,4,4
2143,2144,4,4
2144,2145,4,4
2145,2146,14,14
2146,2147,9,9
2147,2148,2,2
2148,2149,6,6
2149,2150,3,3
2150,2151,4,4
2151,2152,3,3
2152,2153,4,4
2153,2154,5,5
2154,2155,6,6
2155,2156,9,9
2156,2157,4,4
2157,2158,12,12
2158,2159,3,3
2159,2160,1,1
2160,2161,7,7
2161,2162,21,21
2162,2163,5,5
2163,2164,4,4
2164,2165,5,5
2165,2166,5,5
2166,2167,2,2
2167,2168,1,1
2168,2169,3,3
2169,2170,1,1
2170,2171,7,7
2171,2172,4,4
2172,2173,4,4
2173,2174,7,7
2174,2175,3,3
2175,2176,15,15
2176,2177,13,13
2177,2178,7,7
2178,2179,2,2
2179,2180,5,5
2180,2181,9,9
2182,2183,9,9
2183,2184,5,5
2184,2185,9,9
2185,2186,4,4
2186,2187,8,8
2187,2188,7,7
2188,2189,3,3
2189,2190,6,6
2190,2191,16,16
2191,2192,1713,1718
2192,2193,449,449
2193,2194,13,13
2194,2195,12,12
2195,2196,25,25
2196,2197,9,9
2197,2198,7,7
2198,2199,11,11
2199,2200,3,3
2200,2201,8,8
2201,2202,9,9
2202,2203,6,6
2203,2204,6,6
2204,2205,7,7
2205,2206,6,6
2206,2207,6,6
2207,2208,7,7
2208,2209,6,6
2209,2210,1,1
2210,2211,5,5
2211,2212,6,6
2212,2213,5,5
2213,2214,9,9
2214,2215,6,6
2215,2216,4,4
2216,2217,6,6
2218,2219,5,5
2219,2220,4,4
2220,2221,6,6
2221,2222,22,22
2222,2223,15,15
2223,2224,17,17
2224,2225,2,2
2225,2226,6,6
2226,2227,4,4
2227,2228,3,3
2228,2229,3,3
2229,2230,6,6
2230,2231,3,3
2231,2232,5,5
2232,2233,5,5
2233,2234,8,8
2234,2235,4,4
2235,2236,4,4
2236,2237,23,23
2237,2238,12,12
2238,2239,3,3
2239,2240,7,7
2240,2241,3,3
2241,2242,3,3
2242,2243,1,1
2243,2244,1,1
2245,2246,3,3
2246,2247,4,4
2247,2248,7,7
2248,2249,2,2
2249,2250,1,1
2250,2251,2,2
2251,2252,25,25
2252,2253,14,14
2253,2254,6,6
2254,2255,3,3
2255,2256,4,4
2256,2257,9,9
2257,2258,4,4
2258,2259,2,2
2259,2260,3,3
2260,2261,5,5
2261,2262,4,4
2263,2264,1,1
2264,2265,7,7
2265,2266,8,8
2266,2267,10,10
2267,2268,13,13
2268,2269,8,8
2269,2270,4,4
2270,2271,2,2
2271,2272,5,5
2272,2273,4,4
2273,2274,5,5
2274,2275,6,6
2275,2276,6,6
2276,2277,5,5
2277,2278,5,5
2278,2279,3,3
2279,2280,8,8
2280,2281,6,6
2281,2282,4,4
2282,2283,19,19
2283,2284,15,15
2284,2285,15,15
2286,2287,2,2
2287,2288,9,9
2288,2289,3,3
2289,2290,5,5
2290,2291,4,4
2291,2292,2,2
2292,2293,2,2
2293,2294,11,11
2294,2295,3,3
2295,2296,3,3
2296,2297,3,3
2297,2298,12,12
2298,2299,7,8
2300,2301,75,75
2301,2302,8,8
2302,2303,5,5
2304,2305,2,2
2305,2306,1,1
2306,2307,3,3
2307,2308,1,1
2308,2309,6,7
2310,2311,2,2
2311,2312,3,3
2312,2313,10,10
2313,2314,7,8
2314,2315,5,5
2315,2316,2,2
2316,2317,8,8
2317,2318,5,5
2318,2319,2,2
2319,2320,3,3
2320,2321,3,3
2321,2322,6,6
2322,2323,4,4
2323,2324,1,1
2324,2325,5,5
2325,2326,3,3
2326,2327,5,5
2327,2328,3,3
2328,2329,45,45
2329,2330,5,5
2330,2331,2,2
2331,2332,3,3
2332,2333,2,2
2333,2334,2,2
2334,2335,7,7
2335,2336,5,5
2336,2337,2,2
2337,2338,9,9
2338,2339,4,4
2339,2340,2,2
2340,2341,5,5
2341,2342,1,1
2342,2343,4,4
2343,2344,14,14
2344,2345,79,79
2345,2346,6,6
2346,2347,2,2
2347,2348,4,4
2348,2349,5,5
2349,2350,7,7
2350,2351,5,5
2351,2352,1,1
2352,2353,4,4
2353,2354,2,2
2354,2355,3,3
2355,2356,3,3
2357,2358,5,5
2358,2359,8,8
2359,2360,13,13
2360,2361,5,5
2361,2362,3,3
2362,2363,4,4
2363,2364,4,4
2364,2365,3,3
2365,2366,2,2
2366,2367,8,8
2367,2368,1,1
2368,2369,4,4
2369,2370,9,9
2371,2372,2,2
2372,2373,9,9
2373,2374,29,29
2374,2375,892,902
2375,2376,13,13
2376,2377,12,12
2377,2378,8,8
2378,2379,2,2
2379,2380,8,8
2381,2382,5,5
2382,2383,2,2
2383,2384,3,3
2384,2385,1,1
2385,2386,2,2
2386,2387,7,7
2387,2388,5,5
2388,2389,7,7
2389,2390,5,5
2390,2391,4,4
2391,2392,4,4
2392,2393,4,4
2393,2394,4,4
2394,2395,3,3
2395,2396,1,1
2396,2397,2,2
2397,2398,2,2
2398,2399,1,1
2399,2400,3,3
2400,2401,2,2
2402,2403,1,1
2403,2404,4,4
2404,2405,9,9
2405,2406,7,7
2406,2407,6,6
2407,2408,1,1
2408,2409,5,5
2409,2410,1,1
2410,2411,7,7
2411,2412,2,2
2412,2413,1,1
2413,2414,1,1
2414,2415,3,3
2415,2416,2,2
2416,2417,2,2
2417,2418,3,3
2418,2419,4,4
2419,2420,12,12
2420,2421,4,4
2421,2422,4,4
2422,2423,3,3
2423,2424,1,1
2424,2425,2,2
2425,2426,2,2
2426,2427,1,1
2427,2428,2,2
2428,2429,1,1
2429,2430,4,4
2430,2431,4,4
2431,2432,3,3
2432,2433,2,2
2433,2434,3,3
2434,2435,6,6
2435,2436,8,8
2436,2437,2,2
2437,2438,5,5
2438,2439,5,5
2439,2440,4,4
2440,2441,4,4
2441,2442,2,2
2443,2444,3,3
2445,2446,4,4
2446,2447,4,4
2447,2448,5,5
2448,2449,3,3
2449,2450,5,5
2450,2451,8,8
2451,2452,3,3
2452,2453,3,3
2453,2454,3,3
2454,2455,2,2
2455,2456,4,5
2457,2458,5,5
2458,2459,3,3
2459,2460,6,6
2460,2461,1,1
2461,2462,6,6
2462,2463,5,5
2463,2464,2,2
2464,2465,11,11
2465,2466,10,10
2466,2467,5,5
2467,2468,5,5
2468,2469,1,1
2469,2470,6,6
2470,2471,2,2
2471,2472,4,4
2472,2473,10,10
2473,2474,7,7
2474,2475,2,2
2475,2476,3,3
2476,2477,3,3
2477,2478,5,5
2478,2479,3,3
2479,2480,5,6
2480,2481,7,7
2481,2482,7,7
2482,2483,2,2
2484,2485,2,2
2485,2486,4,4
2486,2487,4,4
2487,2488,2,2
2488,2489,5,5
2489,2490,4,4
2490,2491,1,1
2491,2492,5,5
2492,2493,1,1
2493,2494,3,3
2494,2495,2,2
2495,2496,8,8
2496,2497,7,7
2497,2498,4,4
2498,2499,2,2
2499,2500,3,3
2500,2501,5,5
2501,2502,5,5
2502,2503,4,4
2503,2504,1,1
2504,2505,3,3
2505,2506,2,2
2506,2507,6,6
2507,2508,2,2
2508,2509,3,3
2509,2510,8,8
2510,2511,6,6
2511,2512,6,6
2512,2513,9,9
2513,2514,3,3
2514,2515,1,1
2515,2516,2,2
2516,2517,1,1
2517,2518,1,1
2518,2519,2,2
2520,2521,3,3
2521,2522,2,2
2522,2523,4,4
2523,2524,5,5
2524,2525,5,5
2525,2526,3,3
2526,2527,10,10
2527,2528,3,3
2528,2529,2,2
2529,2530,5,5
2530,2531,3,3
2531,2532,1,1
2532,2533,3,3
2533,2534,5,5
2534,2535,4,4
2535,2536,1,1
2537,2538,5,5
2538,2539,3,3
2539,2540,4,4
2540,2541,5,5
2541,2542,16,16
2542,2543,4,4
2543,2544,2,2
2544,2545,1,1
2545,2546,5,5
2546,2547,2,2
2547,2548,2,2
2548,2549,5,5
2549,2550,5,5
2550,2551,8,8
2551,2552,6,6
2552,2553,4,4
2553,2554,7,7
2554,2555,4,4
2555,2556,10,10
2556,2557,591,593
2557,2558,795,799
2558,2559,5,5
2559,2560,8,8
2560,2561,1,1
2561,2562,8,8
2562,2563,7,7
2563,2564,6,6
2564,2565,5,5
2565,2566,4,4
2566,2567,2,2
2567,2568,4,4
2568,2569,4,4
2569,2570,2,2
2570,2571,6,6
2571,2572,4,4
2572,2573,11,11
2573,2574,3,3
2574,2575,3,3
2575,2576,6,6
2576,2577,10,12
2577,2578,1,1
2578,2579,5,5
2579,2580,2,2
2580,2581,3,3
2581,2582,5,5
2582,2583,3,3
2583,2584,8,8
2584,2585,3,3
2585,2586,3,3
2586,2587,8,8
2587,2588,9,9
2588,2589,7,7
2589,2590,6,6
2590,2591,2,2
2591,2592,2,2
2592,2593,1,1
2593,2594,6,6
2594,2595,10,10
2595,2596,3,3
2596,2597,11,11
2597,2598,3,3
2598,2599,4,4
2599,2600,1,1
2600,2601,2,2
2601,2602,4,4
2602,2603,11,12
2603,2604,4,4
2604,2605,3,3
2605,2606,2,2
2606,2607,3,3
2607,2608,7,7
2608,2609,5,5
2610,2611,2,2
2611,2612,6,6
2612,2613,3,3
2613,2614,2,2
2614,2615,4,4
2615,2616,3,3
2616,2617,12,12
2617,2618,11,11
2618,2619,12,12
2619,2620,2,2
2620,2621,3,3
2621,2622,5,5
2622,2623,2,2
2623,2624,7,7
2624,2625,3,3
2625,2626,4,4
2626,2627,2,2
2627,2628,2,2
2628,2629,2,2
2629,2630,2,2
2630,2631,2,2
2631,2632,3,3
2632,2633,5,5
2633,2634,8,8
2634,2635,3,3
2635,2636,5,5
2636,2637,2,2
2637,2638,8,8
2638,2639,3,3
2639,2640,2,2
2640,2641,3,3
2641,2642,1,1
2642,2643,3,3
2643,2644,3,3
2644,2645,2,2
2645,2646,5,5
2646,2647,4,4
2647,2648,18,19
2648,2649,7,7
2649,2650,12,12
2650,2651,7,7
2651,2652,1,1
2653,2654,2,2
2654,2655,4,4
2655,2656,3,3
2656,2657,2,2
2657,2658,2,2
2658,2659,1,1
2659,2660,3,3
2660,2661,5,5
2661,2662,2,2
2662,2663,3,3
2663,2664,5,5
2664,2665,4,4
2665,2666,1,1
2666,2667,3,3
2667,2668,2,2
2668,2669,5,5
2670,2671,2,2
2671,2672,3,3
2672,2673,2,2
2673,2674,3,3
2674,2675,6,6
2675,2676,3,3
2676,2677,2,2
2677,2678,2,2
2678,2679,10,10
2679,2680,8,8
2680,2681,4,4
2681,2682,6,6
2683,2684,2,2
2684,2685,1,1
2685,2686,4,4
2686,2687,4,4
2687,2688,3,3
2688,2689,6,6
2689,2690,3,3
2690,2691,4,4
2691,2692,2,2
2692,2693,5,5
2693,2694,14,14
2694,2695,10,10
2695,2696,1,1
2696,2697,11,11
2697,2698,3,3
2698,2699,5,5
2699,2700,2,2
2700,2701,2,2
2701,2702,2,2
2702,2703,4,4
2703,2704,3,3
2704,2705,6,6
2705,2706,1,1
2706,2707,2,2
2707,2708,3,3
2708,2709,3,3
2709,2710,6,6
2710,2711,6,6
2711,2712,5,5
2712,2713,7,7
2713,2714,1,1
2714,2715,1,1
2715,2716,2,2
2716,2717,1,1
2717,2718,3,3
2718,2719,3,3
2719,2720,6,6
2720,2721,4,4
2721,2722,1,1
2722,2723,4,4
2723,2724,1,1
2724,2725,9,9
2725,2726,2,2
2726,2727,6,6
2727,2728,5,5
2728,2729,6,6
2729,2730,3,3
2730,2731,2,2
2731,2732,2,2
2732,2733,1,1
2733,2734,1,1
2734,2735,3,3
2735,2736,4,4
2736,2737,2,2
2737,2738,8,8
2738,2739,12,12
2739,2740,748,750
2740,2741,5,5
2741,2742,5,5
2742,2743,3,3
2743,2744,1,1
2744,2745,7,7
2745,2746,5,5
2746,2747,3,3
2747,2748,7,8
2748,2749,2,2
2750,2751,5,5
2751,2752,1,1
2752,2753,5,5
2753,2754,5,5
2754,2755,3,3
2755,2756,6,6
2756,2757,2,2
2759,2760,2,2
2760,2761,3,3
2761,2762,7,7
2762,2763,1,1
2763,2764,3,3
2764,2765,5,5
2765,2766,1,1
2766,2767,2,2
2767,2768,3,3
2768,2769,4,4
2769,2770,6,6
2770,2771,10,10
2771,2772,4,4
2772,2773,3,3
2773,2774,4,4
2774,2775,3,3
2775,2776,4,4
2776,2777,6,6
2777,2778,2,2
2778,2779,5,5
2779,2780,3,3
2780,2781,6,6
2781,2782,1,1
2782,2783,1,1
2783,2784,2,2
2784,2785,12,12
2785,2786,6,6
2786,2787,2,2
2787,2788,3,3
2788,2789,2,2
2789,2790,10,10
2790,2791,2,2
2791,2792,2,2
2792,2793,3,3
2793,2794,4,4
2795,2796,1,1
2796,2797,6,6
2798,2799,4,4
2799,2800,6,6
2800,2801,8,8
2801,2802,5,5
2802,2803,2,2
2804,2805,2,2
2805,2806,3,3
2806,2807,7,7
2807,2808,4,4
2808,2809,1,1
2809,2810,5,5
2810,2811,8,8
2811,2812,2,2
2812,2813,2,2
2813,2814,3,3
2814,2815,1,1
2815,2816,7,7
2816,2817,4,4
2817,2818,3,3
2818,2819,4,4
2820,2821,1,1
2821,2822,1,1
2822,2823,6,6
2823,2824,183,183
2824,2825,5,5
2825,2826,5,5
2827,2828,1,1
2828,2829,1,1
2829,2830,4,4
2830,2831,18,18
2831,2832,5,5
2832,2833,7,7
2833,2834,4,4
2834,2835,2,2
2835,2836,5,5
2836,2837,1,1
2837,2838,3,3
2838,2839,4,4
2839,2840,4,4
2841,2842,2,2
2842,2843,5,5
2843,2844,1,1
2844,2845,2,2
2845,2846,7,7
2846,2847,4,4
2847,2848,3,3
2848,2849,2,2
2849,2850,5,5
2850,2851,2,2
2851,2852,4,4
2852,2853,4,4
2853,2854,1,1
2855,2856,1,1
2856,2857,5,5
2857,2858,3,3
2858,2859,3,3
2859,2860,3,3
2860,2861,3,3
2861,2862,16,17
2862,2863,2,2
2863,2864,1,1
2864,2865,3,3
2865,2866,1,1
2866,2867,2,2
2867,2868,4,4
2868,2869,1,1
2869,2870,3,3
2870,2871,2,2
2871,2872,1,1
2872,2873,2,2
2873,2874,3,3
2874,2875,4,4
2875,2876,3,3
2876,2877,12,12
2877,2878,22,22
2878,2879,2,2
2879,2880,2,2
2880,2881,3,3
2882,2883,5,5
2883,2884,5,5
2884,2885,3,3
2885,2886,1,1
2886,2887,4,4
2887,2888,4,4
2888,2889,2,2
2889,2890,4,4
2890,2891,2,2
2891,2892,8,8
2892,2893,5,5
2893,2894,4,4
2894,2895,5,5
2895,2896,3,3
2896,2897,1,1
2897,2898,1,1
2898,2899,4,4
2900,2901,3,3
2901,2902,2,2
2902,2903,3,3
2903,2904,1,1
2904,2905,3,3
2905,2906,3,3
2906,2907,15,15
2907,2908,2,2
2908,2909,2,2
2909,2910,1,1
2910,2911,5,5
2911,2912,10,10
2912,2913,5,5
2913,2914,7,7
2914,2915,2,2
2915,2916,4,4
2916,2917,5,5
2917,2918,2,2
2918,2919,3,3
2919,2920,16,16
2920,2921,7,7
2921,2922,37,37
2922,2923,1188,1194
2923,2924,6,6
2924,2925,7,7
2925,2926,3,3
2926,2927,10,10
2927,2928,8,8
2928,2929,6,6
2929,2930,1,1
2930,2931,2,2
2931,2932,9,9
2932,2933,3,3
2933,2934,7,7
2934,2935,2,2
2935,2936,3,3
2936,2937,4,4
2937,2938,12,12
2938,2939,5,5
2939,2940,8,8
2940,2941,6,6
2941,2942,3,3
2942,2943,3,3
2943,2944,2,2
2944,2945,5,5
2945,2946,3,3
2946,2947,3,3
2947,2948,2,2
2948,2949,2,2
2949,2950,3,3
2950,2951,5,5
2951,2952,5,5
2952,2953,14,14
2953,2954,9,9
2954,2955,2,2
2955,2956,4,4
2956,2957,4,4
2957,2958,6,6
2958,2959,2,2
2959,2960,1,1
2960,2961,1,1
2961,2962,4,4
2962,2963,3,3
2964,2965,6,6
2965,2966,1,1
2966,2967,1,1
2967,2968,9,9
2968,2969,5,5
2969,2970,1,1
2970,2971,2,2
2971,2972,2,2
2972,2973,4,4
2973,2974,3,3
2974,2975,3,3
2975,2976,4,4
2976,2977,3,3
2977,2978,3,3
2978,2979,1,1
2979,2980,1,1
2980,2981,4,4
2981,2982,5,5
2982,2983,4,4
2983,2984,5,5
2984,2985,2,2
2985,2986,5,6
2986,2987,1,1
2987,2988,4,4
2988,2989,4,4
2989,2990,3,3
2990,2991,2,2
2991,2992,2,2
2992,2993,2,2
2993,2994,1,1
2994,2995,4,4
2995,2996,1,1
2996,2997,4,4
2997,2998,4,4
2998,2999,9,9
2999,3000,3,3
3000,3001,1,1
3001,3002,4,4
3002,3003,1,1
3003,3004,4,4
3004,3005,1,1
3005,3006,3,3
3006,3007,4,4
3007,3008,4,4
3008,3009,2,2
3009,3010,7,7
3010,3011,10,10
3011,3012,2,2
3012,3013,8,8
3013,3014,4,4
3014,3015,6,6
3015,3016,1,1
3017,3018,2,2
3018,3019,3,3
3019,3020,1,1
3020,3021,2,2
3021,3022,3,3
3022,3023,3,3
3023,3024,6,6
3024,3025,6,6
3025,3026,1,1
3026,3027,1,1
3027,3028,6,6
3028,3029,7,7
3030,3031,1,1
3031,3032,2,2
3032,3033,5,5
3033,3034,4,4
3034,3035,1,1
3035,3036,3,3
3036,3037,1,1
3037,3038,8,8
3038,3039,2,2
3039,3040,2,2
3041,3042,3,3
3042,3043,1,1
3043,3044,2,2
3044,3045,4,4
3045,3046,3,3
3046,3047,1,1
3048,3049,3,3
3049,3050,3,3
3050,3051,2,2
3051,3052,3,3
3052,3053,4,4
3053,3054,2,2
3054,3055,1,1
3055,3056,5,5
3056,3057,1,1
3057,3058,3,3
3058,3059,12,12
3059,3060,54,54
3060,3061,1,1
3061,3062,1,1
3062,3063,1,1
3063,3064,2,2
3064,3065,3,3
3065,3066,2,2
3066,3067,2,2
3067,3068,3,3
3068,3069,6,6
3069,3070,1,1
3071,3072,5,5
3072,3073,1,1
3073,3074,4,4
3074,3075,73,73
3075,3076,4,4
3076,3077,1,1
3077,3078,2,2
3078,3079,1,1
3079,3080,4,4
3081,3082,2,2
3082,3083,2,2
3083,3084,3,3
3084,3085,2,2
3087,3088,5,5
3088,3089,1,1
3089,3090,10,10
3090,3091,2,2
3091,3092,4,4
3092,3093,1,1
3093,3094,1,1
3094,3095,1,1
3095,3096,2,2
3096,3097,3,3
3097,3098,1,1
3098,3099,2,2
3099,3100,6,6
3100,3101,4,4
3101,3102,2,2
3102,3103,2,2
3103,3104,1,1
3104,3105,524,528
3105,3106,132,133
3106,3107,7,7
3107,3108,9,9
3108,3109,5,5
3109,3110,6,6
3110,3111,4,4
3111,3112,1,1
3113,3114,4,4
3114,3115,4,4
3115,3116,1,1
3116,3117,1,1
3117,3118,6,6
3118,3119,4,4
3119,3120,1,1
3120,3121,8,8
3121,3122,5,5
3123,3124,2,2
3124,3125,5,5
3125,3126,2,2
3126,3127,2,2
3127,3128,1,1
3128,3129,2,2
3129,3130,2,2
3130,3131,2,2
3131,3132,4,5
3132,3133,3,3
3133,3134,1,1
3134,3135,7,7
3135,3136,7,7
3136,3137,4,4
3137,3138,2,2
3140,3141,4,4
3141,3142,2,2
3142,3143,4,4
3143,3144,2,2
3144,3145,3,3
3145,3146,1,1
3147,3148,4,4
3148,3149,2,2
3149,3150,6,6
3150,3151,8,8
3151,3152,3,3
3152,3153,4,4
3153,3154,4,4
3154,3155,2,2
3155,3156,5,5
3156,3157,3,3
3157,3158,2,2
3159,3160,2,2
3160,3161,1,1
3161,3162,6,6
3162,3163,6,7
3163,3164,2,2
3164,3165,4,4
3165,3166,4,4
3166,3167,14,14
3168,3169,3,3
3169,3170,1,1
3170,3171,4,4
3171,3172,2,3
3172,3173,1,1
3174,3175,2,2
3175,3176,3,3
3176,3177,2,2
3177,3178,3,3
3178,3179,1,1
3179,3180,1,1
3180,3181,8,8
3181,3182,9,9
3182,3183,2,2
3183,3184,4,4
3184,3185,1,1
3185,3186,8,8
3186,3187,2,2
3187,3188,2,2
3188,3189,2,2
3189,3190,6,6
3190,3191,1,1
3191,3192,1,1
3192,3193,1,1
3193,3194,1,1
3194,3195,4,4
3195,3196,7,7
3196,3197,4,4
3197,3198,4,4
3198,3199,1,1
3200,3201,2,2
3201,3202,1,1
3203,3204,3,3
3204,3205,2,2
3205,3206,4,4
3206,3207,7,7
3207,3208,1,1
3208,3209,1,1
3209,3210,3,3
3210,3211,1,1
3211,3212,3,3
3212,3213,5,5
3213,3214,6,6
3214,3215,1,1
3215,3216,1,1
3217,3218,3,3
3218,3219,1,1
3219,3220,1,1
3220,3221,5,5
3221,3222,1,1
3223,3224,4,4
3224,3225,2,2
3225,3226,3,3
3226,3227,11,11
3227,3228,1,1
3228,3229,6,6
3229,3230,2,2
3230,3231,1,1
3231,3232,4,4
3232,3233,3,3
3233,3234,1,1
3234,3235,2,2
3235,3236,3,3
3236,3237,3,3
3238,3239,2,2
3239,3240,1,1
3240,3241,1,1
3241,3242,11,11
3242,3243,3,3
3243,3244,2,2
3244,3245,2,2
3245,3246,1,1
3246,3247,1,1
3247,3248,2,2
3248,3249,5,5
3249,3250,3,3
3250,3251,4,4
3251,3252,2,2
3252,3253,2,2
3253,3254,4,4
3254,3255,4,4
3255,3256,3,3
3256,3257,11,12
3257,3258,8,8
3258,3259,1,1
3259,3260,3,3
3260,3261,2,2
3262,3263,1,1
3264,3265,1,1
3265,3266,4,4
3266,3267,3,3
3267,3268,2,2
3268,3269,2,2
3269,3270,2,2
3270,3271,2,2
3271,3272,6,6
3272,3273,5,5
3273,3274,2,2
3274,3275,1,1
3275,3276,1,1
3276,3277,3,3
3277,3278,1,1
3278,3279,2,2
3279,3280,2,2
3280,3281,5,5
3281,3282,3,3
3282,3283,4,4
3283,3284,2,2
3284,3285,4,4
3285,3286,1,1
3286,3287,21,21
3287,3288,852,856
3288,3289,82,82
3289,3290,6,6
3290,3291,5,5
3291,3292,4,4
3292,3293,11,11
3293,3294,2,2
3294,3295,1,1
3295,3296,5,5
3296,3297,4,4
3297,3298,3,3
3298,3299,1,1
3299,3300,1,1
3300,3301,5,5
3301,3302,6,6
3302,3303,4,4
3303,3304,7,7
3304,3305,1,1
3305,3306,2,2
3306,3307,3,3
3307,3308,2,2
3308,3309,3,3
3309,3310,2,2
3310,3311,1,1
3311,3312,7,7
3312,3313,4,4
3313,3314,3,3
3314,3315,2,2
3315,3316,2,2
3316,3317,5,5
3317,3318,4,4
3318,3319,3,3
3319,3320,7,7
3320,3321,2,2
3321,3322,2,2
3322,3323,3,3
3323,3324,1,1
3324,3325,3,3
3325,3326,4,4
3326,3327,1,1
3327,3328,4,4
3329,3330,3,3
3330,3331,4,4
3331,3332,2,2
3332,3333,6,6
3333,3334,1,1
3334,3335,2,2
3335,3336,3,3
3337,3338,2,2
3338,3339,3,3
3340,3341,3,3
3341,3342,3,3
3342,3343,2,2
3343,3344,1,1
3344,3345,3,3
3345,3346,4,4
3346,3347,3,3
3347,3348,7,7
3348,3349,6,6
3349,3350,8,8
3350,3351,3,3
3351,3352,1,1
3352,3353,1,1
3353,3354,1,1
3354,3355,2,2
3356,3357,1,1
3357,3358,3,3
3358,3359,1,1
3359,3360,2,3
3360,3361,4,4
3361,3362,2,2
3363,3364,4,4
3364,3365,5,5
3365,3366,2,2
3366,3367,4,4
3367,3368,4,4
3368,3369,2,2
3369,3370,3,3
3370,3371,1,1
3371,3372,2,2
3373,3374,3,3
3374,3375,2,2
3375,3376,3,3
3377,3378,7,7
3378,3379,4,4
3379,3380,6,6
3380,3381,3,3
3381,3382,4,4
3382,3383,3,3
3383,3384,1,1
3384,3385,3,3
3385,3386,1,1
3386,3387,2,2
3387,3388,1,1
3388,3389,4,4
3389,3390,3,3
3390,3391,2,2
3392,3393,2,2
3393,3394,5,5
3394,3395,5,5
3396,3397,2,2
3397,3398,2,2
3398,3399,2,3
3400,3401,4,4
3401,3402,2,2
3402,3403,2,2
3403,3404,1,1
3406,3407,3,3
3407,3408,2,2
3408,3409,4,4
3409,3410,7,7
3410,3411,1,1
3411,3412,2,2
3412,3413,1,1
3413,3414,2,2
3414,3415,1,1
3415,3416,4,4
3418,3419,4,4
3419,3420,1,1
3420,3421,4,4
3421,3422,4,4
3423,3424,2,2
3424,3425,14,14
3425,3426,5,5
3426,3427,1,1
3427,3428,2,2
3428,3429,3,3
3429,3430,2,2
3430,3431,5,5
3431,3432,2,2
3432,3433,3,3
3433,3434,2,2
3434,3435,4,4
3436,3437,4,4
3439,3440,4,4
3440,3441,4,4
3441,3442,1,1
3442,3443,2,2
3443,3444,2,2
3444,3445,3,3
3446,3447,3,3
3447,3448,5,5
3448,3449,2,2
3449,3450,1,1
3450,3451,1,1
3451,3452,1,1
3452,3453,2,2
3453,3454,3,3
3454,3455,7,7
3455,3456,2,2
3456,3457,1,1
3457,3458,2,2
3459,3460,2,2
3460,3461,3,3
3461,3462,5,5
3463,3464,4,4
3464,3465,1,1
3465,3466,8,8
3466,3467,3,3
3467,3468,1,1
3468,3469,4,4
3469,3470,122,122
3470,3471,325,327
3471,3472,4,4
3472,3473,4,4
3473,3474,4,4
3474,3475,3,3
3475,3476,2,2
3476,3477,1,1
3477,3478,1,1
3478,3479,2,2
3479,3480,2,2
3480,3481,1,1
3481,3482,1,1
3482,3483,1,1
3484,3485,1,1
3485,3486,4,4
3486,3487,4,4
3487,3488,3,3
3488,3489,2,2
3490,3491,1,1
3491,3492,1,1
3492,3493,1,1
3494,3495,2,2
3495,3496,2,2
3497,3498,3,3
3498,3499,3,3
3499,3500,5,5
3500,3501,6,6
3501,3502,2,2
3502,3503,2,2
3503,3504,6,6
3504,3505,2,2
3505,3506,1,1
3506,3507,3,3
3507,3508,5,5
3508,3509,1,1
3509,3510,1,1
3510,3511,3,3
3511,3512,2,2
3512,3513,3,3
3513,3514,6,6
3514,3515,6,6
3515,3516,6,6
3516,3517,12,12
3517,3518,3,3
3518,3519,6,6
3519,3520,5,5
3520,3521,1,1
3521,3522,4,4
3523,3524,1,1
3524,3525,4,4
3525,3526,1,1
3526,3527,2,2
3527,3528,2,2
3528,3529,2,2
3529,3530,6,6
3530,3531,5,5
3531,3532,4,4
3532,3533,3,3
3533,3534,5,5
3534,3535,1,1
3535,3536,4,4
3536,3537,2,2
3537,3538,3,3
3539,3540,1,1
3540,3541,3,3
3541,3542,1,1
3542,3543,1,1
3544,3545,3,3
3545,3546,4,4
3546,3547,2,2
3547,3548,2,2
3548,3549,3,3
3549,3550,1,1
3551,3552,2,2
3552,3553,1,1
3553,3554,1,1
3554,3555,3,3
3555,3556,1,1
3556,3557,3,3
3557,3558,2,2
3558,3559,2,2
3560,3561,5,5
3561,3562,2,2
3562,3563,8,8
3563,3564,3,3
3564,3565,1,1
3565,3566,1,1
3566,3567,1,1
3567,3568,3,3
3568,3569,2,2
3569,3570,1,1
3570,3571,2,2
3571,3572,2,2
3572,3573,2,2
3573,3574,2,2
3574,3575,1,1
3575,3576,1,1
3576,3577,5,5
3577,3578,4,4
3578,3579,2,2
3581,3582,2,2
3582,3583,1,1
3585,3586,1,1
3586,3587,1,1
3587,3588,3,3
3589,3590,3,3
3590,3591,2,2
3591,3592,7,7
3592,3593,3,3
3593,3594,1,1
3594,3595,3,3
3596,3597,2,2
3597,3598,1,1
3598,3599,2,2
3601,3602,3,3
3602,3603,2,2
3603,3604,3,3
3604,3605,1,1
3605,3606,3,3
3606,3607,5,5
3607,3608,12,12
3608,3609,5,5
3609,3610,5,5
3610,3611,1,1
3611,3612,1,1
3613,3614,1,1
3614,3615,2,2
3615,3616,1,1
3616,3617,2,2
3618,3619,3,3
3619,3620,2,2
3620,3621,2,2
3621,3622,5,5
3622,3623,15,15
3623,3624,2,2
3624,3625,4,4
3625,3626,2,2
3626,3627,4,4
3627,3628,2,2
3628,3629,1,1
3629,3630,4,4
3630,3631,2,2
3631,3632,1,1
3632,3633,2,2
3634,3635,2,2
3635,3636,3,3
3636,3637,2,2
3637,3638,5,5
3638,3639,2,2
3639,3640,1,1
3642,3643,1,1
3643,3644,6,6
3644,3645,3,3
3645,3646,2,2
3646,3647,10,10
3647,3648,3,3
3648,3649,3,3
3649,3650,2,2
3650,3651,12,12
3651,3652,10,10
3652,3653,582,588
3653,3654,135,136
3654,3655,10,10
3655,3656,1,1
3656,3657,7,7
3657,3658,4,4
3658,3659,4,4
3659,3660,3,3
3660,3661,5,5
3661,3662,2,2
3662,3663,4,5
3663,3664,3,3
3664,3665,1,1
3665,3666,4,4
3666,3667,2,2
3667,3668,6,6
3668,3669,4,4
3669,3670,3,3
3670,3671,2,2
3671,3672,2,2
3672,3673,2,2
3673,3674,4,4
3675,3676,2,2
3676,3677,2,2
3677,3678,2,2
3679,3680,5,5
3680,3681,1,1
3681,3682,1,1
3682,3683,8,9
3683,3684,4,4
3684,3685,4,4
3685,3686,2,2
3686,3687,4,4
3687,3688,1,1
3688,3689,2,2
3689,3690,2,2
3691,3692,2,2
3692,3693,2,2
3693,3694,2,2
3695,3696,3,3
3696,3697,2,2
3697,3698,4,4
3698,3699,5,5
3699,3700,4,4
3700,3701,2,2
3701,3702,3,3
3702,3703,2,2
3703,3704,4,4
3704,3705,1,1
3706,3707,1,1
3707,3708,2,2
3709,3710,2,2
3710,3711,2,2
3711,3712,2,2
3712,3713,2,2
3713,3714,3,3
3714,3715,1,1
3715,3716,1,1
3716,3717,3,3
3717,3718,1,1
3718,3719,2,2
3719,3720,1,1
3720,3721,1,1
3721,3722,1,1
3722,3723,2,2
3723,3724,2,2
3724,3725,2,2
3725,3726,2,2
3728,3729,10,10
3729,3730,3,3
3730,3731,2,2
3731,3732,3,3
3732,3733,1,1
3733,3734,1,1
3734,3735,3,3
3735,3736,1,1
3736,3737,3,3
3738,3739,1,1
3739,3740,3,3
3740,3741,3,3
3741,3742,2,2
3742,3743,1,1
3743,3744,5,5
3744,3745,7,7
3745,3746,4,4
3746,3747,3,3
3747,3748,1,1
3749,3750,1,1
3750,3751,3,3
3751,3752,1,1
3752,3753,3,3
3753,3754,1,1
3755,3756,2,2
3756,3757,2,2
3757,3758,1,1
3758,3759,4,4
3759,3760,4,4
3760,3761,1,1
3761,3762,1,1
3762,3763,1,1
3763,3764,1,1
3764,3765,2,2
3765,3766,1,1
3766,3767,4,4
3768,3769,1,1
3769,3770,2,2
3770,3771,1,1
3771,3772,1,1
3772,3773,3,3
3773,3774,6,6
3774,3775,2,2
3775,3776,4,4
3776,3777,2,2
3777,3778,1,1
3779,3780,1,1
3780,3781,3,3
3781,3782,3,3
3782,3783,3,3
3787,3788,5,5
3788,3789,1,1
3789,3790,21,21
3790,3791,3,3
3792,3793,1,1
3793,3794,1,1
3794,3795,2,2
3795,3796,6,6
3796,3797,4,4
3797,3798,3,3
3798,3799,2,2
3799,3800,1,1
3800,3801,2,2
3801,3802,5,5
3802,3803,2,2
3803,3804,3,3
3804,3805,4,4
3805,3806,81,81
3806,3807,4,4
3807,3808,1,1
3808,3809,3,3
3809,3810,2,2
3812,3813,6,6
3813,3814,1,1
3815,3816,1,1
3816,3817,2,2
3817,3818,4,4
3818,3819,4,4
3819,3820,5,5
3820,3821,3,3
3821,3822,2,2
3822,3823,2,2
3824,3825,2,2
3825,3826,3,3
3826,3827,1,1
3828,3829,6,6
3829,3830,4,4
3830,3831,5,5
3831,3832,1,1
3832,3833,3,3
3833,3834,2,2
3834,3835,19,19
3835,3836,370,370
3836,3837,3,3
3837,3838,3,3
3838,3839,1,1
3839,3840,4,4
3841,3842,4,4
3842,3843,2,2
3843,3844,2,2
3845,3846,2,2
3846,3847,1,1
3848,3849,2,2
3849,3850,1,1
3850,3851,11,11
3851,3852,2,2
3852,3853,2,2
3853,3854,3,3
3854,3855,2,2
3855,3856,4,4
3856,3857,1,1
3857,3858,1,1
3858,3859,1,1
3859,3860,1,1
3860,3861,3,3
3861,3862,2,2
3862,3863,2,2
3863,3864,3,3
3864,3865,3,3
3865,3866,7,7
3866,3867,3,3
3867,3868,1,1
3868,3869,1,1
3870,3871,1,1
3873,3874,3,3
3874,3875,1,1
3876,3877,2,2
3878,3879,1,1
3879,3880,1,1
3880,3881,3,3
3881,3882,4,4
3882,3883,1,1
3883,3884,2,2
3884,3885,1,1
3885,3886,1,1
3886,3887,2,2
3889,3890,2,2
3891,3892,4,4
3893,3894,4,4
3894,3895,1,1
3895,3896,4,6
3896,3897,5,5
3897,3898,1,1
3898,3899,5,5
3899,3900,3,3
3900,3901,2,2
3901,3902,2,2
3902,3903,4,4
3903,3904,2,3
3904,3905,1,1
3905,3906,1,1
3907,3908,4,4
3908,3909,2,2
3909,3910,2,2
3910,3911,4,5
3911,3912,5,5
3912,3913,1,1
3913,3914,3,3
3916,3917,2,2
3918,3919,2,2
3920,3921,2,2
3921,3922,2,2
3922,3923,3,3
3924,3925,1,1
3925,3926,7,7
3926,3927,6,7
3927,3928,4,4
3928,3929,3,3
3929,3930,2,2
3930,3931,3,3
3931,3932,2,2
3933,3934,3,3
3934,3935,3,3
3935,3936,6,6
3936,3937,2,2
3937,3938,1,1
3939,3940,1,1
3940,3941,1,1
3941,3942,5,5
3942,3943,7,7
3945,3946,1,1
3946,3947,3,3
3948,3949,2,2
3950,3951,1,1
3953,3954,2,2
3954,3955,2,2
3955,3956,1,1
3956,3957,5,5
3957,3958,3,3
3958,3959,2,2
3959,3960,4,4
3960,3961,1,1
3961,3962,1,1
3962,3963,1,1
3963,3964,1,1
3965,3966,1,1
3966,3967,1,1
3967,3968,1,1
3968,3969,2,2
3969,3970,2,2
3970,3971,1,1
3971,3972,1,1
3972,3973,10,10
3973,3974,2,2
3974,3975,2,2
3975,3976,1,1
3977,3978,2,2
3978,3979,2,2
3980,3981,2,2
3981,3982,1,1
3982,3983,1,1
3983,3984,1,1
3984,3985,2,2
3986,3987,2,2
3987,3988,8,8
3988,3989,1,1
3991,3992,1,1
3992,3993,2,2
3993,3994,1,1
3994,3995,4,4
3995,3996,1,1
3997,3998,4,4
3999,4000,1,1
4000,4001,1,1
4001,4002,3,3
4002,4003,4,4
4003,4004,3,3
4004,4005,2,2
4005,4006,3,3
4006,4007,3,3
4007,4008,3,3
4008,4009,1,1
4009,4010,1,1
4011,4012,2,2
4012,4013,3,3
4013,4014,3,3
4015,4016,1,1
4016,4017,5,5
4017,4018,231,235
4018,4019,313,318
4019,4020,3,3
4020,4021,3,3
4021,4022,2,2
4022,4023,3,3
4023,4024,3,3
4024,4025,2,2
4026,4027,2,2
4027,4028,1,1
4029,4030,1,1
4030,4031,1,1
4031,4032,1,1
4032,4033,3,3
4033,4034,2,2
4034,4035,1,1
4035,4036,2,2
4036,4037,2,2
4037,4038,2,2
4038,4039,1,1
4039,4040,4,4
4040,4041,1,1
4041,4042,1,1
4042,4043,1,1
4043,4044,1,1
4044,4045,2,2
4045,4046,1,1
4047,4048,3,3
4049,4050,3,3
4050,4051,2,2
4051,4052,1,1
4052,4053,1,1
4053,4054,2,2
4054,4055,1,1
4055,4056,1,1
4057,4058,2,2
4059,4060,2,2
4062,4063,1,1
4063,4064,8,8
4064,4065,5,5
4065,4066,1,1
4066,4067,1,1
4067,4068,1,1
4069,4070,3,3
4070,4071,5,6
4071,4072,3,3
4072,4073,1,1
4073,4074,1,1
4074,4075,2,2
4075,4076,2,2
4076,4077,2,2
4077,4078,2,2
4078,4079,5,5
4079,4080,1,1
4080,4081,1,1
4081,4082,1,1
4082,4083,1,1
4083,4084,3,3
4084,4085,2,2
4085,4086,1,1
4086,4087,2,2
4088,4089,3,3
4089,4090,10,10
4092,4093,3,3
4093,4094,4,4
4094,4095,1,1
4095,4096,3,3
4096,4097,2,2
4097,4098,5,5
4098,4099,1,1
4099,4100,4,4
4100,4101,2,2
4101,4102,1,1
4103,4104,1,1
4104,4105,1,1
4105,4106,2,2
4106,4107,2,2
4107,4108,1,1
4108,4109,6,7
4109,4110,4,4
4110,4111,1,1
4111,4112,1,1
4112,4113,2,2
4113,4114,2,2
4115,4116,2,2
4117,4118,1,1
4119,4120,3,3
4120,4121,2,2
4121,4122,2,2
4122,4123,5,5
4123,4124,3,3
4124,4125,4,4
4126,4127,1,1
4127,4128,1,1
4128,4129,1,1
4131,4132,1,1
4132,4133,2,2
4133,4134,3,3
4134,4135,1,1
4135,4136,2,2
4136,4137,1,1
4137,4138,2,2
4138,4139,3,3
4139,4140,5,5
4140,4141,4,4
4141,4142,1,1
4142,4143,1,1
4143,4144,2,2
4144,4145,2,2
4145,4146,1,1
4146,4147,1,1
4147,4148,1,1
4148,4149,2,2
4149,4150,2,2
4150,4151,1,1
4151,4152,2,2
4152,4153,2,2
4153,4154,3,3
4154,4155,6,6
4155,4156,2,2
4156,4157,1,1
4157,4158,4,4
4158,4159,2,2
4159,4160,2,2
4160,4161,1,1
4161,4162,3,3
4163,4164,1,1
4165,4166,1,1
4166,4167,2,2
4168,4169,4,4
4169,4170,2,2
4170,4171,3,3
4171,4172,2,2
4172,4173,2,2
4173,4174,1,1
4176,4177,2,2
4177,4178,1,1
4178,4179,1,1
4179,4180,1,1
4181,4182,2,2
4182,4183,2,2
4183,4184,2,2
4184,4185,1,1
4185,4186,2,2
4186,4187,2,2
4187,4188,1,1
4188,4189,1,1
4191,4192,1,1
4192,4193,2,2
4193,4194,1,1
4194,4195,1,1
4197,4198,2,2
4198,4199,2,2
4199,4200,8,8
4200,4201,315,320
4201,4202,1,1
4202,4203,3,3
4203,4204,1,1
4204,4205,2,2
4205,4206,2,2
4207,4208,2,2
4209,4210,1,1
4211,4212,2,2
4212,4213,1,1
4213,4214,1,1
4214,4215,1,1
4216,4217,3,3
4217,4218,3,3
4219,4220,3,3
4223,4224,2,2
4225,4226,1,1
4229,4230,1,1
4230,4231,3,3
4231,4232,4,4
4232,4233,2,2
4233,4234,1,1
4237,4238,2,2
4238,4239,2,2
4240,4241,2,2
4241,4242,3,3
4242,4243,2,2
4243,4244,1,1
4244,4245,1,1
4245,4246,2,2
4246,4247,4,4
4247,4248,1,1
4248,4249,1,1
4250,4251,1,1
4251,4252,1,1
4253,4254,2,2
4254,4255,1,1
4255,4256,1,1
4256,4257,1,1
4257,4258,1,1
4258,4259,2,2
4259,4260,2,2
4260,4261,3,3
4261,4262,5,5
4262,4263,1,1
4263,4264,3,3
4264,4265,1,1
4266,4267,1,1
4267,4268,2,2
4268,4269,4,4
4269,4270,2,2
4271,4272,2,2
4273,4274,1,1
4275,4276,3,3
4276,4277,3,3
4277,4278,2,2
4278,4279,2,2
4280,4281,2,2
4281,4282,1,1
4283,4284,1,1
4285,4286,1,1
4289,4290,2,2
4291,4292,4,4
4292,4293,3,3
4293,4294,22,22
4295,4296,3,3
4300,4301,2,2
4301,4302,4,4
4302,4303,1,1
4304,4305,1,1
4305,4306,3,3
4306,4307,3,3
4307,4308,1,1
4309,4310,3,3
4310,4311,1,1
4311,4312,1,1
4312,4313,2,2
4313,4314,1,1
4315,4316,3,3
4316,4317,2,2
4317,4318,1,1
4318,4319,2,2
4320,4321,1,1
4321,4322,2,2
4322,4323,4,4
4323,4324,5,5
4324,4325,2,2
4326,4327,3,3
4327,4328,2,2
4328,4329,2,2
4329,4330,2,2
4332,4333,4,4
4333,4334,1,1
4334,4335,1,1
4336,4337,2,2
4337,4338,1,1
4338,4339,14,14
4339,4340,1,1
4341,4342,2,2
4342,4343,3,3
4344,4345,1,1
4345,4346,1,1
4346,4347,2,2
4347,4348,4,4
4349,4350,1,1
4350,4351,9,9
4351,4352,1,1
4352,4353,6,6
4353,4354,1,1
4354,4355,1,1
4355,4356,3,3
4356,4357,2,2
4358,4359,1,1
4359,4360,4,4
4360,4361,2,2
4361,4362,4,4
4363,4364,2,2
4364,4365,2,2
4365,4366,3,3
4366,4367,2,2
4367,4368,2,2
4369,4370,3,3
4370,4371,3,3
4371,4372,2,2
4372,4373,1,1
4373,4374,1,1
4375,4376,4,4
4376,4377,2,2
4377,4378,1,1
4378,4379,2,2
4379,4380,4,4
4380,4381,1,1
4382,4383,46,46
4383,4384,519,522
4384,4385,2,2
4385,4386,2,2
4387,4388,2,2
4388,4389,4,4
4389,4390,3,3
4390,4391,2,2
4391,4392,1,1
4392,4393,3,3
4393,4394,4,4
4394,4395,1,1
4396,4397,4,4
4397,4398,1,1
4398,4399,4,4
4399,4400,1,1
4400,4401,2,2
4401,4402,2,2
4402,4403,3,3
4403,4404,1,1
4404,4405,1,1
4405,4406,2,2
4406,4407,1,1
4407,4408,2,2
4408,4409,3,3
4410,4411,2,2
4411,4412,1,1
4412,4413,1,1
4413,4414,4,4
4414,4415,5,5
4415,4416,2,2
4416,4417,2,2
4417,4418,1,1
4419,4420,1,1
4420,4421,1,1
4421,4422,3,3
4422,4423,1,1
4423,4424,1,1
4424,4425,1,1
4425,4426,2,2
4426,4427,16,16
4427,4428,1,1
4428,4429,7,7
4429,4430,2,2
4430,4431,2,2
4431,4432,1,1
4432,4433,1,1
4434,4435,2,2
4435,4436,5,5
4436,4437,10,10
4437,4438,2,2
4439,4440,4,4
4440,4441,1,1
4442,4443,3,3
4443,4444,2,2
4444,4445,3,3
4446,4447,2,2
4448,4449,1,1
4449,4450,3,3
4451,4452,2,2
4453,4454,1,1
4454,4455,2,2
4455,4456,3,3
4457,4458,1,1
4458,4459,2,2
4459,4460,1,1
4460,4461,1,1
4464,4465,1,1
4466,4467,5,5
4467,4468,2,2
4468,4469,3,3
4469,4470,1,1
4471,4472,3,3
4473,4474,2,2
4474,4475,3,3
4475,4476,5,5
4476,4477,1,1
4477,4478,1,1
4478,4479,2,2
4479,4480,3,3
4480,4481,1,1
4481,4482,3,3
4482,4483,2,2
4483,4484,1,1
4484,4485,1,1
4487,4488,1,1
4489,4490,3,3
4491,4492,1,1
4493,4494,1,1
4496,4497,1,1
4497,4498,2,2
4499,4500,3,3
4500,4501,1,1
4501,4502,2,2
4503,4504,2,2
4504,4505,4,4
4509,4510,1,2
4510,4511,1,1
4517,4518,1,1
4519,4520,2,2
4520,4521,11,11
4522,4523,2,2
4525,4526,1,1
4527,4528,1,1
4529,4530,2,2
4530,4531,1,1
4531,4532,1,1
4532,4533,4,4
4533,4534,1,1
4534,4535,1,1
4535,4536,29,29
4536,4537,1,1
4538,4539,3,3
4540,4541,1,1
4542,4543,4,4
4543,4544,4,4
4545,4546,1,1
4546,4547,1,1
4547,4548,2,2
4548,4549,2,2
4550,4551,4,4
4551,4552,3,3
4552,4553,1,1
4553,4554,3,3
4554,4555,1,1
4556,4557,3,3
4557,4558,2,2
4558,4559,1,1
4560,4561,3,3
4561,4562,2,2
4562,4563,1,1
4563,4564,2,2
4564,4565,1,1
4565,4566,241,241
4566,4567,65,66
4567,4568,2,2
4568,4569,1,1
4569,4570,1,1
4571,4572,5,5
4572,4573,1,1
4573,4574,1,1
4574,4575,2,2
4575,4576,2,2
4576,4577,1,1
4577,4578,1,1
4578,4579,3,3
4579,4580,5,5
4581,4582,4,4
4582,4583,3,3
4583,4584,3,3
4585,4586,4,4
4586,4587,2,2
4587,4588,1,1
4588,4589,11,11
4590,4591,1,1
4593,4594,3,3
4594,4595,3,3
4595,4596,5,5
4599,4600,4,4
4601,4602,1,1
4602,4603,1,1
4603,4604,1,1
4604,4605,1,1
4605,4606,1,1
4606,4607,1,1
4607,4608,4,4
4609,4610,1,1
4610,4611,4,4
4611,4612,5,5
4612,4613,2,2
4613,4614,2,2
4616,4617,1,1
4617,4618,1,1
4618,4619,5,5
4621,4622,2,2
4623,4624,1,1
4624,4625,1,1
4625,4626,2,2
4626,4627,5,5
4628,4629,2,2
4629,4630,6,6
4630,4631,3,3
4631,4632,6,6
4633,4634,1,1
4635,4636,1,1
4638,4639,1,1
4640,4641,2,2
4641,4642,1,1
4642,4643,3,3
4643,4644,2,2
4644,4645,2,2
4645,4646,2,2
4646,4647,1,1
4647,4648,1,1
4648,4649,3,3
4650,4651,2,2
4651,4652,2,2
4652,4653,2,2
4653,4654,1,1
4654,4655,2,2
4655,4656,3,3
4656,4657,9,9
4657,4658,4,4
4658,4659,6,6
4659,4660,1,1
4660,4661,334,334
4662,4663,2,2
4663,4664,1,1
4664,4665,1,1
4665,4666,1,1
4668,4669,1,1
4669,4670,1,1
4671,4672,2,2
4672,4673,3,3
4673,4674,1,1
4676,4677,1,1
4678,4679,2,2
4680,4681,2,2
4681,4682,1,1
4682,4683,1,1
4683,4684,2,2
4684,4685,1,1
4685,4686,3,3
4687,4688,4,5
4689,4690,2,2
4691,4692,1,1
4693,4694,1,1
4694,4695,2,2
4695,4696,1,1
4696,4697,1,1
4697,4698,3,3
4698,4699,1,1
4699,4700,2,2
4700,4701,2,2
4701,4702,2,2
4702,4703,3,3
4703,4704,2,2
4705,4706,4,4
4706,4707,1,1
4707,4708,1,1
4708,4709,3,3
4710,4711,1,1
4711,4712,2,2
4713,4714,2,2
4714,4715,1,1
4715,4716,4,4
4716,4717,1,1
4717,4718,6,6
4718,4719,1,1
4721,4722,2,2
4722,4723,1,1
4726,4727,1,1
4727,4728,1,1
4728,4729,1,1
4729,4730,1,1
4731,4732,2,2
4732,4733,4,4
4733,4734,2,2
4735,4736,3,3
4737,4738,2,2
4742,4743,1,1
4744,4745,2,2
4745,4746,1,1
4746,4747,1,1
4747,4748,19,19
4748,4749,574,577
4749,4750,36,36
4750,4751,2,2
4751,4752,3,3
4753,4754,1,1
4754,4755,3,3
4755,4756,1,1
4756,4757,1,1
4757,4758,2,2
4759,4760,2,3
4760,4761,1,1
4761,4762,4,4
4763,4764,2,2
4764,4765,3,3
4765,4766,1,1
4766,4767,1,1
4767,4768,2,2
4768,4769,3,3
4770,4771,1,1
4773,4774,1,1
4774,4775,1,1
4775,4776,1,1
4776,4777,1,1
4777,4778,2,2
4778,4779,7,7
4779,4780,3,3
4780,4781,2,2
4781,4782,1,1
4783,4784,1,1
4784,4785,1,1
4788,4789,1,1
4791,4792,1,1
4792,4793,1,1
4793,4794,3,3
4794,4795,2,3
4795,4796,2,2
4796,4797,1,1
4797,4798,1,1
4798,4799,1,1
4799,4800,2,2
4800,4801,1,1
4802,4803,1,1
4803,4804,3,3
4804,4805,1,1
4805,4806,2,2
4807,4808,1,1
4808,4809,6,6
4809,4810,2,2
4810,4811,1,1
4812,4813,1,1
4813,4814,1,1
4816,4817,1,1
4817,4818,2,2
4818,4819,1,1
4823,4824,3,3
4824,4825,2,2
4825,4826,1,1
4826,4827,3,3
4827,4828,2,2
4828,4829,1,1
4830,4831,1,1
4831,4832,9,9
4832,4833,2,2
4833,4834,6,6
4834,4835,2,2
4835,4836,2,2
4836,4837,3,3
4837,4838,1,1
4838,4839,4,4
4839,4840,3,3
4840,4841,1,1
4841,4842,2,2
4844,4845,1,1
4847,4848,1,1
4848,4849,1,1
4850,4851,2,2
4851,4852,1,1
4853,4854,2,2
4854,4855,5,5
4856,4857,1,1
4858,4859,2,2
4860,4861,1,1
4862,4863,1,2
4864,4865,2,2
4867,4868,1,1
4869,4870,1,1
4870,4871,2,2
4871,4872,2,2
4873,4874,1,1
4874,4875,2,2
4875,4876,3,3
4878,4879,2,2
4879,4880,1,1
4880,4881,2,2
4881,4882,1,1
4882,4883,2,2
4883,4884,3,3
4885,4886,2,2
4886,4887,3,3
4887,4888,3,3
4888,4889,1,1
4889,4890,1,1
4892,4893,1,1
4893,4894,1,1
4896,4897,3,3
4897,4898,1,1
4899,4900,2,2
4900,4901,3,3
4901,4902,2,2
4903,4904,1,1
4904,4905,1,1
4906,4907,2,2
4909,4910,1,1
4910,4911,3,3
4913,4914,1,1
4914,4915,3,3
4915,4916,1,1
4916,4917,3,3
4918,4919,1,1
4919,4920,1,1
4921,4922,1,1
4922,4923,1,1
4924,4925,1,1
4925,4926,1,2
4926,4927,2,2
4927,4928,1,1
4930,4931,72,73
4931,4932,177,178
4932,4933,1,1
4933,4934,1,1
4937,4938,1,1
4941,4942,1,1
4942,4943,1,1
4943,4944,3,3
4946,4947,3,3
4948,4949,2,2
4950,4951,1,1
4952,4953,1,1
4953,4954,1,1
4954,4955,1,1
4956,4957,1,1
4957,4958,3,3
4959,4960,1,1
4960,4961,3,3
4961,4962,3,3
4963,4964,1,1
4965,4966,1,1
4967,4968,2,2
4968,4969,1,1
4969,4970,2,2
4970,4971,2,2
4971,4972,1,1
4972,4973,2,2
4975,4976,1,1
4976,4977,8,8
4982,4983,1,1
4985,4986,1,1
4986,4987,1,1
4987,4988,1,1
4988,4989,2,2
4990,4991,1,1
4991,4992,1,1
4993,4994,4,4
4994,4995,1,1
4995,4996,1,1
4997,4998,1,1
5000,5001,4,4
5001,5002,1,1
5003,5004,1,1
5004,5005,1,1
5005,5006,2,2
5007,5008,1,1
5008,5009,1,1
5009,5010,1,1
5010,5011,2,2
5013,5014,1,1
5014,5015,1,1
5015,5016,1,1
5017,5018,2,2
5020,5021,1,1
5021,5022,2,2
5022,5023,2,2
5023,5024,3,3
5025,5026,1,1
5026,5027,1,1
5027,5028,1,1
5030,5031,2,2
5031,5032,1,1
5032,5033,3,3
5035,5036,2,2
5037,5038,2,2
5038,5039,2,2
5039,5040,2,2
5041,5042,1,1
5043,5044,2,2
5045,5046,1,1
5047,5048,1,1
5052,5053,3,3
5053,5054,3,3
5056,5057,2,2
5061,5062,1,1
5065,5066,1,1
5066,5067,2,2
5067,5068,3,3
5068,5069,14,14
5069,5070,2,2
5071,5072,2,2
5072,5073,2,2
5074,5075,2,2
5075,5076,1,1
5077,5078,1,1
5079,5080,2,2
5080,5081,1,1
5081,5082,1,1
5082,5083,2,2
5083,5084,4,4
5085,5086,2,2
5086,5087,2,2
5087,5088,2,2
5088,5089,1,1
5089,5090,2,2
5092,5093,2,2
5093,5094,1,1
5094,5095,1,1
5095,5096,1,1
5097,5098,1,1
5098,5099,4,4
5099,5100,1,1
5100,5101,3,3
5102,5103,2,2
5103,5104,3,3
5106,5107,2,2
5107,5108,1,1
5110,5111,4,4
5111,5112,2,2
5112,5113,4,4
5113,5114,328,329
5114,5115,49,49
5115,5116,1,1
5116,5117,1,1
5119,5120,1,1
5120,5121,1,1
5122,5123,1,1
5124,5125,1,1
5125,5126,4,4
5126,5127,2,2
5127,5128,1,1
5129,5130,2,2
5133,5134,1,1
5134,5135,1,1
5135,5136,1,1
5138,5139,1,1
5139,5140,2,2
5142,5143,1,1
5143,5144,2,2
5145,5146,3,3
5146,5147,1,2
5147,5148,1,1
5148,5149,2,2
5152,5153,1,1
5157,5158,1,1
5158,5159,5,5
5159,5160,3,3
5160,5161,1,1
5161,5162,2,2
5168,5169,1,1
5169,5170,1,1
5170,5171,1,1
5171,5172,1,1
5172,5173,1,1
5173,5174,4,4
5174,5175,4,4
5175,5176,3,3
5178,5179,1,1
5179,5180,2,2
5180,5181,1,1
5181,5182,1,1
5182,5183,1,1
5184,5185,3,3
5186,5187,1,1
5187,5188,1,1
5189,5190,5,5
5190,5191,3,3
5191,5192,2,2
5192,5193,1,1
5193,5194,6,6
5195,5196,1,1
5196,5197,3,3
5197,5198,2,2
5198,5199,1,1
5200,5201,1,1
5203,5204,1,1
5204,5205,4,4
5205,5206,3,3
5206,5207,1,1
5207,5208,1,1
5208,5209,2,2
5209,5210,2,2
5210,5211,1,1
5212,5213,2,2
5215,5216,1,1
5218,5219,1,1
5219,5220,4,4
5220,5221,4,4
5221,5222,2,2
5222,5223,1,1
5224,5225,1,1
5225,5226,1,1
5226,5227,1,1
5231,5232,3,4
5233,5234,1,1
5234,5235,1,1
5235,5236,5,5
5236,5237,2,2
5243,5244,2,2
5244,5245,2,2
5246,5247,3,3
5248,5249,1,1
5249,5250,1,1
5250,5251,7,7
5251,5252,8,8
5252,5253,1,1
5253,5254,1,1
5255,5256,2,2
5257,5258,2,2
5258,5259,2,2
5259,5260,1,1
5260,5261,1,1
5261,5262,1,1
5262,5263,1,1
5263,5264,1,1
5264,5265,2,2
5265,5266,2,2
5266,5267,22,22
5267,5268,2,2
5268,5269,1,1
5270,5271,1,1
5271,5272,2,2
5272,5273,2,2
5273,5274,2,2
5274,5275,1,1
5275,5276,3,3
5278,5279,2,2
5279,5280,1,1
5280,5281,4,4
5281,5282,1,1
5282,5283,1,1
5285,5286,2,2
5286,5287,1,1
5288,5289,1,1
5289,5290,1,1
5291,5292,2,2
5292,5293,1,1
5295,5296,12,12
5296,5297,200,201
5297,5298,1,1
5299,5300,2,2
5300,5301,2,2
5301,5302,2,2
5302,5303,4,4
5303,5304,1,1
5304,5305,1,1
5305,5306,3,3
5306,5307,4,4
5309,5310,1,1
5310,5311,2,2
5311,5312,1,1
5312,5313,1,1
5314,5315,1,1
5315,5316,1,1
5318,5319,2,2
5319,5320,1,1
5321,5322,3,3
5322,5323,1,1
5324,5325,1,1
5325,5326,1,1
5326,5327,2,2
5327,5328,2,2
5328,5329,1,1
5329,5330,1,1
5332,5333,1,1
5334,5335,1,1
5335,5336,1,1
5336,5337,2,2
5339,5340,1,1
5341,5342,1,1
5342,5343,3,3
5344,5345,2,2
5346,5347,1,1
5348,5349,3,3
5349,5350,1,1
5351,5352,1,1
5356,5357,2,2
5357,5358,2,2
5358,5359,1,1
5359,5360,3,3
5360,5361,1,1
5362,5363,2,2
5363,5364,2,2
5366,5367,1,1
5367,5368,1,1
5368,5369,1,1
5369,5370,1,1
5370,5371,1,1
5372,5373,3,3
5375,5376,2,2
5376,5377,1,1
5378,5379,1,1
5379,5380,2,2
5381,5382,1,1
5382,5383,2,2
5384,5385,1,1
5385,5386,1,1
5388,5389,2,2
5389,5390,2,2
5390,5391,1,1
5396,5397,1,1
5397,5398,1,1
5400,5401,2,2
5401,5402,3,3
5402,5403,3,3
5404,5405,1,1
5405,5406,2,2
5406,5407,3,3
5409,5410,1,1
5410,5411,1,1
5412,5413,1,1
5413,5414,1,1
5414,5415,2,2
5418,5419,2,2
5419,5420,1,1
5420,5421,1,1
5421,5422,1,1
5423,5424,1,2
5424,5425,3,3
5425,5426,4,4
5426,5427,1,1
5427,5428,2,2
5428,5429,1,1
5430,5431,1,1
5431,5432,1,1
5432,5433,1,1
5433,5434,3,3
5434,5435,3,3
5437,5438,2,2
5438,5439,2,2
5439,5440,2,2
5443,5444,1,1
5448,5449,7,7
5449,5450,3,3
5450,5451,1,1
5454,5455,1,1
5456,5457,3,3
5457,5458,1,1
5458,5459,2,2
5460,5461,1,1
5461,5462,17,17
5463,5464,2,2
5464,5465,2,2
5465,5466,2,2
5467,5468,2,2
5474,5475,2,2
5475,5476,2,2
5476,5477,1,1
5477,5478,1,1
5478,5479,182,185
5479,5480,201,202
5480,5481,4,4
5481,5482,1,1
5483,5484,1,1
5484,5485,1,1
5485,5486,2,2
5486,5487,1,1
5487,5488,2,2
5489,5490,2,2
5490,5491,1,1
5491,5492,3,3
5493,5494,1,1
5494,5495,5,5
5495,5496,2,2
5498,5499,2,2
5499,5500,2,2
5502,5503,2,2
5504,5505,1,1
5506,5507,1,1
5508,5509,3,3
5509,5510,1,1
5511,5512,2,2
5514,5515,2,2
5516,5517,1,1
5520,5521,1,1
5522,5523,2,2
5523,5524,2,2
5524,5525,1,1
5525,5526,2,2
5526,5527,1,1
5530,5531,2,2
5531,5532,1,1
5532,5533,2,2
5533,5534,2,2
5534,5535,1,1
5535,5536,4,4
5538,5539,3,3
5539,5540,5,5
5540,5541,2,2
5541,5542,1,1
5545,5546,4,4
5547,5548,2,2
5548,5549,1,1
5549,5550,1,1
5554,5555,2,2
5556,5557,2,2
5558,5559,1,1
5559,5560,1,1
5561,5562,5,5
5563,5564,1,1
5564,5565,1,1
5566,5567,2,2
5568,5569,2,2
5569,5570,2,2
5570,5571,4,4
5571,5572,1,1
5572,5573,1,1
5573,5574,1,1
5574,5575,1,1
5575,5576,1,1
5576,5577,2,4
5577,5578,1,1
5578,5579,2,2
5580,5581,1,1
5581,5582,1,1
5583,5584,1,1
5585,5586,1,1
5588,5589,1,1
5592,5593,1,1
5593,5594,1,1
5594,5595,1,1
5595,5596,1,1
5596,5597,1,1
5598,5599,1,1
5599,5600,2,2
5604,5605,3,3
5607,5608,3,3
5608,5609,1,1
5611,5612,1,1
5613,5614,1,1
5614,5615,1,1
5615,5616,3,3
5617,5618,2,2
5618,5619,2,2
5621,5622,1,1
5624,5625,1,1
5627,5628,2,2
5630,5631,1,1
5631,5632,2,2
5633,5634,1,1
5638,5639,2,2
5639,5640,2,3
5640,5641,1,1
5642,5643,1,1
5645,5646,1,1
5646,5647,2,2
5649,5650,1,1
5653,5654,1,1
5654,5655,1,1
5659,5660,1,1
5660,5661,4,4
5661,5662,202,203
5662,5663,2,2
5664,5665,1,1
5666,5667,2,2
5667,5668,1,1
5668,5669,1,1
5669,5670,2,2
5670,5671,1,1
5672,5673,2,2
5675,5676,2,2
5676,5677,1,1
5677,5678,2,2
5678,5679,2,2
5679,5680,2,2
5681,5682,1,1
5685,5686,1,1
5686,5687,2,2
5687,5688,1,1
5688,5689,1,1
5691,5692,4,4
5692,5693,1,1
5693,5694,1,1
5695,5696,1,1
5696,5697,1,1
5697,5698,1,2
5698,5699,1,1
5699,5700,2,2
5700,5701,1,1
5704,5705,2,2
5707,5708,2,2
5708,5709,1,1
5709,5710,1,1
5710,5711,1,1
5711,5712,1153,1153
5714,5715,2,2
5717,5718,1,1
5719,5720,1,1
5720,5721,1,1
5721,5722,2,2
5722,5723,2,2
5723,5724,1,1
5725,5726,1,1
5727,5728,3,3
5728,5729,1,1
5730,5731,1,1
5731,5732,2,2
5732,5733,1,1
5737,5738,3,3
5739,5740,1,1
5741,5742,1,1
5743,5744,1,1
5744,5745,3,3
5745,5746,1,1
5746,5747,1,1
5747,5748,1,1
5748,5749,1,1
5749,5750,1,1
5750,5751,1,1
5751,5752,2,2
5752,5753,3,3
5755,5756,8,8
5756,5757,1,1
5760,5761,1,1
5763,5764,1,1
5769,5770,3,3
5770,5771,1,1
5772,5773,1,1
5773,5774,1,1
5778,5779,1,1
5779,5780,3,3
5783,5784,3,3
5787,5788,1,1
5788,5789,1,1
5789,5790,1,1
5791,5792,1,1
5792,5793,1,1
5798,5799,3,3
5799,5800,12,12
5801,5802,1,1
5802,5803,1,1
5805,5806,1,1
5806,5807,1,1
5807,5808,7,7
5808,5809,2,2
5809,5810,1,1
5813,5814,4,4
5814,5815,1,1
5815,5816,1,1
5816,5817,2,2
5818,5819,1,1
5819,5820,1,1
5820,5821,1,1
5821,5822,1,1
5825,5826,1,1
5826,5827,1,1
5827,5828,1,1
5828,5829,1,1
5829,5830,2,2
5830,5831,1,1
5831,5832,1,1
5834,5835,1,1
5835,5836,3,3
5836,5837,2,2
5839,5840,1,1
5841,5842,2,2
5842,5843,1,1
5843,5844,24,25
5844,5845,243,243
5845,5846,1,1
5847,5848,2,2
5849,5850,2,2
5854,5855,1,1
5856,5857,11,11
5858,5859,1,1
5859,5860,2,2
5862,5863,2,2
5865,5866,1,1
5867,5868,1,1
5868,5869,1,1
5872,5873,2,2
5873,5874,5,5
5874,5875,1,1
5880,5881,1,1
5881,5882,1,1
5882,5883,1,1
5885,5886,1,1
5886,5887,1,1
5888,5889,1,1
5889,5890,2,2
5890,5891,3,3
5892,5893,2,2
5894,5895,1,1
5896,5897,1,1
5897,5898,1,1
5899,5900,1,1
5904,5905,5,5
5907,5908,1,1
5908,5909,1,1
5909,5910,2,4
5910,5911,1,1
5911,5912,1,1
5912,5913,2,2
5915,5916,8,8
5919,5920,1,1
5920,5921,1,1
5923,5924,1,1
5924,5925,2,2
5925,5926,1,1
5927,5928,4,4
5928,5929,1,1
5929,5930,1,1
5930,5931,2,2
5931,5932,1,1
5932,5933,2,2
5933,5934,2,2
5934,5935,2,2
5935,5936,1,1
5938,5939,2,2
5939,5940,2,2
5942,5943,1,1
5944,5945,1,1
5947,5948,1,1
5949,5950,1,1
5950,5951,2,2
5951,5952,2,2
5953,5954,2,2
5954,5955,1,1
5955,5956,2,2
5956,5957,1,1
5957,5958,3,3
5960,5961,1,1
5962,5963,1,1
5963,5964,4,4
5964,5965,1,1
5965,5966,2,2
5966,5967,3,3
5968,5969,1,1
5970,5971,2,2
5971,5972,1,1
5976,5977,2,2
5978,5979,2,2
5980,5981,1,1
5981,5982,2,2
5982,5983,1,1
5986,5987,2,2
5987,5988,1,1
5991,5992,1,1
5995,5996,2,2
5996,5997,1,1
5999,6000,1,1
6001,6002,1,1
6007,6008,1,1
6009,6010,1,1
6010,6011,2,2
6011,6012,2,2
6012,6013,1,1
6016,6017,1,1
6021,6022,3,3
6023,6024,2,2
6025,6026,1,1
6026,6027,131,133
6027,6028,38,38
6028,6029,1,1
6032,6033,1,1
6036,6037,1,1
6040,6041,1,1
6041,6042,2,2
6042,6043,3,3
6045,6046,1,1
6046,6047,2,2
6048,6049,2,2
6049,6050,1,1
6050,6051,1,1
6052,6053,1,1
6053,6054,1,1
6054,6055,1,1
6056,6057,4,4
6058,6059,3,3
6060,6061,2,2
6062,6063,2,2
6063,6064,1,1
6064,6065,2,2
6066,6067,3,3
6071,6072,1,1
6072,6073,1,1
6076,6077,2,2
6079,6080,1,1
6085,6086,1,1
6089,6090,2,2
6092,6093,1,1
6098,6099,2,2
6099,6100,1,1
6102,6103,1,1
6103,6104,1,1
6104,6105,1,1
6110,6111,1,1
6117,6118,1,1
6118,6119,3,3
6120,6121,1,1
6122,6123,1,1
6124,6125,1,1
6127,6128,1,1
6129,6130,1,1
6130,6131,1,1
6132,6133,3,3
6133,6134,2,2
6139,6140,1,1
6140,6141,1,1
6142,6143,2,2
6146,6147,3,3
6149,6150,4,4
6150,6151,2,2
6154,6155,1,1
6156,6157,1,1
6159,6160,1,1
6163,6164,3,3
6164,6165,2,2
6168,6169,1,1
6169,6170,1,1
6173,6174,3,3
6176,6177,3,3
6178,6179,2,2
6185,6186,1,1
6186,6187,1,1
6187,6188,2,2
6189,6190,2,2
6190,6191,2,2
6193,6194,1,1
6196,6197,1,1
6197,6198,1,1
6199,6200,2,2
6201,6202,1,1
6203,6204,1,1
6205,6206,1,1
6206,6207,1,1
6208,6209,12,12
6209,6210,209,210
6210,6211,17,17
6211,6212,1,1
6214,6215,1,1
6217,6218,1,1
6219,6220,1,1
6220,6221,1,1
6221,6222,1,1
6223,6224,1,1
6224,6225,2,2
6225,6226,2,2
6228,6229,2,2
6230,6231,7,7
6237,6238,2,2
6238,6239,1,1
6240,6241,1,1
6241,6242,1,1
6243,6244,1,1
6246,6247,1,1
6247,6248,1,1
6252,6253,1,1
6254,6255,1,1
6255,6256,1,1
6256,6257,2,2
6258,6259,1,1
6259,6260,1,1
6260,6261,1,1
6261,6262,3,3
6262,6263,1,1
6264,6265,1,1
6265,6266,2,2
6266,6267,1,1
6271,6272,1,1
6272,6273,1,1
6274,6275,1,1
6278,6279,2,2
6280,6281,22,22
6283,6284,1,1
6284,6285,1,1
6285,6286,2,2
6286,6287,2,2
6288,6289,1,1
6289,6290,2,2
6290,6291,4,4
6291,6292,3,3
6293,6294,1,1
6298,6299,1,1
6300,6301,2,2
6301,6302,2,2
6303,6304,2,2
6304,6305,1,1
6305,6306,3,3
6308,6309,1,1
6309,6310,1,1
6311,6312,2,2
6314,6315,1,1
6315,6316,1,1
6316,6317,2,2
6320,6321,1,1
6323,6324,1,1
6324,6325,1,1
6330,6331,2,2
6331,6332,1,1
6332,6333,1,1
6335,6336,4,4
6339,6340,1,1
6341,6342,1,1
6346,6347,2,2
6352,6353,1,1
6354,6355,1,1
6357,6358,1,1
6358,6359,1,1
6360,6361,2,2
6361,6362,1,1
6362,6363,1,1
6363,6364,1,1
6365,6366,2,2
6366,6367,2,2
6368,6369,1,1
6369,6370,1,1
6371,6372,1,1
6374,6375,1,1
6375,6376,3,3
6376,6377,1,1
6383,6384,3,3
6385,6386,1,1
6390,6391,1,1
6391,6392,77,77
6392,6393,72,72
6397,6398,2,2
6398,6399,1,1
6399,6400,1,1
6403,6404,1,1
6404,6405,1,1
6405,6406,1,1
6407,6408,1,1
6412,6413,2,2
6414,6415,2,2
6419,6420,2,2
6421,6422,1,1
6422,6423,2,2
6426,6427,1,1
6427,6428,1,1
6429,6430,1,1
6430,6431,1,1
6431,6432,2,2
6437,6438,1,1
6438,6439,4,4
6441,6442,1,1
6442,6443,4,4
6444,6445,26,26
6446,6447,2,2
6448,6449,1,1
6451,6452,1,1
6453,6454,1,1
6455,6456,1,1
6462,6463,1,1
6467,6468,2,2
6469,6470,1,1
6472,6473,2,2
6473,6474,1,1
6476,6477,1,1
6479,6480,1,1
6482,6483,2,2
6483,6484,3,3
6485,6486,3,3
6487,6488,1,1
6489,6490,1,1
6491,6492,1,1
6492,6493,1,1
6494,6495,1,1
6495,6496,1,1
6501,6502,1,1
6502,6503,8,8
6504,6505,1,1
6507,6508,1,1
6514,6515,1,1
6515,6516,1,1
6516,6517,1,1
6517,6518,1,1
6518,6519,1,1
6523,6524,11,11
6525,6526,1,1
6528,6529,3,3
6529,6530,4,4
6534,6535,1,1
6535,6536,6,6
6538,6539,1,1
6540,6541,1,1
6543,6544,1,1
6544,6545,2,2
6545,6546,2,2
6546,6547,1,1
6547,6548,1,1
6548,6549,1,1
6551,6552,1,1
6552,6553,3,3
6554,6555,2,2
6556,6557,1,1
6559,6560,3,3
6561,6562,1,1
6565,6566,1,1
6566,6567,1,1
6567,6568,1,1
6570,6571,4,4
6572,6573,1,1
6573,6574,1,1
6574,6575,193,195
6575,6576,24,24
6576,6577,3,3
6579,6580,2,2
6580,6581,2,2
6582,6583,1,1
6589,6590,2,2
6590,6591,3,3
6592,6593,1,1
6593,6594,2,2
6596,6597,1,1
6598,6599,1,1
6601,6602,1,1
6605,6606,4,7
6606,6607,1,1
6607,6608,2,2
6611,6612,1,1
6615,6616,1,1
6616,6617,1,1
6620,6621,3,3
6621,6622,1,1
6623,6624,2,2
6625,6626,2,2
6627,6628,1,1
6628,6629,1,1
6631,6632,1,1
6634,6635,2,2
6637,6638,1,1
6638,6639,1,1
6639,6640,1,1
6641,6642,1,1
6642,6643,1,1
6644,6645,1,1
6646,6647,1,1
6647,6648,1,1
6649,6650,1,1
6650,6651,1,1
6651,6652,1,1
6654,6655,2,2
6656,6657,1,1
6657,6658,1,1
6658,6659,1,1
6660,6661,1,1
6663,6664,1,1
6664,6665,2,2
6665,6666,3,3
6666,6667,1,1
6681,6682,2,2
6684,6685,1,1
6685,6686,2,2
6687,6688,1,1
6689,6690,1,1
6691,6692,2,2
6695,6696,4,4
6696,6697,3,3
6697,6698,2,2
6699,6700,1,1
6704,6705,2,2
6705,6706,1,1
6715,6716,1,1
6716,6717,1,1
6718,6719,1,1
6719,6720,1,1
6727,6728,2,2
6737,6738,1,1
6739,6740,1,1
6743,6744,1,1
6744,6745,2,2
6745,6746,3,3
6746,6747,1,1
6752,6753,1,1
6756,6757,12,12
6757,6758,144,145
6761,6762,2,2
6762,6763,1,1
6770,6771,1,1
6771,6772,2,2
6777,6778,1,1
6783,6784,1,1
6789,6790,1,1
6790,6791,1,1
6792,6793,1,1
6793,6794,1,1
6800,6801,3,3
6801,6802,1,1
6803,6804,1,1
6808,6809,2,4
6810,6811,1,1
6814,6815,1,1
6816,6817,1,1
6817,6818,1,1
6820,6821,1,1
6823,6824,1,1
6824,6825,1,1
6830,6831,1,1
6835,6836,1,1
6840,6841,1,1
6846,6847,1,1
6847,6848,1,1
6848,6849,1,1
6849,6850,2,2
6851,6852,1,1
6852,6853,1,1
6853,6854,1,1
6856,6857,2,2
6860,6861,1,1
6862,6863,1,1
6863,6864,2,2
6864,6865,1,1
6865,6866,1,1
6866,6867,1,1
6871,6872,1,1
6875,6876,1,1
6878,6879,1,1
6879,6880,2,2
6881,6882,1,1
6882,6883,1,1
6884,6885,1,1
6888,6889,1,1
6895,6896,2,2
6897,6898,1,1
6898,6899,1,1
6904,6905,1,1
6905,6906,1,1
6909,6910,2,2
6910,6911,1,1
6912,6913,2,2
6919,6920,2,2
6923,6924,1,1
6927,6928,2,2
6932,6933,1,1
6933,6934,1,1
6937,6938,1,1
6938,6939,2,2
6939,6940,145,145
6940,6941,111,112
6944,6945,2,2
6946,6947,1,1
6949,6950,1,1
6955,6956,3,3
6957,6958,1,1
6960,6961,1,1
6966,6967,2,2
6968,6969,1,1
6969,6970,2,2
6970,6971,1,1
6973,6974,2,2
6977,6978,1,1
6979,6980,1,1
6981,6982,1,1
6985,6986,1,1
6990,6991,1,1
6991,6992,2,2
7000,7001,2,2
7001,7002,1,1
7002,7003,2,2
7009,7010,1,1
7014,7015,1,1
7015,7016,1,1
7019,7020,2,2
7022,7023,1,1
7023,7024,1,1
7030,7031,5,6
7033,7034,2,2
7034,7035,1,1
7036,7037,1,1
7040,7041,2,2
7042,7043,1,1
7047,7048,1,1
7049,7050,1,1
7053,7054,1,1
7054,7055,1,1
7058,7059,1,1
7061,7062,1,1
7062,7063,1,1
7063,7064,1,1
7064,7065,1,1
7068,7069,1,1
7075,7076,1,1
7076,7077,1,1
7091,7092,1,1
7093,7094,1,1
7094,7095,3,3
7098,7099,1,1
7102,7103,1,1
7103,7104,1,1
7104,7105,1,1
7109,7110,1,1
7114,7115,1,1
7116,7117,1,1
7118,7119,1,1
7121,7122,12,12
7122,7123,126,126
7125,7126,1,1
7127,7128,1,1
7128,7129,2,2
7130,7131,1,1
7132,7133,1,1
7133,7134,1,1
7137,7138,1,1
7139,7140,1,2
7140,7141,1,1
7147,7148,2,2
7150,7151,1,1
7153,7154,1,1
7160,7161,1,1
7164,7165,1,1
7165,7166,2,2
7177,7178,1,1
7179,7180,2,2
7180,7181,1,1
7181,7182,1,1
7183,7184,2,2
7184,7185,1,1
7185,7186,1,1
7192,7193,1,1
7193,7194,5,5
7197,7198,1,1
7198,7199,1,1
7199,7200,1,1
7200,7201,1,1
7201,7202,88,88
7210,7211,1,1
7212,7213,1,1
7213,7214,2,2
7214,7215,1,1
7218,7219,1,1
7219,7220,2,2
7224,7225,1,1
7225,7226,1,1
7226,7227,1,1
7228,7229,4,4
7229,7230,2,2
7231,7232,1,1
7234,7235,1,1
7238,7239,1,1
7243,7244,2,2
7244,7245,2,2
7246,7247,1,1
7253,7254,2,2
7254,7255,2,2
7256,7257,1,1
7259,7260,1,1
7265,7266,1,1
7269,7270,1,1
7270,7271,1,1
7273,7274,1,1
7274,7275,3,3
7278,7279,1,1
7281,7282,2,2
7283,7284,1,1
7284,7285,1,1
7288,7289,1,1
7289,7290,1,1
7295,7296,2,2
7296,7297,1,1
7299,7300,1,1
7304,7305,36,36
7305,7306,171,171
7306,7307,1,1
7307,7308,1,1
7309,7310,1,1
7311,7312,2,2
7313,7314,1,1
7315,7316,1,1
7316,7317,2,2
7318,7319,1,1
7319,7320,1,1
7320,7321,4,4
7321,7322,1,1
7322,7323,1,1
7330,7331,2,2
7333,7334,1,1
7336,7337,3,3
7342,7343,1,1
7344,7345,1,1
7347,7348,1,1
7350,7351,3,3
7351,7352,1,1
7365,7366,1,1
7366,7367,1,1
7367,7368,1,1
7370,7371,1,1
7374,7375,1,1
7378,7379,1,2
7379,7380,1,1
7381,7382,1,1
7382,7383,1,1
7383,7384,1,1
7385,7386,2,2
7388,7389,1,1
7391,7392,1,1
7393,7394,1,1
7395,7396,2,2
7397,7398,2,2
7401,7402,1,1
7406,7407,1,1
7411,7412,2,2
7412,7413,1,1
7416,7417,1,1
7418,7419,1,1
7422,7423,1,1
7423,7424,1,1
7424,7425,1,1
7425,7426,1,1
7426,7427,1,1
7434,7435,1,1
7435,7436,1,1
7442,7443,3,3
7443,7444,1,1
7445,7446,1,1
7456,7457,1,1
7459,7460,1,1
7462,7463,3,3
7469,7470,1,1
7470,7471,1,1
7471,7472,2,2
7473,7474,1,1
7474,7475,2,2
7480,7481,1,1
7482,7483,2,2
7486,7487,2,2
7487,7488,103,103
7488,7489,22,22
7493,7494,1,1
7494,7495,1,1
7495,7496,2,2
7496,7497,1,1
7502,7503,1,1
7503,7504,1,1
7504,7505,1,1
7505,7506,1,1
7508,7509,1,1
7512,7513,1,1
7518,7519,1,1
7530,7531,2,2
7532,7533,1,1
7533,7534,2,2
7534,7535,1,1
7538,7539,1,1
7539,7540,1,1
7541,7542,1,1
7548,7549,2,2
7550,7551,2,2
7552,7553,1,1
7553,7554,1,1
7554,7555,1,1
7556,7557,2,2
7558,7559,1,1
7561,7562,1,1
7564,7565,2,2
7565,7566,1,1
7570,7571,1,1
7575,7576,1,1
7578,7579,1,1
7579,7580,1,1
7580,7581,2,2
7593,7594,1,1
7594,7595,1,1
7599,7600,2,2
7602,7603,1,1
7603,7604,1,1
7605,7606,1,1
7607,7608,1,1
7609,7610,2,2
7610,7611,3,3
7611,7612,1,1
7613,7614,1,1
7614,7615,1,1
7617,7618,1,1
7631,7632,1,1
7635,7636,1,1
7636,7637,1,1
7639,7640,1,1
7640,7641,1,1
7642,7643,1,1
7644,7645,1,1
7649,7650,1,1
7653,7654,1,1
7666,7667,759,759
7669,7670,6,6
7670,7671,361,362
7671,7672,7,7
7672,7673,1,1
7673,7674,1,1
7676,7677,1,1
7679,7680,1,1
7685,7686,1,1
7687,7688,1,1
7693,7694,1,1
7697,7698,1,1
7700,7701,2,2
7704,7705,2,2
7709,7710,1,1
7710,7711,1,1
7712,7713,1,1
7713,7714,1,1
7714,7715,1,1
7715,7716,4,4
7720,7721,1,2
7727,7728,1,1
7728,7729,2,2
7729,7730,2,2
7730,7731,1,1
7731,7732,1,1
7734,7735,2,2
7751,7752,2,2
7753,7754,1,1
7755,7756,1,1
7761,7762,1,1
7771,7772,2,2
7774,7775,2,2
7775,7776,1,1
7780,7781,1,1
7781,7782,1,1
7784,7785,1,1
7820,7821,1,1
7822,7823,2,2
7823,7824,2,2
7826,7827,1,1
7829,7830,1,1
7832,7833,1,1
7836,7837,1,1
7837,7838,1,1
7838,7839,1,1
7839,7840,1,1
7842,7843,1,1
7843,7844,1,1
7844,7845,1,1
7846,7847,1,1
7852,7853,49,49
7853,7854,69,69
7860,7861,2,2
7866,7867,1,1
7868,7869,2,2
7869,7870,1,1
7872,7873,1,1
7873,7874,2,2
7877,7878,2,2
7881,7882,1,1
7883,7884,3,3
7884,7885,1,1
7890,7891,1,1
7897,7898,1,1
7901,7902,2,2
7908,7909,1,1
7911,7912,1,1
7913,7914,1,1
7915,7916,1,1
7916,7917,2,2
7917,7918,1,1
7919,7920,1,1
7922,7923,1,1
7933,7934,1,1
7940,7941,1,1
7942,7943,1,1
7943,7944,2,2
7944,7945,1,1
7947,7948,1,1
7949,7950,1,1
7958,7959,49,49
7959,7960,1,1
7960,7961,1,1
7971,7972,1,1
7972,7973,1,1
7974,7975,1,1
7975,7976,1,1
7985,7986,1,1
7990,7991,2,2
7991,7992,1,1
7998,7999,1,1
8005,8006,4,4
8011,8012,1,1
8012,8013,1,1
8019,8020,1,1
8034,8035,4,4
8035,8036,114,115
8036,8037,30,30
8044,8045,3,3
8048,8049,1,1
8049,8050,1,1
8050,8051,1,1
8051,8052,2,2
8063,8064,1,1
8068,8069,1,1
8073,8074,1,1
8074,8075,1,1
8079,8080,2,2
8085,8086,1,1
8090,8091,1,1
8093,8094,1,1
8094,8095,1,1
8098,8099,1,1
8107,8108,1,1
8108,8109,1,1
8110,8111,1,1
8115,8116,2,2
8116,8117,2,2
8118,8119,2,2
8127,8128,3,3
8128,8129,1,1
8133,8134,1,1
8141,8142,1,1
8142,8143,3,3
8144,8145,1,1
8151,8152,1,1
8153,8154,1,1
8154,8155,1,1
8157,8158,1,1
8158,8159,4,4
8161,8162,1,1
8162,8163,1,1
8163,8164,1,1
8167,8168,1,1
8169,8170,1,1
8170,8171,1,1
8173,8174,1,1
8176,8177,1,1
8179,8180,1,1
8187,8188,1,1
8188,8189,1,1
8191,8192,1,1
8199,8200,1,1
8203,8204,1,1
8211,8212,1,1
8214,8215,1,1
8216,8217,1,1
8217,8218,7,7
8218,8219,116,116
8219,8220,1,1
8220,8221,1,1
8223,8224,2,2
8226,8227,1,1
8233,8234,1,1
8236,8237,1,1
8239,8240,1,1
8240,8241,1,1
8245,8246,1,1
8256,8257,2,2
8258,8259,2,2
8260,8261,1,1
8263,8264,2,2
8264,8265,1,1
8271,8272,1,1
8274,8275,2,2
8276,8277,1,1
8278,8279,1,1
8281,8282,1,1
8284,8285,2,2
8290,8291,1,1
8292,8293,3,3
8294,8295,2,2
8295,8296,1,1
8302,8303,1,1
8306,8307,1,1
8308,8309,1,1
8309,8310,1,1
8317,8318,1,1
8323,8324,1,1
8325,8326,1,1
8338,8339,1,1
8341,8342,1,1
8342,8343,1,1
8355,8356,3,3
8371,8372,3,3
8374,8375,1,1
8383,8384,1,1
8384,8385,1,1
8385,8386,1,1
8389,8390,1,1
8390,8391,2,2
8391,8392,2,2
8393,8394,1,1
8399,8400,1,1
8400,8401,57,58
8401,8402,68,69
8408,8409,1,1
8409,8410,3,4
8412,8413,1,1
8415,8416,1,2
8416,8417,23,23
8421,8422,1,1
8423,8424,38,38
8426,8427,1,1
8431,8432,3,3
8432,8433,2,2
8438,8439,1,1
8448,8449,2,2
8451,8452,2,2
8452,8453,2,2
8454,8455,1,1
8459,8460,2,2
8460,8461,1,1
8462,8463,1,1
8471,8472,1,1
8472,8473,1,1
8477,8478,2,2
8480,8481,1,1
8483,8484,4,4
8485,8486,2,2
8491,8492,3,3
8495,8496,1,1
8499,8500,1,1
8515,8516,1870,1870
8517,8518,1,1
8520,8521,1,1
8528,8529,1,1
8531,8532,1,1
8534,8535,1,1
8537,8538,1,1
8538,8539,1,1
8539,8540,1,1
8551,8552,1,1
8553,8554,1,1
8558,8559,1,1
8565,8566,1,1
8566,8567,1,1
8568,8569,1,1
8574,8575,1,1
8582,8583,4,4
8583,8584,105,105
8592,8593,1,1
8598,8599,2,3
8600,8601,1,1
8613,8614,1,1
8614,8615,1,1
8617,8618,1,1
8618,8619,1,1
8621,8622,1,1
8629,8630,1,1
8633,8634,1,1
8634,8635,1,1
8648,8649,1,1
8651,8652,1,1
8666,8667,1,1
8668,8669,1,1
8673,8674,1,1
8675,8676,1,1
8677,8678,2,2
8679,8680,1,1
8693,8694,1,1
8700,8701,1,1
8705,8706,1,1
8706,8707,1,1
8712,8713,1,1
8713,8714,1,1
8717,8718,1,1
8720,8721,1,1
8721,8722,2,2
8726,8727,1,1
8729,8730,1,1
8745,8746,1,1
8750,8751,1,1
8759,8760,1,1
8760,8761,1,1
8762,8763,1,1
8765,8766,31,31
8766,8767,174,176
8767,8768,1,1
8781,8782,1,1
8785,8786,1,1
8793,8794,1,1
8794,8795,1,1
8795,8796,1,1
8796,8797,2,2
8800,8801,1,1
8815,8816,1,1
8817,8818,1,1
8825,8826,1,1
8840,8841,1,1
8841,8842,1,1
8844,8845,2,2
8845,8846,3,4
8846,8847,1,1
8848,8849,2,2
8850,8851,1,1
8853,8854,1,1
8856,8857,5,5
8857,8858,1,1
8858,8859,1,1
8859,8860,2,2
8862,8863,1,1
8870,8871,1,1
8878,8879,1,1
8887,8888,1,1
8889,8890,979,979
8894,8895,1,1
8906,8907,1,1
8914,8915,1,2
8915,8916,1,1
8920,8921,1,1
8921,8922,1,1
8927,8928,1,1
8931,8932,1,1
8932,8933,1,1
8935,8936,1,1
8941,8942,2,2
8942,8943,1,1
8947,8948,1,1
8948,8949,67,67
8949,8950,16,16
8961,8962,1,1
8963,8964,1,1
8964,8965,1,1
8971,8972,1,1
8980,8981,1,1
8992,8993,1,1
9009,9010,1,1
9015,9016,1,1
9018,9019,1,1
9022,9023,2,2
9023,9024,1,1
9026,9027,1,1
9035,9036,1,1
9036,9037,1,1
9040,9041,3,3
9041,9042,1,1
9042,9043,1,1
9043,9044,1,1
9049,9050,1,1
9055,9056,3,3
9066,9067,1,1
9067,9068,1,1
9071,9072,1,1
9098,9099,1,1
9100,9101,2,2
9101,9102,1,1
9105,9106,1,1
9109,9110,1,1
9115,9116,2,2
9127,9128,1,1
9128,9129,1,1
9130,9131,11,11
9131,9132,113,114
9132,9133,31,31
9136,9137,1,1
9138,9139,1,1
9146,9147,2,2
9157,9158,1,1
9161,9162,1,1
9175,9176,1,1
9176,9177,1,1
9184,9185,1,1
9186,9187,1,1
9194,9195,1,2
9195,9196,1,1
9201,9202,2,2
9207,9208,1,1
9208,9209,1,1
9213,9214,2,2
9214,9215,1,1
9216,9217,1,1
9222,9223,1,1
9225,9226,1,1
9227,9228,1,1
9237,9238,1,1
9250,9251,2,2
9267,9268,1,1
9268,9269,2,2
9275,9276,1,1
9281,9282,1,1
9283,9284,1,1
9286,9287,1,1
9291,9292,1,1
9297,9298,2,2
9298,9299,1,1
9307,9308,1,1
9309,9310,1,1
9310,9311,1,1
9313,9314,35,35
9314,9315,33,33
9316,9317,1,1
9317,9318,1,1
9318,9319,1,1
9320,9321,1,1
9328,9329,1,1
9334,9335,1,1
9341,9342,1,1
9359,9360,1,1
9368,9369,1,1
9369,9370,1,1
9372,9373,1,1
9374,9375,2,2
9388,9389,1,1
9396,9397,1,1
9398,9399,1,1
9404,9405,2,2
9405,9406,1,1
9408,9409,1,1
9418,9419,1,1
9423,9424,5,5
9433,9434,3,3
9436,9437,2,2
9450,9451,1,1
9456,9457,1,1
9466,9467,1,1
9467,9468,1,1
9469,9470,1,1
9472,9473,1,1
9473,9474,1,1
9481,9482,1,1
9484,9485,1,1
9485,9486,2,2
9490,9491,1,1
9491,9492,1,1
9495,9496,12,12
9496,9497,68,69
9497,9498,21,21
9499,9500,1,1
9511,9512,3,3
9514,9515,1,1
9518,9519,1,1
9519,9520,1,1
9520,9521,1,1
9523,9524,107,107
9527,9528,2,2
9532,9533,1,1
9534,9535,1,1
9536,9537,1,1
9556,9557,1,1
9561,9562,1,1
9565,9566,1,1
9568,9569,1,1
9580,9581,2,2
9583,9584,1,1
9585,9586,1,1
9587,9588,2,2
9591,9592,1,1
9594,9595,1,1
9601,9602,1,1
9602,9603,1,1
9618,9619,1,1
9623,9624,1,1
9627,9628,1,1
9628,9629,1,1
9648,9649,1,1
9658,9659,1,1
9663,9664,2,2
9664,9665,1,1
9676,9677,1,1
9678,9679,10,11
9679,9680,40,40
9680,9681,1,1
9685,9686,1,1
9687,9688,1,1
9691,9692,1,1
9694,9695,1,1
9696,9697,1,1
9697,9698,2,2
9698,9699,1,1
9704,9705,1,1
9706,9707,1,1
9709,9710,1,1
9724,9725,1,1
9725,9726,4,4
9732,9733,1,1
9739,9740,2,2
9741,9742,1,1
9747,9748,1,1
9755,9756,54,54
9756,9757,10,10
9774,9775,1,1
9785,9786,1,1
9793,9794,1,1
9798,9799,1,1
9801,9802,2,2
9803,9804,1,1
9809,9810,1,1
9811,9812,1,1
9812,9813,5,5
9815,9816,1,1
9822,9823,1,1
9825,9826,1,1
9826,9827,1,1
9832,9833,1,1
9834,9835,2,2
9844,9845,1,2
9845,9846,1,1
9847,9848,1,1
9851,9852,1,1
9856,9857,1,1
9860,9861,1,1
9861,9862,55,55
9862,9863,36,36
9866,9867,1,1
9871,9872,1,1
9877,9878,3,3
9886,9887,1,1
9891,9892,1,1
9901,9902,2,2
9902,9903,1,1
9911,9912,1,1
9916,9917,1,1
9917,9918,1,1
9920,9921,1,1
9921,9922,1,1
9926,9927,7,7
9939,9940,1,1
9943,9944,1,1
9952,9953,2,2
9967,9968,1,1
9969,9970,1,1
9973,9974,1,1
9980,9981,1,1
9981,9982,1,1
9983,9984,2,2
9992,9993,1,1
10003,10004,1,1
10013,10014,1,1
10020,10021,1,1
10023,10024,1,1
10028,10029,1,1
10038,10039,1,1
10043,10044,5,5
10044,10045,72,72
10046,10047,1,1
10051,10052,1,1
10058,10059,1,1
10060,10061,1,1
10066,10067,1,1
10074,10075,2,2
10076,10077,1,1
10082,10083,1,1
10083,10084,1,1
10084,10085,1,1
10104,10105,1,1
10112,10113,1,1
10117,10118,1,1
10118,10119,1,1
10120,10121,1,1
10128,10129,1,1
10129,10130,2,2
10134,10135,1,1
10140,10141,1,1
10143,10144,1,1
10150,10151,2,2
10152,10153,1,1
10155,10156,1,1
10159,10160,1,1
10161,10162,1,1
10174,10175,2,2
10176,10177,1,1
10186,10187,1,1
10190,10191,1,1
10193,10194,1,1
10196,10197,2,2
10201,10202,1,1
10204,10205,1,1
10205,10206,1,1
10218,10219,2,2
10220,10221,1,1
10226,10227,27,27
10227,10228,72,73
10232,10233,1,1
10242,10243,2,2
10252,10253,1,1
10253,10254,1,1
10256,10257,1,1
10257,10258,1,1
10264,10265,1,1
10266,10267,1,1
10272,10273,4,4
10280,10281,1,1
10284,10285,1,1
10286,10287,1,1
10287,10288,3,3
10297,10298,1,1
10299,10300,1,1
10303,10304,1,1
10305,10306,1,1
10307,10308,1,1
10316,10317,1,1
10333,10334,1,1
10362,10363,1,1
10363,10364,1,1
10367,10368,1,1
10377,10378,1,1
10393,10394,1,1
10394,10395,1,1
10400,10401,1,1
10404,10405,2,2
10406,10407,1,1
10408,10409,1,1
10409,10410,64,65
10410,10411,6,6
10412,10413,1,1
10423,10424,1,1
10424,10425,1,1
10427,10428,1,1
10428,10429,1,1
10439,10440,1,1
10443,10444,1,1
10450,10451,1,1
10455,10456,1,1
10462,10463,1,1
10480,10481,1,1
10483,10484,1,1
10486,10487,1,1
10493,10494,1,1
10501,10502,1,1
10503,10504,3,6
10504,10505,1,1
10508,10509,1,1
10515,10516,1,1
10517,10518,1,1
10523,10524,1,2
10532,10533,2,2
10539,10540,1,1
10544,10545,1,1
10546,10547,1,1
10558,10559,1,1
10569,10570,1,1
10576,10577,1,1
10582,10583,1,1
10584,10585,1,1
10591,10592,16,17
10592,10593,89,89
10593,10594,5,5
10607,10608,2,2
10618,10619,1,1
10621,10622,461,461
10624,10625,23,23
10632,10633,2,2
10636,10637,1,1
10637,10638,1,1
10653,10654,2,2
10659,10660,1,1
10662,10663,1,1
10668,10669,2,2
10679,10680,1,1
10683,10684,2,2
10684,10685,1,1
10686,10687,2,2
10688,10689,1,1
10697,10698,1,1
10698,10699,1,1
10710,10711,1,1
10712,10713,2,2
10722,10723,1,1
10742,10743,1,1
10743,10744,1,1
10744,10745,1,1
10745,10746,1,1
10755,10756,1,1
10756,10757,1,1
10758,10759,1,1
10765,10766,1,1
10766,10767,1,1
10774,10775,31,31
10775,10776,31,31
10777,10778,1,1
10778,10779,1,1
10787,10788,1,1
10801,10802,233,233
10811,10812,1,1
10812,10813,1,1
10814,10815,3,3
10817,10818,1,1
10823,10824,1,1
10835,10836,1,1
10849,10850,1,1
10857,10858,1,1
10863,10864,1,1
10867,10868,1,1
10872,10873,1,1
10881,10882,1,1
10903,10904,1,1
10905,10906,1,1
10910,10911,3,3
10911,10912,1,1
10924,10925,2,2
10947,10948,1,1
10950,10951,1,1
10952,10953,1,1
10954,10955,2,2
10956,10957,2,2
10957,10958,58,58
10958,10959,8,8
10966,10967,1,1
10967,10968,1,1
10973,10974,1,1
10974,10975,1,1
10975,10976,1,1
10978,10979,4,4
10986,10987,1,1
10990,10991,1,1
10995,10996,1,1
11003,11004,1,1
11022,11023,1,1
11038,11039,8,8
11040,11041,1,1
11041,11042,1,1
11047,11048,3,3
11048,11049,1,1
11049,11050,2,2
11050,11051,1,1
11051,11052,1,1
11059,11060,1,1
11068,11069,1,1
11069,11070,1,1
11079,11080,1,1
11093,11094,1,1
11094,11095,2,2
11097,11098,1,1
11103,11104,1,1
11109,11110,1,1
11117,11118,1,1
11125,11126,1,1
11126,11127,1,1
11139,11140,8,8
11140,11141,41,42
11160,11161,1,1
11168,11169,1,1
11170,11171,1,1
11172,11173,1,1
11181,11182,1,1
11183,11184,1,1
11184,11185,1,1
11186,11187,1,1
11188,11189,1,1
11189,11190,1,1
11193,11194,1,1
11200,11201,1,1
11203,11204,1,1
11205,11206,1,1
11219,11220,1,1
11223,11224,1,1
11228,11229,1,1
11246,11247,1,1
11262,11263,1,1
11263,11264,1,1
11268,11269,1,1
11269,11270,1,1
11272,11273,1,1
11288,11289,1,1
11293,11294,1,1
11302,11303,1,1
11311,11312,1,1
11318,11319,1,1
11321,11322,1,1
11322,11323,43,43
11323,11324,26,26
11328,11329,2,2
11348,11349,1,1
11351,11352,1,1
11352,11353,3,3
11355,11356,1,1
11365,11366,7,7
11384,11385,1,1
11394,11395,1,1
11399,11400,1,1
11403,11404,1,1
11406,11407,2,2
11442,11443,1,2
11456,11457,1,1
11457,11458,1,1
11458,11459,1,1
11465,11466,1,1
11468,11469,1,1
11469,11470,1,1
11499,11500,1,1
11501,11502,1,1
11504,11505,2,2
11505,11506,40,40
11510,11511,1,1
11523,11524,1,1
11537,11538,1,1
11542,11543,1,1
11545,11546,1,1
11550,11551,1,1
11554,11555,1,1
11559,11560,1,1
11561,11562,1,1
11576,11577,5,5
11579,11580,1,1
11585,11586,1,1
11594,11595,2,2
11598,11599,1,1
11610,11611,1,1
11627,11628,1,1
11629,11630,1,1
11633,11634,1,1
11645,11646,2,2
11662,11663,1,1
11663,11664,1,1
11687,11688,25,25
11688,11689,52,52
11708,11709,1,1
11710,11711,1,1
11718,11719,1,1
11725,11726,1,1
11726,11727,1,1
11729,11730,1,1
11742,11743,1,1
11755,11756,3,3
11758,11759,2,2
11760,11761,1,1
11763,11764,1,1
11775,11776,1,1
11779,11780,2,2
11807,11808,1,1
11809,11810,3,3
11810,11811,1,1
11815,11816,1,1
11824,11825,1,1
11832,11833,3,3
11838,11839,1,1
11839,11840,1,1
11855,11856,1,1
11863,11864,1,1
11864,11865,4,4
11868,11869,1,1
11870,11871,43,43
11871,11872,7,7
11879,11880,2,2
11883,11884,1,1
11886,11887,1,1
11889,11890,1,1
11891,11892,1,1
11892,11893,1,1
11900,11901,1,1
11916,11917,1,1
11918,11919,1,1
11920,11921,1,1
11930,11931,1,1
11933,11934,2,2
11943,11944,1,1
11944,11945,1,1
11948,11949,1,1
11959,11960,1,1
11961,11962,1,1
11972,11973,1,1
11988,11989,1,1
12002,12003,1,1
12006,12007,2,2
12013,12014,1,1
12019,12020,1,1
12051,12052,1,1
12052,12053,6,6
12053,12054,59,60
12054,12055,4,4
12058,12059,1,1
12059,12060,1,1
12067,12068,1,1
12071,12072,2,2
12076,12077,1,1
12089,12090,2,2
12098,12099,2,2
12104,12105,1,1
12137,12138,1,1
12139,12140,1,1
12144,12145,2,2
12156,12157,1,1
12174,12175,1,1
12182,12183,1,1
12191,12192,1,1
12195,12196,1,1
12213,12214,1,1
12231,12232,1,1
12235,12236,19,19
12236,12237,15,16
12244,12245,1,1
12251,12252,1,1
12268,12269,1,1
12270,12271,1,1
12273,12274,1,1
12281,12282,1,1
12293,12294,1,1
12296,12297,1,1
12309,12310,1,1
12315,12316,1,1
12320,12321,1,1
12322,12323,1,1
12327,12328,2,2
12329,12330,1,1
12332,12333,1,1
12339,12340,3,3
12341,12342,1,1
12342,12343,1,1
12355,12356,1,1
12357,12358,1,1
12382,12383,1,1
12384,12385,1,1
12386,12387,1,1
12388,12389,1,1
12404,12405,1,1
12417,12418,1,1
12418,12419,69,69
12419,12420,7,7
12423,12424,1,1
12432,12433,1,1
12436,12437,1493,1493
12438,12439,1,1
12440,12441,1,1
12441,12442,2,2
12445,12446,2,2
12447,12448,1,1
12464,12465,1,1
12493,12494,1,1
12500,12501,1,1
12502,12503,1,1
12503,12504,1,1
12507,12508,1,1
12513,12514,1,1
12515,12516,2,2
12520,12521,1,1
12524,12525,1,1
12526,12527,1,1
12531,12532,2,2
12537,12538,1,1
12541,12542,1,1
12549,12550,1,1
12567,12568,1,1
12569,12570,1,1
12577,12578,2,2
12585,12586,1,1
12587,12588,1,1
12594,12595,1,1
12600,12601,12,12
12601,12602,34,35
12602,12603,1,1
12609,12610,9,9
12610,12611,1,1
12630,12631,1,2
12631,12632,1,1
12641,12642,1,1
12657,12658,3,3
12672,12673,2,2
12677,12678,1,1
12678,12679,1,1
12681,12682,1,1
12694,12695,7,7
12708,12709,1,1
12719,12720,1,1
12722,12723,1,1
12725,12726,1,1
12738,12739,1,1
12755,12756,1,1
12782,12783,1,1
12783,12784,31,31
12784,12785,18,18
12789,12790,1,1
12800,12801,1,1
12811,12812,1,1
12818,12819,1,1
12829,12830,1,1
12844,12845,2,2
12856,12857,1,1
12858,12859,1,1
12863,12864,2,2
12864,12865,1,1
12874,12875,1,1
12891,12892,2,2
12901,12902,1,1
12932,12933,1,1
12946,12947,1,1
12947,12948,1,1
12950,12951,1,1
12958,12959,1,1
12965,12966,1,1
12966,12967,33,33
12969,12970,1,1
12976,12977,1,1
13003,13004,1,1
13004,13005,1,1
13007,13008,1,1
13011,13012,7,7
13012,13013,1,1
13028,13029,1,1
13036,13037,1,1
13051,13052,1,1
13055,13056,1,1
13064,13065,1,1
13068,13069,1,1
13070,13071,1,1
13084,13085,3,3
13089,13090,2,2
13111,13112,1,1
13114,13115,1,1
13127,13128,1,1
13134,13135,1,1
13140,13141,1,1
13144,13145,9,9
13148,13149,15,15
13149,13150,39,39
13150,13151,118,118
13160,13161,1,1
13163,13164,1,1
13175,13176,1,1
13178,13179,2,2
13193,13194,1,1
13194,13195,1,1
13208,13209,1,1
13232,13233,1,1
13240,13241,1,1
13255,13256,2,2
13261,13262,1,1
13266,13267,4,4
13267,13268,1,1
13279,13280,1,1
13283,13284,2,2
13289,13290,1,1
13292,13293,1,1
13296,13297,1,1
13301,13302,1,1
13302,13303,1,1
13308,13309,1,1
13320,13321,1,1
13328,13329,1,1
13331,13332,35,37
13332,13333,1,1
13333,13334,1,1
13334,13335,2,2
13339,13340,1,1
13344,13345,1,1
13346,13347,1,1
13348,13349,1,1
13351,13352,2,2
13354,13355,1,1
13357,13358,1,1
13359,13360,1,1
13368,13369,1,1
13370,13371,1,1
13378,13379,1,1
13379,13380,1,1
13385,13386,1,1
13391,13392,1,1
13392,13393,2,2
13393,13394,1,1
13394,13395,1,1
13396,13397,1,1
13400,13401,1,1
13420,13421,1,1
13422,13423,2,2
13437,13438,1,1
13439,13440,1,1
13442,13443,1,1
13443,13444,1,1
13447,13448,1,1
13451,13452,1,1
13452,13453,1,1
13463,13464,1,1
13469,13470,41,41
13470,13471,1,1
13476,13477,1,1
13477,13478,1,1
13495,13496,2,2
13496,13497,1,1
13503,13504,1,1
13505,13506,1,1
13511,13512,1,1
13513,13514,25,25
13514,13515,42,42
13515,13516,3,3
13520,13521,1,1
13524,13525,3,3
13527,13528,1,1
13533,13534,1,1
13537,13538,2,2
13538,13539,10,10
13539,13540,1,1
13544,13545,1,1
13574,13575,1,1
13575,13576,1,1
13583,13584,1,1
13595,13596,1,1
13599,13600,1,1
13612,13613,1,1
13631,13632,1,1
13636,13637,1,1
13646,13647,1,1
13667,13668,1,1
13668,13669,1,2
13671,13672,1,1
13693,13694,1,1
13696,13697,15,15
13697,13698,13,13
13702,13703,1,1
13705,13706,1,1
13711,13712,1,1
13739,13740,1,1
13741,13742,1,1
13782,13783,1,1
13786,13787,1,1
13787,13788,2,2
13790,13791,1,1
13838,13839,1,1
13844,13845,2,3
13846,13847,1,1
13859,13860,12,12
13860,13861,3,3
13863,13864,1,1
13872,13873,1,1
13879,13880,22,22
13880,13881,7,7
13891,13892,1,1
13902,13903,1,1
13909,13910,1,1
13916,13917,1,1
13925,13926,1,1
13946,13947,1,1
13949,13950,1,1
13963,13964,2,2
13977,13978,1,1
13997,13998,1,1
13999,14000,1,1
14017,14018,1,1
14032,14033,1,1
14044,14045,1,1
14061,14062,14,14
14062,14063,53,53
14066,14067,1,1
14068,14069,1,1
14079,14080,1,1
14087,14088,1,1
14088,14089,1,1
14099,14100,1,1
14103,14104,1,1
14110,14111,1,1
14125,14126,3,3
14127,14128,1,1
14136,14137,1,1
14160,14161,1,1
14179,14180,1,1
14183,14184,1,1
14192,14193,1,1
14203,14204,1,1
14213,14214,1,1
14236,14237,1,1
14242,14243,1,1
14244,14245,15,15
14245,14246,24,25
14270,14271,3,3
14287,14288,1,1
14289,14290,1,1
14295,14296,3,3
14308,14309,1,1
14315,14316,1,1
14348,14349,1,1
14360,14361,1,1
14363,14364,1,1
14370,14371,1,1
14391,14392,1,1
14394,14395,1,1
14405,14406,1,1
14413,14414,1,1
14426,14427,6,6
14427,14428,27,27
14455,14456,1,1
14459,14460,1,1
14482,14483,1,1
14490,14491,1,1
14511,14512,1,1
14518,14519,1,1
14543,14544,1,1
14566,14567,1,1
14585,14586,1,1
14599,14600,2,2
14609,14610,23,23
14610,14611,31,32
14636,14637,1,1
14639,14640,1,1
14640,14641,1,1
14654,14655,3,3
14669,14670,1,1
14674,14675,1,1
14677,14678,1,1
14705,14706,1,1
14727,14728,2,2
14739,14740,161,161
14743,14744,1,1
14745,14746,1,1
14753,14754,1,1
14762,14763,1,1
14776,14777,1,1
14781,14782,1,1
14792,14793,14,14
14793,14794,3,3
14823,14824,1,1
14830,14831,2,2
14831,14832,1,1
14838,14839,1,1
14844,14845,1,1
14850,14851,3,3
14852,14853,1,1
14856,14857,1,1
14889,14890,1,1
14914,14915,1,1
14946,14947,1,1
14955,14956,1,1
14969,14970,1,1
14971,14972,5,5
14974,14975,10,10
14975,14976,25,26
14976,14977,2,2
14989,14990,1,1
14995,14996,2,2
15004,15005,1,1
15020,15021,1,1
15025,15026,1,1
15031,15032,1,1
15033,15034,1,1
15034,15035,1,1
15035,15036,1,1
15101,15102,1,1
15102,15103,1,1
15108,15109,6,6
15112,15113,1,1
15117,15118,1,1
15127,15128,246,246
15137,15138,1,1
15148,15149,1,1
15152,15153,1,1
15154,15155,1,1
15157,15158,18,18
15158,15159,5,5
15172,15173,1,1
15173,15174,1,1
15194,15195,1,1
15211,15212,1,1
15233,15234,1,1
15244,15245,1,1
15249,15250,1,1
15251,15252,2,2
15279,15280,1,1
15294,15295,1,1
15303,15304,1,1
15310,15311,1,1
15325,15326,2,2
15330,15331,1,1
15336,15337,1,1
15338,15339,2,2
15339,15340,5,5
15340,15341,28,28
15341,15342,4,4
15368,15369,1,1
15383,15384,1,1
15401,15402,1,1
15407,15408,1,1
15421,15422,1,1
15437,15438,1,1
15465,15466,2,2
15473,15474,1,1
15485,15486,1,1
15507,15508,1,1
15522,15523,9,9
15523,15524,19,19
15527,15528,1,1
15531,15532,1,1
15533,15534,1,1
15562,15563,1,1
15567,15568,2,2
15572,15573,2,2
15582,15583,1,1
15583,15584,1,1
15598,15599,1,1
15606,15607,1,1
15614,15615,1,1
15627,15628,1,1
15630,15631,1,1
15640,15641,1,1
15657,15658,1,1
15674,15675,1,1
15678,15679,1,1
15691,15692,1,1
15703,15704,1,1
15704,15705,1,1
15705,15706,15,15
15706,15707,16,16
15740,15741,1,1
15750,15751,1,1
15757,15758,1,1
15761,15762,1,1
15767,15768,1,1
15774,15775,1,1
15789,15790,1,1
15814,15815,1,1
15828,15829,1,1
15838,15839,15,15
15850,15851,1,1
15854,15855,1,1
15865,15866,1,1
15887,15888,3,3
15888,15889,21,21
15895,15896,1,1
15903,15904,1,1
15917,15918,1,1
15933,15934,2,2
15934,15935,1,1
15938,15939,1,1
15953,15954,1,1
15954,15955,1,1
15960,15961,1,1
15968,15969,1,1
15975,15976,1,1
15977,15978,1,1
15981,15982,1,1
15983,15984,1,1
15984,15985,1822,1822
15989,15990,1,1
15994,15995,1,1
16009,16010,2,2
16016,16017,1,1
16017,16018,1,1
16046,16047,1,1
16067,16068,1,1
16070,16071,10,10
16071,16072,18,18
16130,16131,1,1
16132,16133,1,1
16136,16137,1,1
16159,16160,1,1
16161,16162,2,2
16177,16178,1,1
16188,16189,1,1
16194,16195,1,1
16211,16212,1,1
16234,16235,4,4
16253,16254,14,14
16254,16255,2,2
16262,16263,1,1
16275,16276,1,1
16284,16285,2,2
16288,16289,1,1
16295,16296,1,1
16302,16303,1,1
16319,16320,1,1
16332,16333,2,2
16336,16337,1,1
16345,16346,1,1
16350,16351,1,1
16351,16352,1,1
16398,16399,2,2
16402,16403,1,1
16410,16411,1,1
16433,16434,1,1
16435,16436,7,7
16436,16437,20,21
16437,16438,42,42
16444,16445,1,1
16466,16467,2,2
16475,16476,1,1
16521,16522,1,1
16560,16561,1,1
16587,16588,2,2
16588,16589,1,1
16603,16604,1,1
16608,16609,1,1
16612,16613,1,1
16618,16619,11,12
16619,16620,4,4
16626,16627,1,1
16628,16629,1,1
16644,16645,1,1
16663,16664,1,1
16690,16691,3,3
16706,16707,1,1
16735,16736,1,1
16775,16776,1,1
16779,16780,1,1
16784,16785,1,1
16788,16789,1,1
16789,16790,1,1
16801,16802,32,32
16802,16803,2,2
16846,16847,1,1
16872,16873,1,1
16878,16879,1,1
16892,16893,1,1
16957,16958,1,1
16966,16967,1,1
16983,16984,3,3
16984,16985,7,7
17014,17015,1,1
17019,17020,1,1
17043,17044,1,1
17047,17048,1,1
17098,17099,1,1
17114,17115,1,1
17116,17117,1,1
17125,17126,1,1
17132,17133,1,1
17136,17137,1,1
17147,17148,1,1
17166,17167,42,42
17167,17168,7,7
17168,17169,1,1
17212,17213,1,2
17215,17216,1,1
17236,17237,1,1
17243,17244,1,1
17244,17245,1,1
17259,17260,1,1
17280,17281,1,1
17283,17284,1,1
17333,17334,1,1
17348,17349,2,2
17349,17350,18,19
17380,17381,1,1
17385,17386,1,1
17386,17387,2,2
17404,17405,1,1
17405,17406,2,2
17413,17414,1,1
17434,17435,1,1
17436,17437,1,1
17439,17440,1,1
17448,17449,1,1
17457,17458,2,2
17461,17462,1,1
17463,17464,1,1
17469,17470,1,1
17471,17472,1,3
17474,17475,1,1
17487,17488,1,1
17501,17502,1,1
17507,17508,1,1
17518,17519,1,1
17526,17527,1,1
17528,17529,1,1
17531,17532,10,10
17532,17533,18,18
17547,17548,1,1
17562,17563,1,1
17649,17650,3,3
17684,17685,1,1
17703,17704,1,1
17714,17715,21,24
17715,17716,1,1
17747,17748,1,1
17778,17779,1,1
17781,17782,2,2
17815,17816,1,1
17875,17876,1,1
17886,17887,1,1
17896,17897,11,18
17897,17898,13,14
17898,17899,1,1
17911,17912,1,1
17943,17944,1,1
17967,17968,1,1
17970,17971,1,1
17988,17989,1,1
18006,18007,2,2
18020,18021,1,1
18063,18064,1,1
18078,18079,1,1
18079,18080,8,8
18080,18081,7,7
18115,18116,1,1
18117,18118,1,1
18121,18122,1,1
18122,18123,1,1
18123,18124,1,1
18124,18125,1,1
18153,18154,1,1
18171,18172,1,1
18182,18183,1,1
18228,18229,1,1
18248,18249,1,1
18256,18257,1,1
18261,18262,1,1
18262,18263,17,17
18263,18264,1,1
18276,18277,1,1
18281,18282,1,1
18306,18307,1,1
18316,18317,1,1
18353,18354,3,3
18358,18359,1,1
18399,18400,1,1
18416,18417,1,1
18430,18431,1,1
18435,18436,1,1
18444,18445,4,4
18445,18446,11,11
18464,18465,1,1
18470,18471,1,1
18474,18475,1,1
18516,18517,1,1
18538,18539,1,1
18548,18549,1,1
18581,18582,1,1
18595,18596,1,1
18601,18602,1,1
18614,18615,1,1
18625,18626,1,1
18627,18628,15,15
18628,18629,7,8
18672,18673,1,1
18758,18759,1,1
18768,18769,1,1
18774,18775,1,1
18775,18776,1,1
18780,18781,1,1
18781,18782,1,1
18809,18810,2,2
18810,18811,7,7
18844,18845,1,1
18845,18846,1,1
18853,18854,2,2
18871,18872,1,1
18877,18878,1,1
18912,18913,1,1
18961,18962,1,1
18962,18963,1,1
18965,18966,1,1
18966,18967,1,1
18970,18971,1,1
18992,18993,9,9
18993,18994,14,15
19029,19030,1,1
19058,19059,1,1
19074,19075,1,1
19075,19076,13,13
19092,19093,1,1
19096,19097,1,1
19121,19122,1,1
19175,19176,19,19
19176,19177,3,3
19210,19211,1,1
19224,19225,1,1
19248,19249,1,1
19285,19286,1,1
19328,19329,2,2
19357,19358,9,9
19358,19359,9,9
19359,19360,2,2
19360,19361,1,1
19373,19374,1,1
19413,19414,1,1
19416,19417,1,1
19434,19435,1,1
19442,19443,1,1
19494,19495,1,1
19498,19499,1,1
19532,19533,1,1
19540,19541,10,10
19541,19542,1,1
19563,19564,1,1
19568,19569,2,2
19581,19582,1,1
19585,19586,1,1
19601,19602,1,1
19609,19610,1,1
19633,19634,1,1
19647,19648,1,1
19708,19709,1,1
19722,19723,2,2
19723,19724,7,7
19735,19736,1,1
19768,19769,3,3
19777,19778,1,1
19821,19822,1,1
19830,19831,1,1
19860,19861,1,1
19905,19906,3,3
19906,19907,7,7
19932,19933,1,1
19962,19963,1,1
19981,19982,1,1
20024,20025,1,1
20028,20029,2,2
20055,20056,1,1
20070,20071,1,1
20081,20082,1,1
20088,20089,11,11
20089,20090,4,4
20103,20104,1,1
20148,20149,1,1
20164,20165,1,1
20183,20184,1,1
20216,20217,1,1
20219,20220,1,1
20259,20260,1,1
20270,20271,7,7
20271,20272,14,15
20312,20313,2,2
20352,20353,1,1
20354,20355,1,1
20388,20389,1,1
20393,20394,1,1
20421,20422,1,1
20438,20439,1,1
20453,20454,9,9
20454,20455,5,5
20471,20472,1,1
20538,20539,1,1
20584,20585,1,1
20625,20626,1,1
20634,20635,1,1
20636,20637,9,9
20638,20639,1,1
20657,20658,1,1
20660,20661,1,1
20681,20682,1,1
20697,20698,1,1
20701,20702,1,1
20752,20753,1,1
20758,20759,1,1
20765,20766,1,1
20786,20787,1,1
20818,20819,8,8
20819,20820,10,10
20857,20858,1,1
20859,20860,1,1
20864,20865,1,1
20867,20868,1,1
20874,20875,1,1
20931,20932,1,2
20955,20956,1,1
20956,20957,1,1
20968,20969,1,1
20987,20988,1,1
21001,21002,10,11
21002,21003,2,2
21013,21014,1,1
21032,21033,1,1
21041,21042,1,1
21046,21047,1,1
21054,21055,1,1
21060,21061,1,1
21093,21094,1,1
21121,21122,1,1
21123,21124,1,1
21168,21169,1,1
21175,21176,1,1
21183,21184,3,3
21184,21185,27,27
21185,21186,7,7
21189,21190,1,1
21191,21192,1,1
21213,21214,1,1
21228,21229,1,1
21248,21249,1,1
21305,21306,2,2
21347,21348,1,1
21365,21366,1,1
21366,21367,4,4
21367,21368,5,5
21427,21428,1,1
21433,21434,1,1
21459,21460,1,1
21477,21478,1,1
21488,21489,1,1
21505,21506,1,1
21518,21519,1,1
21526,21527,1,1
21548,21549,1,1
21549,21550,12,13
21550,21551,23,23
21553,21554,1,1
21587,21588,1,1
21682,21683,1,1
21707,21708,1,1
21731,21732,2,2
21732,21733,8,9
21769,21770,1,1
21840,21841,1,1
21860,21861,1,1
21861,21862,2,2
21894,21895,1,1
21914,21915,11,12
21915,21916,8,8
21944,21945,1,1
21948,21949,1,1
21966,21967,1,1
21968,21969,2,2
22067,22068,1,1
22081,22082,1,1
22094,22095,1,1
22095,22096,1,1
22096,22097,1,1
22097,22098,18,18
22101,22102,1,1
22116,22117,1,1
22140,22141,1,1
22205,22206,1,2
22279,22280,4,5
22280,22281,8,8
22331,22332,1,1
22334,22335,1,1
22363,22364,1,1
22402,22403,1,1
22410,22411,1,1
22433,22434,1,1
22462,22463,3,3
22478,22479,1,1
22485,22486,1,1
22543,22544,1,1
22591,22592,2,2
22645,22646,15,16
22653,22654,1,1
22688,22689,1,1
22703,22704,1,1
22727,22728,2,2
22733,22734,3,3
22762,22763,2,2
22773,22774,1,1
22794,22795,1,1
22804,22805,1,1
22821,22822,2,2
22827,22828,5,5
22828,22829,1,1
22844,22845,1,1
22857,22858,1,1
22872,22873,1,1
22876,22877,4,4
22920,22921,1,1
22925,22926,1,1
22939,22940,1,1
22946,22947,1,1
22966,22967,5,6
23010,23011,12,12
23011,23012,3,3
23053,23054,1,1
23092,23093,19,19
23116,23117,1,1
23132,23133,2,2
23184,23185,1,1
23189,23190,1,1
23192,23193,2,2
23193,23194,7,7
23221,23222,1,1
23256,23257,1,1
23275,23276,1,1
23283,23284,1,1
23285,23286,1,1
23309,23310,1,1
23329,23330,1,1
23335,23336,1,1
23350,23351,1,1
23360,23361,1,1
23375,23376,7,7
23376,23377,1,1
23386,23387,1,1
23393,23394,1,1
23411,23412,1,1
23413,23414,1,1
23450,23451,1,1
23462,23463,1,1
23464,23465,8,8
23466,23467,1,1
23520,23521,1,1
23544,23545,1,1
23558,23559,14,14
23594,23595,1,2
23599,23600,1,1
23650,23651,1,1
23701,23702,1,1
23727,23728,1,1
23729,23730,1,1
23737,23738,1,1
23740,23741,1,1
23741,23742,5,5
23758,23759,1,1
23764,23765,7,7
23818,23819,1,1
23885,23886,1,1
23923,23924,13,13
23937,23938,1,1
23958,23959,1,1
23972,23973,1,1
24002,24003,1,1
24007,24008,1,1
24022,24023,1,1
24106,24107,6,6
24121,24122,1,1
24146,24147,1,1
24152,24153,1,1
24218,24219,1,1
24221,24222,1,1
24250,24251,1,1
24285,24286,1,1
24287,24288,1,1
24288,24289,4,4
24289,24290,5,5
24302,24303,1,1
24319,24320,1,1
24380,24381,1,1
24414,24415,1,1
24457,24458,1,1
24471,24472,7,7
24472,24473,1,1
24486,24487,1,1
24516,24517,1,1
24562,24563,1,1
24567,24568,1,1
24654,24655,3,3
24707,24708,1,1
24732,24733,1,1
24782,24783,1,1
24836,24837,6,7
24837,24838,2,2
24838,24839,2,2
24839,24840,1,1
24845,24846,1,1
24887,24888,1,1
24927,24928,1,1
24970,24971,1,1
24972,24973,1,1
24985,24986,1,1
25017,25018,7,7
25019,25020,4,4
25023,25024,1,1
25047,25048,2,2
25074,25075,25,25
25079,25080,1,1
25093,25094,1,1
25100,25101,1,1
25153,25154,1,1
25163,25164,1,1
25167,25168,1,1
25178,25179,1,1
25197,25198,6,6
25198,25199,8,8
25199,25200,1,1
25201,25202,5,5
25202,25203,11,11
25226,25227,1,1
25230,25231,1,1
25267,25268,1,1
25292,25293,1,1
25353,25354,1,1
25429,25430,3,3
25452,25453,1,1
25494,25495,1,1
25499,25500,1,1
25500,25501,1,1
25561,25562,1,1
25567,25568,12,12
25568,25569,1,1
25611,25612,1,1
25673,25674,1,1
25685,25686,1,1
25702,25703,2,2
25726,25727,1,1
25744,25745,1,1
25749,25750,5,5
25750,25751,1,1
25796,25797,8,8
25862,25863,2,2
25880,25881,1,1
25886,25887,1,1
25887,25888,1,1
25924,25925,1,1
25931,25932,2,2
25932,25933,7,7
25933,25934,2,2
25937,25938,1,1
25996,25997,2,2
26017,26018,1,1
26052,26053,1,1
26056,26057,4,4
26095,26096,1,1
26097,26098,1,1
26098,26099,1,1
26101,26102,1,1
26106,26107,1,1
26115,26116,4,4
26144,26145,1,1
26149,26150,1,1
26235,26236,1,1
26271,26272,1,1
26278,26279,2,2
26297,26298,7,7
26298,26299,1,1
26334,26335,1,1
26359,26360,1,1
26372,26373,1,1
26389,26390,1,1
26423,26424,1,1
26459,26460,1,1
26479,26480,1,1
26480,26481,4,4
26495,26496,1,1
26533,26534,1,1
26539,26540,1,1
26561,26562,1,1
26622,26623,1,1
26662,26663,1,1
26663,26664,3,3
26666,26667,1,1
26735,26736,1,1
26755,26756,1,1
26805,26806,1,1
26836,26837,1,1
26845,26846,7,7
26943,26944,1,1
26971,26972,1,1
26982,26983,1,1
26989,26990,1,1
27027,27028,1,1
27028,27029,6,6
27029,27030,1,1
27031,27032,1,1
27046,27047,1,1
27079,27080,2,2
27110,27111,1,1
27115,27116,1,1
27120,27121,1,1
27131,27132,1,1
27148,27149,1,1
27150,27151,1,1
27210,27211,2,2
27211,27212,1,1
27246,27247,1,1
27248,27249,1,1
27322,27323,1,1
27327,27328,1,1
27385,27386,4,4
27392,27393,1,1
27393,27394,6,6
27401,27402,1,1
27438,27439,1,1
27471,27472,2,2
27517,27518,5,5
27575,27576,2,2
27576,27577,3,3
27691,27692,1,1
27698,27699,1,1
27758,27759,4,4
27759,27760,1,1
27824,27825,1,1
27853,27854,1,1
27865,27866,1,1
27874,27875,1,1
27940,27941,1,1
27941,27942,3,5
27961,27962,1,1
28014,28015,1,1
28032,28033,1,1
28046,28047,1,1
28122,28123,1,1
28123,28124,4,4
28124,28125,4,4
28200,28201,1,1
28249,28250,1,1
28266,28267,1,1
28298,28299,1,1
28306,28307,3,3
28341,28342,1,1
28381,28382,1,1
28385,28386,1,1
28387,28388,1,1
28423,28424,1,1
28455,28456,1,1
28461,28462,1,1
28466,28467,1,1
28489,28490,5,5
28490,28491,1,1
28525,28526,1,1
28532,28533,1,1
28553,28554,1,1
28632,28633,1,1
28651,28652,1,1
28672,28673,1,1
28696,28697,1,1
28751,28752,1,1
28813,28814,1,1
28847,28848,1,1
28853,28854,4,4
28854,28855,7,7
28859,28860,1,1
28898,28899,1,1
28915,28916,2,2
28952,28953,1,1
29003,29004,1,1
29037,29038,1,1
29137,29138,1,1
29156,29157,1,1
29219,29220,7,7
29220,29221,1,1
29310,29311,1,1
29314,29315,1,1
29379,29380,1,1
29401,29402,1,1
29402,29403,1,1
29426,29427,1,1
29450,29451,1,1
29459,29460,1,1
29494,29495,1,1
29499,29500,1,1
29570,29571,1,1
29573,29574,1,1
29584,29585,1,1
29585,29586,1,1
29672,29673,1,1
29767,29768,4,4
29806,29807,1,1
29838,29839,1,1
29885,29886,1,1
29915,29916,1,1
29919,29920,1,1
29949,29950,2,2
29991,29992,1,1
30025,30026,1,1
30062,30063,1,1
30069,30070,1,1
30127,30128,1,1
30129,30130,1,1
30132,30133,2,2
30315,30316,2,2
30316,30317,3,3
30396,30397,1,1
30405,30406,1,1
30497,30498,1,1
30498,30499,1,1
30573,30574,1,1
30603,30604,1,1
30653,30654,1,1
30680,30681,5,5
30681,30682,1,1
30696,30697,1,1
30749,30750,1,1
30863,30864,5,5
30890,30891,1,1
30986,30987,1,1
30993,30994,1,1
31045,31046,6,6
31046,31047,2,2
31113,31114,1,1
31137,31138,1,1
31138,31139,2,2
31227,31228,3,3
31228,31229,10,10
31240,31241,1,1
31321,31322,1,1
31412,31413,1,1
31523,31524,1,1
31524,31525,1,1
31579,31580,1,1
31593,31594,12,12
31594,31595,1,1
31775,31776,1,1
31776,31777,7,7
31778,31779,1,1
31836,31837,1,1
31907,31908,1,1
31958,31959,1,1
32017,32018,2,2
32041,32042,1,1
32126,32127,1,1
32141,32142,4,4
32216,32217,1,1
32324,32325,3,3
32411,32412,1,1
32474,32475,1,1
32479,32480,1,1
32494,32495,1,1
32503,32504,1,1
32506,32507,5,5
32507,32508,2,2
32550,32551,1,1
32559,32560,1,1
32689,32690,5,5
32705,32706,1,1
32732,32733,1,1
32871,32872,5,5
32872,32873,1,1
32990,32991,1,1
33054,33055,2,2
33087,33088,1,1
33103,33104,1,1
33108,33109,1,1
33110,33111,1,2
33139,33140,1,1
33166,33167,1,1
33198,33199,1,1
33236,33237,1,1
33237,33238,6,6
33238,33239,1,1
33403,33404,1,1
33419,33420,1,1
33420,33421,1,1
33556,33557,1,1
33602,33603,9,9
33624,33625,1,1
33740,33741,2,2
33784,33785,6,6
33785,33786,1,1
33805,33806,1,1
33849,33850,1,1
33866,33867,1,1
33967,33968,1,1
33968,33969,2,2
34028,34029,1,1
34126,34127,1,1
34150,34151,4,4
34155,34156,1,1
34156,34157,3,3
34268,34269,1,1
34332,34333,1,1
34333,34334,3,3
34444,34445,1,1
34515,34516,2,2
34697,34698,1,1
34698,34699,2,2
34880,34881,5,5
35063,35064,4,4
35212,35213,1,1
35246,35247,1,1
35327,35328,1,1
35337,35338,1,1
35380,35381,1,1
35416,35417,1,1
35428,35429,3,3
35524,35525,1,1
35556,35557,1,1
35563,35564,1,1
35611,35612,1,1
35694,35695,1,1
35766,35767,1,1
35774,35775,1,1
35793,35794,4,4
35794,35795,3,3
35795,35796,1,1
35911,35912,1,1
35921,35922,1,1
35948,35949,1,1
35976,35977,1,1
35998,35999,1,1
36043,36044,1,1
36080,36081,1,1
36158,36159,1,1
36159,36160,4,4
36197,36198,1,1
36258,36259,1,1
36262,36263,1,1
36289,36290,1,1
36326,36327,1,1
36341,36342,1,1
36524,36525,1,1
36635,36636,1,1
36706,36707,27,27
36707,36708,1,1
36716,36717,1,1
36735,36736,2,3
36855,36856,1,1
36889,36890,1,1
36890,36891,1,1
37055,37056,2,2
37071,37072,1,1
37072,37073,4,4
37135,37136,1,1
37186,37187,1,1
37254,37255,1,1
37437,37438,1,1
37620,37621,1,1
37650,37651,1,1
37802,37803,1,1
37915,37916,1,1
37984,37985,1,1
37985,37986,4,4
38102,38103,2,2
38317,38318,1,1
38319,38320,1,1
38350,38351,2,2
38356,38357,1,1
38533,38534,1,1
38715,38716,2,2
38898,38899,2,2
39080,39081,2,3
39081,39082,3,3
39082,39083,1,1
39263,39264,3,3
39264,39265,1,1
39342,39343,1,1
39372,39373,1,1
39373,39374,38,38
39446,39447,1,1
39514,39515,1,1
39535,39536,1,1
39562,39563,1,1
39628,39629,2,2
39648,39649,1,1
39770,39771,1,1
39801,39802,1,1
39994,39995,5,5
40003,40004,1,1
40167,40168,1,1
40176,40177,5,5
40177,40178,1,1
40206,40207,1,1
40227,40228,3,3
40252,40253,1,1
40295,40296,1,1
40359,40360,3,3
40417,40418,1,1
40508,40509,2,2
40512,40513,1,1
40541,40542,1,1
40542,40543,1,1
40554,40555,1,1
40665,40666,1,1
40860,40861,1,1
40861,40862,1,1
40907,40908,2,2
41006,41007,1,1
41089,41090,1,1
41129,41130,1,1
41171,41172,1,1
41273,41274,1,1
41378,41379,1,1
41437,41438,1,1
41632,41633,1,1
41637,41638,2,2
41774,41775,1,1
41786,41787,1,1
41921,41922,1,1
42002,42003,1,1
42003,42004,1,1
42354,42355,1,1
42368,42369,2,2
42427,42428,1,1
42550,42551,2,3
42644,42645,1,1
42733,42734,1,1
42958,42959,1,1
43039,43040,1,1
43065,43066,1,1
43068,43069,1,1
43098,43099,5,5
43099,43100,1,1
43174,43175,1,1
43356,43357,1,1
43398,43399,1,1
43463,43464,1,1
43464,43465,4,4
43509,43510,1,1
43646,43647,3,3
43829,43830,2,2
43904,43905,1,1
44011,44012,3,3
44102,44103,1,1
44194,44195,3,3
44195,44196,1,1
44483,44484,1,1
44488,44489,1,1
44522,44523,1,1
44526,44527,1,1
44527,44528,1,1
44533,44534,7,7
44534,44535,1,1
44559,44560,1,1
44572,44573,1,1
44614,44615,1,1
44680,44681,1,1
44729,44730,4,4
44742,44743,2,2
44924,44925,1,1
44925,44926,1,1
45290,45291,1,1
45298,45299,1,1
45299,45300,1,1
45472,45473,1,1
45654,45655,1,1
45655,45656,3,3
45838,45839,2,2
46385,46386,2,2
46386,46387,9,9
46933,46934,3,3
46972,46973,2,2
47046,47047,1,1
47080,47081,1,1
47115,47116,2,2
47116,47117,3,3
47117,47118,1,1
47298,47299,1,1
47336,47337,1,1
47481,47482,3,3
47609,47610,1,1
47663,47664,1,1
47845,47846,1,1
47846,47847,1,1
47847,47848,4,4
47871,47872,2,2
48028,48029,1,1
48211,48212,1,1
48212,48213,1,1
48311,48312,1,1
48393,48394,1,1
48395,48396,1,1
48570,48571,1,1
48577,48578,2,2
48760,48761,2,2
48942,48943,6,6
48943,48944,2,2
49124,49125,1,1
49161,49162,1,1
49228,49229,1,1
49272,49273,2,2
49278,49279,1,1
49307,49308,192,192
49334,49335,4,4
49339,49340,1,1
49340,49341,3,3
49430,49431,1,1
49486,49487,4,4
49487,49488,1,1
49490,49491,2,2
49672,49673,2,2
49673,49674,1,1
49915,49916,1,1
49968,49969,1,1
50004,50005,1,1
50038,50039,1,1
50220,50221,1,1
50221,50222,1,1
50403,50404,1,1
50404,50405,2,2
50586,50587,1,1
50768,50769,1,1
50769,50770,1,1
50896,50897,1,1
50951,50952,3,3
51134,51135,1,1
51355,51356,1,1
51417,51418,1,1
51499,51500,2,2
51565,51566,1,1
51682,51683,2,2
51864,51865,2,2
51865,51866,1,1
52047,52048,1,1
52230,52231,1,1
52412,52413,2,2
52513,52514,1,1
52594,52595,1,1
52595,52596,2,2
52719,52720,1,1
52853,52854,1,1
52906,52907,1,1
52959,52960,1,1
53142,53143,1,1
53325,53326,1,1
53326,53327,1,1
53508,53509,1,1
53873,53874,1,1
54039,54040,1,1
54056,54057,1,1
54238,54239,1,1
54421,54422,1,1
54603,54604,1,1
54716,54717,2,2
54785,54786,1,1
54786,54787,4,4
54914,54915,1,1
55334,55335,2,2
55516,55517,2,2
55653,55654,1,1
55699,55700,1,1
55700,55701,1,1
55882,55883,1,1
55961,55962,1,1
56064,56065,1,1
56065,56066,1,1
56247,56248,1,1
56360,56361,1,1
56612,56613,2,2
56647,56648,1,1
56729,56730,1,1
56750,56751,1,1
56908,56909,2,2
57134,57135,1,1
57343,57344,1,1
57525,57526,1,1
57710,57711,2,2
57891,57892,2,2
57906,57907,1,1
58074,58075,2,2
58256,58257,1,1
58438,58439,2,2
58621,58622,1,1
59168,59169,1,1
59169,59170,1,1
59534,59535,1,1
59716,59717,1,1
59717,59718,1,1
59873,59874,1,1
59900,59901,2,2
59976,59977,1,1
60082,60083,2,2
60235,60236,1,1
60265,60266,2,2
60447,60448,1,1
60925,60926,1,1
60950,60951,1,1
61327,61328,1,1
61543,61544,1,1
61726,61727,1,1
62204,62205,1,1
62309,62310,1,1
62456,62457,1,1
62713,62714,1,1
62776,62777,1,1
63188,63189,1,1
63369,63370,1,1
63552,63553,3,3
63553,63554,2,2
63690,63691,1,1
63735,63736,1,1
63844,63845,1,1
63847,63848,2,2
63858,63859,1,1
63891,63892,1,1
63913,63914,1,1
63917,63918,1,1
64282,64283,1,1
64283,64284,1,1
64465,64466,1,1
64715,64716,1,1
64868,64869,1,1
65013,65014,1,1
65195,65196,1,1
65744,65745,6,6
65926,65927,2,2
66292,66293,1,1
66462,66463,2,2
66474,66475,3,3
66475,66476,1,1
66595,66596,1,1
66717,66718,1,1
66833,66834,1,1
66839,66840,1,1
67191,67192,1,1
67317,67318,1,1
67387,67388,1,1
67742,67743,1,1
67935,67936,3,3
68072,68073,1,1
68118,68119,1,1
68483,68484,2,2
68664,68665,1,1
68666,68667,2,2
68681,68682,1,1
68848,68849,1,1
69213,69214,2,2
69396,69397,3,3
69565,69566,1,1
69578,69579,1,1
69707,69708,1,1
69761,69762,1,1
69867,69868,1,1
70126,70127,4,4
70309,70310,1,1
70492,70493,1,1
70649,70650,1,1
70674,70675,2,2
70857,70858,1,1
71222,71223,2,2
71587,71588,1,1
71700,71701,1,1
71770,71771,3,3
71842,71843,1,1
72328,72329,1,1
72355,72356,1,1
72482,72483,2,2
73080,73081,1,1
73231,73232,1,1
73414,73415,7,7
73470,73471,1,1
73961,73962,1,1
74144,74145,2,2
74509,74510,1,1
74661,74662,1,1
74692,74693,1,1
74695,74696,1,1
74875,74876,1,1
75055,75056,1,1
75057,75058,2,2
75970,75971,2,2
76335,76336,5,5
76518,76519,1,1
76701,76702,2,2
77053,77054,1,1
77066,77067,1,1
77088,77089,1,1
77183,77184,1,1
77431,77432,1,1
77797,77798,1,1
78344,78345,1,1
78428,78429,1,1
78709,78710,2,2
78892,78893,2,2
78959,78960,2,2
79075,79076,1,1
79189,79190,1,1
79257,79258,1,1
79640,79641,1,1
80171,80172,1,1
80718,80719,1,1
80901,80902,1,1
81050,81051,1,1
81287,81288,2,2
81815,81816,1,1
82628,82629,1,1
82727,82728,1,1
83339,83340,1,1
84005,84006,1,1
84006,84007,1,1
84061,84062,1,1
84188,84189,1,1
84372,84373,1,1
84553,84554,1,1
85284,85285,1,1
85649,85650,1,1
85831,85832,1,1
86592,86593,1,1
87475,87476,1,1
87840,87841,1,1
88388,88389,1,1
88754,88755,1,1
89301,89302,1,1
89666,89667,1,1
89849,89850,2,2
90215,90216,1,1
90580,90581,1,1
91309,91310,1,1
91310,91311,1,1
91311,91312,1,1
91493,91494,1,1
92223,92224,1,1
92224,92225,1,1
92407,92408,1,1
92772,92773,1,1
92791,92792,1,1
92954,92955,2,2
92972,92973,1,1
94058,94059,1,1
94598,94599,1,1
94780,94781,1,1
94962,94963,1,1
95145,95146,1,1
95457,95458,1,1
96059,96060,1,2
96130,96131,1,1
96424,96425,1,1
96606,96607,1,1
96607,96608,1,1
97563,97564,1,1
98432,98433,1,1
98615,98616,1,1
98797,98798,1,1
98798,98799,1,1
98998,98999,1,1
99174,99175,2,2
99181,99182,14,14
99341,99342,1,1
99527,99528,1,1
100072,100073,1,1
100258,100259,1,1
100441,100442,1,1
100799,100800,1,1
101902,101903,1,1
101903,101904,1,1
102158,102159,1,1
102312,102313,1,1
103411,103412,1,1
105737,105738,1,1
105920,105921,1,1
106833,106834,1,1
107564,107565,1,2
107929,107930,1,1
108128,108129,1,1
108522,108523,1,1
109755,109756,1,1
109872,109873,1,1
110111,110112,1,1
110603,110604,1,1
110668,110669,1,1
111033,111034,1,1
111824,111825,1,1
112129,112130,2,2
112997,112998,1,1
113590,113591,1,1
113813,113814,1,1
113950,113951,1,1
114503,114504,1,1
115234,115235,1,1
115416,115417,1,1
115964,115965,2,2
116828,116829,1,1
117485,117486,1,1
117607,117608,1,1
117790,117791,1,1
117973,117974,1,1
118155,118156,2,2
118886,118887,1,1
119982,119983,1,1
120166,120167,1,1
120347,120348,1,1
120712,120713,1,1
121260,121261,1,1
121808,121809,1,1
121955,121956,1,1
122174,122175,1,1
123269,123270,2,2
123516,123517,1,1
123817,123818,1,1
124365,124366,1,1
124933,124934,1,1
125826,125827,1,1
126373,126374,1,1
126374,126375,1,1
127104,127105,1,1
128017,128018,2,2
129295,129296,1,1
129553,129554,1,1
129660,129661,1,1
130296,130297,1,1
131670,131671,1,1
132804,132805,1,1
132851,132852,1,1
133131,133132,1,2
133534,133535,1,1
134409,134410,1,1
136052,136053,1,1
136235,136236,2,2
136601,136602,1,1
137331,137332,1,1
137514,137515,1,1
138244,138245,1,1
140253,140254,1,1
140983,140984,1,2
142079,142080,1,1
142262,142263,1,1
142444,142445,1,1
142504,142505,1,1
142810,142811,1,1
143540,143541,1,1
145366,145367,1,1
146890,146891,1,1
148479,148480,2,2
149186,149187,1,1
149932,149933,1,1
150297,150298,1,1
150540,150541,1,1
150662,150663,1,1
152286,152287,1,1
152468,152469,1,1
153949,153950,1,1
154497,154498,1,1
155045,155046,1,1
155218,155219,1,1
157153,157154,1,1
157245,157246,1,1
157280,157281,1,1
157741,157742,1,1
158698,158699,1,1
159611,159612,1,1
159794,159795,1,1
162350,162351,1,1
163192,163193,1,1
163446,163447,1,1
165272,165273,1,1
165755,165756,1,1
165819,165820,1,1
165820,165821,1,1
166002,166003,1,1
167281,167282,1,1
169042,169043,1,1
170021,170022,1,1
170048,170049,1,1
172759,172760,1,1
176800,176801,1,1
179699,179700,1,1
180247,180248,1,1
180429,180430,1,1
183629,183630,1,1
187458,187459,1,1
189873,189874,1,1
189926,189927,1,1
191752,191753,1,1
194308,194309,1,1
205265,205266,1,1
209909,209910,1,1
211292,211293,1,1
213667,213668,1,1
215676,215677,1,1
217502,217503,1,1
218694,218695,2,2
227399,227400,1,1
229190,229191,1,1
249826,249827,1,1
264983,264984,1,1
278862,278863,1,1
278999,279000,1,1
286533,286534,1,1
315047,315048,1,1
332355,332356,1,1
342962,342963,1,1
349114,349115,1,1
354650,354651,2,2
365348,365349,1,1
1316334,1316335,1,1
